# Blender 4.1.1
# www.blender.org
v 3202.264564 4862.443031 1034.050049
v 2663.405029 5120.499512 1034.050049
v 3843.719482 4219.462402 1034.050049
v 4092.414062 3686.963379 1034.050049
v 4092.414062 0.000000 1034.050049
v 2663.405029 4363.341309 2068.110107
v 0.000000 4363.341309 2068.111816
v 3336.185547 3686.963379 2068.110107
v 3336.185547 0.000000 2068.110107
v 0.000000 5118.149902 -0.011826
v 2668.390137 4821.990234 -24.312176
v 3714.828125 3848.449707 -24.312176
v 3716.480957 0.000000 -24.312176
v 2663.405029 5122.105469 323.794647
v 898.603149 5118.171875 346.795135
v 0.000000 5344.149414 649.653442
v 0.000000 5344.127441 -0.011826
v 0.000000 5812.941895 15.746593
v 0.000000 5843.420898 495.584167
v 0.000000 5893.467773 55.102730
v 0.000000 5940.804688 101.576805
v 0.000000 5974.788086 153.756714
v 0.000000 5994.385742 210.056976
v 0.000000 5999.001465 268.766876
v 0.000000 5988.495605 328.102692
v 0.000000 5963.186523 386.261475
v 0.000000 5923.844238 441.476013
v 0.000000 5118.171875 651.623230
v 826.396179 5118.171875 651.623230
v 898.603149 5118.171875 579.413391
v 969.172363 5118.171875 666.915344
v 841.734680 5118.171875 648.498352
v 855.894348 5118.171875 641.824158
v 868.620178 5118.171875 632.708496
v 879.689026 5118.171875 621.639282
v 888.804443 5118.171875 608.912903
v 895.478271 5118.171875 594.752625
v 759.319458 5120.400879 -0.011826
v 879.533386 5124.199219 56.856632
v 872.257996 5124.344727 42.696953
v 855.281189 5124.081543 29.971027
v 830.213806 5123.463379 18.902206
v 777.613220 5121.506836 3.112984
v 898.603149 5332.954102 577.541199
v 826.396179 5344.149414 649.653442
v 895.478271 5335.332031 592.859741
v 888.804443 5337.527344 607.000854
v 879.689026 5339.500977 619.709961
v 868.620178 5341.216797 630.764221
v 855.894348 5342.629883 639.867676
v 841.734680 5343.665039 646.532776
v 898.603149 5342.511719 72.186852
v 795.362976 5344.147461 -0.011826
v 895.478333 5342.859863 56.850052
v 888.804504 5343.180664 42.691994
v 877.441711 5343.468750 29.967594
v 859.106995 5343.719727 18.900013
v 836.895020 5343.925781 9.785748
v 814.351746 5344.077148 3.112602
v 898.603149 5795.119141 87.394524
v 826.396362 5812.961914 15.746593
v 895.478455 5798.909668 72.174644
v 888.804626 5802.409180 58.124542
v 879.689331 5805.553223 45.497227
v 868.620483 5808.289062 34.514046
v 855.894653 5810.541016 25.469303
v 841.735107 5812.190430 18.847084
v 826.396179 5843.420898 495.584167
v 898.603149 5811.951660 429.728363
v 841.734680 5842.059082 492.734344
v 855.894348 5839.150391 486.647522
v 868.620178 5835.177734 478.333862
v 879.689026 5830.353516 468.238647
v 888.804443 5824.807129 456.632141
v 895.478271 5818.636230 443.717957
v 826.396179 5923.845215 441.476013
v 898.603149 5872.653809 388.889069
v 841.734680 5921.629883 439.200317
v 855.894348 5916.898438 434.339844
v 868.620178 5910.436035 427.701324
v 879.689026 5902.588867 419.640076
v 888.804443 5893.566406 410.372162
v 895.478271 5883.528320 400.059875
v 826.396301 5963.188965 386.261475
v 898.603149 5899.996094 350.516663
v 841.734863 5960.454102 384.714569
v 855.894470 5954.613281 381.410797
v 868.620422 5946.636230 376.898376
v 879.689148 5936.949219 371.418945
v 888.804504 5925.811523 365.119232
v 895.478333 5913.419922 358.109772
v 826.396301 5988.498535 328.102692
v 898.603149 5918.886230 307.111023
v 841.734863 5985.486816 327.194366
v 855.894470 5979.052734 325.254150
v 868.620422 5970.264648 322.604187
v 879.689148 5959.593750 319.386353
v 888.804504 5947.325195 315.686707
v 895.478333 5933.673828 311.570251
v 826.396301 5999.006836 268.766876
v 898.603149 5926.301270 265.241150
v 841.734863 5995.860840 268.614288
v 855.894470 5989.140625 268.288422
v 868.620422 5979.961914 267.843353
v 879.689148 5968.817383 267.302887
v 888.804504 5956.003418 266.681488
v 895.478333 5941.745605 265.990112
v 826.396362 5994.394043 210.056976
v 898.603149 5923.139160 224.996475
v 841.735107 5991.310547 210.703461
v 855.894653 5984.724609 212.084290
v 868.620483 5975.729492 213.970276
v 879.689331 5964.806641 216.260345
v 888.804626 5952.248535 218.893341
v 895.478455 5938.275879 221.822937
v 826.396362 5974.799316 153.756714
v 898.603149 5909.495117 185.793121
v 841.735107 5971.973145 155.143158
v 855.894653 5965.937500 158.104324
v 868.620483 5957.693359 162.148468
v 879.689331 5947.682617 167.059509
v 888.804626 5936.173340 172.705658
v 895.478455 5923.367188 178.987885
v 826.396362 5940.819336 101.576805
v 898.603149 5884.610840 147.580719
v 841.735107 5938.387207 103.567413
v 855.894653 5933.191895 107.819366
v 868.620483 5926.096191 113.627052
v 879.689331 5917.479980 120.679001
v 888.804626 5907.573730 128.786850
v 895.478455 5896.551758 137.808044
v 898.603149 5851.256836 114.832306
v 826.396362 5893.485352 55.102730
v 895.478455 5860.227539 102.144432
v 888.804626 5868.508301 90.431503
v 879.689331 5875.951172 79.904747
v 868.620483 5882.424316 70.748520
v 855.894653 5887.754883 63.208389
v 841.735107 5891.658203 57.687759
v 2789.424561 4830.860840 -14.991924
v 3212.805664 4872.318359 257.372772
v 2876.816162 4835.581055 -9.848602
v 2962.280029 4843.147461 10.940956
v 3047.477295 4858.960938 45.184498
v 3121.408447 4874.919922 89.794403
v 3173.858887 4881.080078 141.568100
v 3204.322754 4878.528320 196.790527
v 2663.405029 5126.416992 246.423218
v 2667.359863 4889.056152 -17.126442
v 2663.576172 5119.926758 181.727112
v 2665.151785 5108.265653 122.848106
v 2666.315020 5082.106393 68.869646
v 2666.305207 5042.332183 30.112143
v 2665.744141 4993.168945 7.378699
v 2666.519775 4943.481934 -11.731311
v 3857.353271 4231.867676 257.362579
v 3705.804443 3917.566650 -11.432986
v 3860.731445 4226.784180 196.418900
v 3854.988525 4204.567871 138.874847
v 3837.006348 4165.208984 86.460251
v 3806.635010 4110.494141 42.384739
v 3770.450928 4047.337402 9.745651
v 3736.187256 3982.666016 -8.542113
v 3765.160400 3815.971436 -2.004562
v 4096.347257 3686.963379 254.463565
v 3849.671875 3788.566895 2.009112
v 3923.709473 3763.268555 8.855188
v 3987.092529 3740.531982 32.706371
v 4032.487061 3720.756104 73.821152
v 4062.606445 3704.469971 125.898041
v 4085.658090 3692.546143 186.234125
v 4098.399217 0.000050 274.785772
v 3770.534912 0.000000 -0.114293
v 4091.662245 0.000036 208.066115
v 4069.333153 0.000025 143.336058
v 4033.492676 0.000000 90.674316
v 3987.974609 0.000000 44.654621
v 3925.397949 0.000000 14.959343
v 3852.734863 0.000000 2.974141
v 914.933411 4970.972656 -24.312176
v 883.661560 5123.604980 72.195244
v 802.691284 5122.570312 9.786701
v 915.815918 5016.298828 3.114414
v 914.792603 5043.178711 9.787941
v 911.328430 5062.870117 18.902969
v 906.501953 5080.712891 29.971504
v 900.821960 5098.585938 42.697144
v 893.813599 5115.291992 56.856728
v 1817.107544 4868.834961 -24.312176
v 1817.107544 5119.858424 153.626213
v 1817.107544 4924.490234 -9.436056
v 1817.107544 4970.997070 -0.728002
v 1817.107544 5010.994629 13.937407
v 1817.107544 5051.670361 28.553792
v 1817.107544 5083.848410 59.123517
v 1817.107544 5108.635687 99.998764
v 1393.958862 5119.858428 153.626258
v 1393.958862 4867.610352 -24.312176
v 1393.958862 5108.635694 99.998785
v 1393.958862 5083.848424 59.123533
v 1393.958862 5051.631563 28.521773
v 1393.958862 5010.637695 14.006514
v 1393.958862 4970.259766 -0.577867
v 1393.958862 4923.414062 -9.230421
v 2240.256348 5119.858486 153.626832
v 2240.256348 4839.324707 -24.312176
v 2240.256348 5108.635837 99.999244
v 2240.256348 5083.848598 59.123744
v 2240.256348 5050.740456 27.786361
v 2240.256348 5002.385254 15.651739
v 2240.256348 4953.241211 2.989343
v 2240.256348 4898.559082 -4.506360
v 3208.112305 4868.327637 1472.680420
v 2751.885010 4445.266113 2068.110352
v 3195.985897 4857.345761 1615.682641
v 3160.783205 4825.067295 1763.810248
v 3110.399658 4777.610352 1875.880859
v 3053.866211 4725.202637 1944.594238
v 2991.596085 4668.091618 1993.414453
v 2918.513540 4600.370851 2030.606877
v 2835.508057 4522.693848 2047.285034
v 2663.405029 4488.957031 2068.110352
v 2663.405029 5120.499512 1466.677490
v 2663.405029 4606.430664 2056.343994
v 2663.405029 4720.775879 2037.617676
v 2663.405029 4829.811035 2003.849854
v 2663.405029 4929.287598 1941.859253
v 2663.405029 5014.701236 1844.491761
v 2664.405661 5078.358484 1722.109692
v 2663.950599 5109.462257 1589.572000
v 3422.526611 3777.551758 2068.111816
v 3851.792969 4227.573242 1472.683716
v 3501.118408 3860.009033 2047.286255
v 3579.865681 3941.915724 2029.930714
v 3648.546049 4013.979271 1992.217390
v 3706.594727 4075.405762 1944.284790
v 3759.771729 4131.163574 1875.881226
v 3806.479574 4179.659620 1762.802288
v 3839.091353 4213.858824 1615.454331
v 4105.864746 3686.963623 1471.025146
v 3465.759277 3686.963379 2068.111816
v 4097.867676 3686.964355 1587.676636
v 4066.326796 3686.964353 1702.772275
v 4027.965820 3686.964355 1813.775269
v 3961.601318 3686.963623 1906.486938
v 3842.040482 3687.807000 1972.160825
v 3704.909554 3688.073726 2029.816622
v 3582.688965 3686.963379 2047.286255
v 3466.729248 0.000000 2068.111816
v 4105.867676 0.000000 1471.025146
v 3583.477783 0.000000 2047.286255
v 3706.366121 -0.000336 2032.128686
v 3844.230479 -0.000332 1975.139936
v 3961.936523 0.000000 1906.490112
v 4028.200928 0.000000 1813.775269
v 4066.338597 -0.000332 1702.734893
v 4097.902832 0.000000 1587.677490
v 0.000000 5120.500000 1466.677490
v 0.000000 4490.025879 2068.111816
v 0.000000 5115.033526 1590.158180
v 0.000000 5083.797997 1723.779434
v 0.000000 5014.784231 1844.391785
v 0.000000 4929.653320 1941.859863
v 0.000000 4830.341797 2003.873413
v 0.000000 4721.483398 2037.685181
v 0.000000 4607.305664 2056.420166
v 0.000000 1714.003540 2068.109375
v 672.683655 1037.625366 2068.111084
v 0.000000 688.391602 2068.109375
v 672.683655 0.000000 2068.111084
v 0.000000 0.000000 2068.111084
v 3435.085693 4454.386719 1875.880981
v -3202.264564 4862.443031 1034.050049
v -2663.405029 5120.499512 1034.050049
v -3843.719482 4219.462402 1034.050049
v -4092.414062 3686.963379 1034.050049
v -4092.414062 0.000000 1034.050049
v -2663.405029 4363.341309 2068.110107
v -3336.185547 3686.963379 2068.110107
v -3336.185547 0.000000 2068.110107
v -2668.390137 4821.990234 -24.312176
v -3714.828125 3848.449707 -24.312176
v -3716.480957 0.000000 -24.312176
v -2663.405029 5122.105469 323.794647
v -898.603149 5118.171875 346.795135
v -826.396179 5118.171875 651.623230
v -898.603149 5118.171875 579.413391
v -969.172363 5118.171875 666.915344
v -841.734680 5118.171875 648.498352
v -855.894348 5118.171875 641.824158
v -868.620178 5118.171875 632.708496
v -879.689026 5118.171875 621.639282
v -888.804443 5118.171875 608.912903
v -895.478271 5118.171875 594.752625
v -759.319458 5120.400879 -0.011826
v -879.533386 5124.199219 56.856632
v -872.257996 5124.344727 42.696953
v -855.281189 5124.081543 29.971027
v -830.213806 5123.463379 18.902206
v -777.613220 5121.506836 3.112984
v -898.603149 5332.954102 577.541199
v -826.396179 5344.149414 649.653442
v -895.478271 5335.332031 592.859741
v -888.804443 5337.527344 607.000854
v -879.689026 5339.500977 619.709961
v -868.620178 5341.216797 630.764221
v -855.894348 5342.629883 639.867676
v -841.734680 5343.665039 646.532776
v -898.603149 5342.511719 72.186852
v -795.362976 5344.147461 -0.011826
v -895.478333 5342.859863 56.850052
v -888.804504 5343.180664 42.691994
v -877.441711 5343.468750 29.967594
v -859.106995 5343.719727 18.900013
v -836.895020 5343.925781 9.785748
v -814.351746 5344.077148 3.112602
v -898.603149 5795.119141 87.394524
v -826.396362 5812.961914 15.746593
v -895.478455 5798.909668 72.174644
v -888.804626 5802.409180 58.124542
v -879.689331 5805.553223 45.497227
v -868.620483 5808.289062 34.514046
v -855.894653 5810.541016 25.469303
v -841.735107 5812.190430 18.847084
v -826.396179 5843.420898 495.584167
v -898.603149 5811.951660 429.728363
v -841.734680 5842.059082 492.734344
v -855.894348 5839.150391 486.647522
v -868.620178 5835.177734 478.333862
v -879.689026 5830.353516 468.238647
v -888.804443 5824.807129 456.632141
v -895.478271 5818.636230 443.717957
v -826.396179 5923.845215 441.476013
v -898.603149 5872.653809 388.889069
v -841.734680 5921.629883 439.200317
v -855.894348 5916.898438 434.339844
v -868.620178 5910.436035 427.701324
v -879.689026 5902.588867 419.640076
v -888.804443 5893.566406 410.372162
v -895.478271 5883.528320 400.059875
v -826.396301 5963.188965 386.261475
v -898.603149 5899.996094 350.516663
v -841.734863 5960.454102 384.714569
v -855.894470 5954.613281 381.410797
v -868.620422 5946.636230 376.898376
v -879.689148 5936.949219 371.418945
v -888.804504 5925.811523 365.119232
v -895.478333 5913.419922 358.109772
v -826.396301 5988.498535 328.102692
v -898.603149 5918.886230 307.111023
v -841.734863 5985.486816 327.194366
v -855.894470 5979.052734 325.254150
v -868.620422 5970.264648 322.604187
v -879.689148 5959.593750 319.386353
v -888.804504 5947.325195 315.686707
v -895.478333 5933.673828 311.570251
v -826.396301 5999.006836 268.766876
v -898.603149 5926.301270 265.241150
v -841.734863 5995.860840 268.614288
v -855.894470 5989.140625 268.288422
v -868.620422 5979.961914 267.843353
v -879.689148 5968.817383 267.302887
v -888.804504 5956.003418 266.681488
v -895.478333 5941.745605 265.990112
v -826.396362 5994.394043 210.056976
v -898.603149 5923.139160 224.996475
v -841.735107 5991.310547 210.703461
v -855.894653 5984.724609 212.084290
v -868.620483 5975.729492 213.970276
v -879.689331 5964.806641 216.260345
v -888.804626 5952.248535 218.893341
v -895.478455 5938.275879 221.822937
v -826.396362 5974.799316 153.756714
v -898.603149 5909.495117 185.793121
v -841.735107 5971.973145 155.143158
v -855.894653 5965.937500 158.104324
v -868.620483 5957.693359 162.148468
v -879.689331 5947.682617 167.059509
v -888.804626 5936.173340 172.705658
v -895.478455 5923.367188 178.987885
v -826.396362 5940.819336 101.576805
v -898.603149 5884.610840 147.580719
v -841.735107 5938.387207 103.567413
v -855.894653 5933.191895 107.819366
v -868.620483 5926.096191 113.627052
v -879.689331 5917.479980 120.679001
v -888.804626 5907.573730 128.786850
v -895.478455 5896.551758 137.808044
v -898.603149 5851.256836 114.832306
v -826.396362 5893.485352 55.102730
v -895.478455 5860.227539 102.144432
v -888.804626 5868.508301 90.431503
v -879.689331 5875.951172 79.904747
v -868.620483 5882.424316 70.748520
v -855.894653 5887.754883 63.208389
v -841.735107 5891.658203 57.687759
v -2789.424561 4830.860840 -14.991924
v -3212.805664 4872.318359 257.372772
v -2876.816162 4835.581055 -9.848602
v -2962.280029 4843.147461 10.940956
v -3047.477295 4858.960938 45.184498
v -3121.408447 4874.919922 89.794403
v -3173.858887 4881.080078 141.568100
v -3204.322754 4878.528320 196.790527
v -2663.405029 5126.416992 246.423218
v -2667.359863 4889.056152 -17.126442
v -2663.576172 5119.926758 181.727112
v -2665.151785 5108.265653 122.848106
v -2666.315020 5082.106393 68.869646
v -2666.305207 5042.332183 30.112143
v -2665.744141 4993.168945 7.378699
v -2666.519775 4943.481934 -11.731311
v -3857.353271 4231.867676 257.362579
v -3705.804443 3917.566650 -11.432986
v -3860.731445 4226.784180 196.418900
v -3854.988525 4204.567871 138.874847
v -3837.006348 4165.208984 86.460251
v -3806.635010 4110.494141 42.384739
v -3770.450928 4047.337402 9.745651
v -3736.187256 3982.666016 -8.542113
v -3765.160400 3815.971436 -2.004562
v -4096.347257 3686.963379 254.463565
v -3849.671875 3788.566895 2.009112
v -3923.709473 3763.268555 8.855188
v -3987.092529 3740.531982 32.706371
v -4032.487061 3720.756104 73.821152
v -4062.606445 3704.469971 125.898041
v -4085.658090 3692.546143 186.234125
v -4098.399217 0.000050 274.785772
v -3770.534912 0.000000 -0.114293
v -4091.662245 0.000036 208.066115
v -4069.333153 0.000025 143.336058
v -4033.492676 0.000000 90.674316
v -3987.974609 0.000000 44.654621
v -3925.397949 0.000000 14.959343
v -3852.734863 0.000000 2.974141
v -914.933411 4970.972656 -24.312176
v -883.661560 5123.604980 72.195244
v -802.691284 5122.570312 9.786701
v -915.815918 5016.298828 3.114414
v -914.792603 5043.178711 9.787941
v -911.328430 5062.870117 18.902969
v -906.501953 5080.712891 29.971504
v -900.821960 5098.585938 42.697144
v -893.813599 5115.291992 56.856728
v -1817.107544 4868.834961 -24.312176
v -1817.107544 5119.858424 153.626213
v -1817.107544 4924.490234 -9.436056
v -1817.107544 4970.997070 -0.728002
v -1817.107544 5010.994629 13.937407
v -1817.107544 5051.670361 28.553792
v -1817.107544 5083.848410 59.123517
v -1817.107544 5108.635687 99.998764
v -1393.958862 5119.858428 153.626258
v -1393.958862 4867.610352 -24.312176
v -1393.958862 5108.635694 99.998785
v -1393.958862 5083.848424 59.123533
v -1393.958862 5051.631563 28.521773
v -1393.958862 5010.637695 14.006514
v -1393.958862 4970.259766 -0.577867
v -1393.958862 4923.414062 -9.230421
v -2240.256348 5119.858486 153.626832
v -2240.256348 4839.324707 -24.312176
v -2240.256348 5108.635837 99.999244
v -2240.256348 5083.848598 59.123744
v -2240.256348 5050.740456 27.786361
v -2240.256348 5002.385254 15.651739
v -2240.256348 4953.241211 2.989343
v -2240.256348 4898.559082 -4.506360
v -3208.112305 4868.327637 1472.680420
v -2751.885010 4445.266113 2068.110352
v -3195.985897 4857.345761 1615.682641
v -3160.783205 4825.067295 1763.810248
v -3110.399658 4777.610352 1875.880859
v -3053.866211 4725.202637 1944.594238
v -2991.596085 4668.091618 1993.414453
v -2918.513540 4600.370851 2030.606877
v -2835.508057 4522.693848 2047.285034
v -2663.405029 4488.957031 2068.110352
v -2663.405029 5120.499512 1466.677490
v -2663.405029 4606.430664 2056.343994
v -2663.405029 4720.775879 2037.617676
v -2663.405029 4829.811035 2003.849854
v -2663.405029 4929.287598 1941.859253
v -2663.405029 5014.701236 1844.491761
v -2664.405661 5078.358484 1722.109692
v -2663.950599 5109.462257 1589.572000
v -3422.526611 3777.551758 2068.111816
v -3851.792969 4227.573242 1472.683716
v -3501.118408 3860.009033 2047.286255
v -3579.865681 3941.915724 2029.930714
v -3648.546049 4013.979271 1992.217390
v -3706.594727 4075.405762 1944.284790
v -3759.771729 4131.163574 1875.881226
v -3806.479574 4179.659620 1762.802288
v -3839.091353 4213.858824 1615.454331
v -4105.864746 3686.963623 1471.025146
v -3465.759277 3686.963379 2068.111816
v -4097.867676 3686.964355 1587.676636
v -4066.326796 3686.964353 1702.772275
v -4027.965820 3686.964355 1813.775269
v -3961.601318 3686.963623 1906.486938
v -3842.040482 3687.807000 1972.160825
v -3704.909554 3688.073726 2029.816622
v -3582.688965 3686.963379 2047.286255
v -3466.729248 0.000000 2068.111816
v -4105.867676 0.000000 1471.025146
v -3583.477783 0.000000 2047.286255
v -3706.366121 -0.000336 2032.128686
v -3844.230479 0.000332 1975.139936
v -3961.936523 0.000000 1906.490112
v -4028.200928 0.000000 1813.775269
v -4066.338597 -0.000332 1702.734893
v -4097.902832 0.000000 1587.677490
v -672.683655 1037.625366 2068.111084
v -672.683655 0.000000 2068.111084
v -3435.085693 4454.386719 1875.880981
v 3202.264564 -4862.443031 1034.050049
v 2663.405029 -5120.499512 1034.050049
v 3843.719482 -4219.462402 1034.050049
v 4092.414062 -3686.963379 1034.050049
v 2663.405029 -4363.341309 2068.110107
v 0.000000 -4363.341309 2068.111816
v 3336.185547 -3686.963379 2068.110107
v 0.000000 -5118.149902 -0.011826
v 2668.390137 -4821.990234 -24.312176
v 3714.828125 -3848.449707 -24.312176
v 2663.405029 -5122.105469 323.794647
v 898.603149 -5118.171875 346.795135
v 0.000000 -5344.149414 649.653442
v 0.000000 -5344.127441 -0.011826
v 0.000000 -5812.941895 15.746593
v 0.000000 -5843.420898 495.584167
v 0.000000 -5893.467773 55.102730
v 0.000000 -5940.804688 101.576805
v 0.000000 -5974.788086 153.756714
v 0.000000 -5994.385742 210.056976
v 0.000000 -5999.001465 268.766876
v 0.000000 -5988.495605 328.102692
v 0.000000 -5963.186523 386.261475
v 0.000000 -5923.844238 441.476013
v 0.000000 -5118.171875 651.623230
v 826.396179 -5118.171875 651.623230
v 898.603149 -5118.171875 579.413391
v 969.172363 -5118.171875 666.915344
v 841.734680 -5118.171875 648.498352
v 855.894348 -5118.171875 641.824158
v 868.620178 -5118.171875 632.708496
v 879.689026 -5118.171875 621.639282
v 888.804443 -5118.171875 608.912903
v 895.478271 -5118.171875 594.752625
v 759.319458 -5120.400879 -0.011826
v 879.533386 -5124.199219 56.856632
v 872.257996 -5124.344727 42.696953
v 855.281189 -5124.081543 29.971027
v 830.213806 -5123.463379 18.902206
v 777.613220 -5121.506836 3.112984
v 898.603149 -5332.954102 577.541199
v 826.396179 -5344.149414 649.653442
v 895.478271 -5335.332031 592.859741
v 888.804443 -5337.527344 607.000854
v 879.689026 -5339.500977 619.709961
v 868.620178 -5341.216797 630.764221
v 855.894348 -5342.629883 639.867676
v 841.734680 -5343.665039 646.532776
v 898.603149 -5342.511719 72.186852
v 795.362976 -5344.147461 -0.011826
v 895.478333 -5342.859863 56.850052
v 888.804504 -5343.180664 42.691994
v 877.441711 -5343.468750 29.967594
v 859.106995 -5343.719727 18.900013
v 836.895020 -5343.925781 9.785748
v 814.351746 -5344.077148 3.112602
v 898.603149 -5795.119141 87.394524
v 826.396362 -5812.961914 15.746593
v 895.478455 -5798.909668 72.174644
v 888.804626 -5802.409180 58.124542
v 879.689331 -5805.553223 45.497227
v 868.620483 -5808.289062 34.514046
v 855.894653 -5810.541016 25.469303
v 841.735107 -5812.190430 18.847084
v 826.396179 -5843.420898 495.584167
v 898.603149 -5811.951660 429.728363
v 841.734680 -5842.059082 492.734344
v 855.894348 -5839.150391 486.647522
v 868.620178 -5835.177734 478.333862
v 879.689026 -5830.353516 468.238647
v 888.804443 -5824.807129 456.632141
v 895.478271 -5818.636230 443.717957
v 826.396179 -5923.845215 441.476013
v 898.603149 -5872.653809 388.889069
v 841.734680 -5921.629883 439.200317
v 855.894348 -5916.898438 434.339844
v 868.620178 -5910.436035 427.701324
v 879.689026 -5902.588867 419.640076
v 888.804443 -5893.566406 410.372162
v 895.478271 -5883.528320 400.059875
v 826.396301 -5963.188965 386.261475
v 898.603149 -5899.996094 350.516663
v 841.734863 -5960.454102 384.714569
v 855.894470 -5954.613281 381.410797
v 868.620422 -5946.636230 376.898376
v 879.689148 -5936.949219 371.418945
v 888.804504 -5925.811523 365.119232
v 895.478333 -5913.419922 358.109772
v 826.396301 -5988.498535 328.102692
v 898.603149 -5918.886230 307.111023
v 841.734863 -5985.486816 327.194366
v 855.894470 -5979.052734 325.254150
v 868.620422 -5970.264648 322.604187
v 879.689148 -5959.593750 319.386353
v 888.804504 -5947.325195 315.686707
v 895.478333 -5933.673828 311.570251
v 826.396301 -5999.006836 268.766876
v 898.603149 -5926.301270 265.241150
v 841.734863 -5995.860840 268.614288
v 855.894470 -5989.140625 268.288422
v 868.620422 -5979.961914 267.843353
v 879.689148 -5968.817383 267.302887
v 888.804504 -5956.003418 266.681488
v 895.478333 -5941.745605 265.990112
v 826.396362 -5994.394043 210.056976
v 898.603149 -5923.139160 224.996475
v 841.735107 -5991.310547 210.703461
v 855.894653 -5984.724609 212.084290
v 868.620483 -5975.729492 213.970276
v 879.689331 -5964.806641 216.260345
v 888.804626 -5952.248535 218.893341
v 895.478455 -5938.275879 221.822937
v 826.396362 -5974.799316 153.756714
v 898.603149 -5909.495117 185.793121
v 841.735107 -5971.973145 155.143158
v 855.894653 -5965.937500 158.104324
v 868.620483 -5957.693359 162.148468
v 879.689331 -5947.682617 167.059509
v 888.804626 -5936.173340 172.705658
v 895.478455 -5923.367188 178.987885
v 826.396362 -5940.819336 101.576805
v 898.603149 -5884.610840 147.580719
v 841.735107 -5938.387207 103.567413
v 855.894653 -5933.191895 107.819366
v 868.620483 -5926.096191 113.627052
v 879.689331 -5917.479980 120.679001
v 888.804626 -5907.573730 128.786850
v 895.478455 -5896.551758 137.808044
v 898.603149 -5851.256836 114.832306
v 826.396362 -5893.485352 55.102730
v 895.478455 -5860.227539 102.144432
v 888.804626 -5868.508301 90.431503
v 879.689331 -5875.951172 79.904747
v 868.620483 -5882.424316 70.748520
v 855.894653 -5887.754883 63.208389
v 841.735107 -5891.658203 57.687759
v 2789.424561 -4830.860840 -14.991924
v 3212.805664 -4872.318359 257.372772
v 2876.816162 -4835.581055 -9.848602
v 2962.280029 -4843.147461 10.940956
v 3047.477295 -4858.960938 45.184498
v 3121.408447 -4874.919922 89.794403
v 3173.858887 -4881.080078 141.568100
v 3204.322754 -4878.528320 196.790527
v 2663.405029 -5126.416992 246.423218
v 2667.359863 -4889.056152 -17.126442
v 2663.576172 -5119.926758 181.727112
v 2665.151785 -5108.265653 122.848106
v 2666.315020 -5082.106393 68.869646
v 2666.305207 -5042.332183 30.112143
v 2665.744141 -4993.168945 7.378699
v 2666.519775 -4943.481934 -11.731311
v 3857.353271 -4231.867676 257.362579
v 3705.804443 -3917.566650 -11.432986
v 3860.731445 -4226.784180 196.418900
v 3854.988525 -4204.567871 138.874847
v 3837.006348 -4165.208984 86.460251
v 3806.635010 -4110.494141 42.384739
v 3770.450928 -4047.337402 9.745651
v 3736.187256 -3982.666016 -8.542113
v 3765.160400 -3815.971436 -2.004562
v 4096.347257 -3686.963379 254.463565
v 3849.671875 -3788.566895 2.009112
v 3923.709473 -3763.268555 8.855188
v 3987.092529 -3740.531982 32.706371
v 4032.487061 -3720.756104 73.821152
v 4062.606445 -3704.469971 125.898041
v 4085.658090 -3692.546143 186.234125
v 914.933411 -4970.972656 -24.312176
v 883.661560 -5123.604980 72.195244
v 802.691284 -5122.570312 9.786701
v 915.815918 -5016.298828 3.114414
v 914.792603 -5043.178711 9.787941
v 911.328430 -5062.870117 18.902969
v 906.501953 -5080.712891 29.971504
v 900.821960 -5098.585938 42.697144
v 893.813599 -5115.291992 56.856728
v 1817.107544 -4868.834961 -24.312176
v 1817.107544 -5119.858424 153.626213
v 1817.107544 -4924.490234 -9.436056
v 1817.107544 -4970.997070 -0.728002
v 1817.107544 -5010.994629 13.937407
v 1817.107544 -5051.670361 28.553792
v 1817.107544 -5083.848410 59.123517
v 1817.107544 -5108.635687 99.998764
v 1393.958862 -5119.858428 153.626258
v 1393.958862 -4867.610352 -24.312176
v 1393.958862 -5108.635694 99.998785
v 1393.958862 -5083.848424 59.123533
v 1393.958862 -5051.631563 28.521773
v 1393.958862 -5010.637695 14.006514
v 1393.958862 -4970.259766 -0.577867
v 1393.958862 -4923.414062 -9.230421
v 2240.256348 -5119.858486 153.626832
v 2240.256348 -4839.324707 -24.312176
v 2240.256348 -5108.635837 99.999244
v 2240.256348 -5083.848598 59.123744
v 2240.256348 -5050.740456 27.786361
v 2240.256348 -5002.385254 15.651739
v 2240.256348 -4953.241211 2.989343
v 2240.256348 -4898.559082 -4.506360
v 3208.112305 -4868.327637 1472.680420
v 2751.885010 -4445.266113 2068.110352
v 3195.985897 -4857.345761 1615.682641
v 3160.783205 -4825.067295 1763.810248
v 3110.399658 -4777.610352 1875.880859
v 3053.866211 -4725.202637 1944.594238
v 2991.596085 -4668.091618 1993.414453
v 2918.513540 -4600.370851 2030.606877
v 2835.508057 -4522.693848 2047.285034
v 2663.405029 -4488.957031 2068.110352
v 2663.405029 -5120.499512 1466.677490
v 2663.405029 -4606.430664 2056.343994
v 2663.405029 -4720.775879 2037.617676
v 2663.405029 -4829.811035 2003.849854
v 2663.405029 -4929.287598 1941.859253
v 2663.405029 -5014.701236 1844.491761
v 2664.405661 -5078.358484 1722.109692
v 2663.950599 -5109.462257 1589.572000
v 3422.526611 -3777.551758 2068.111816
v 3851.792969 -4227.573242 1472.683716
v 3501.118408 -3860.009033 2047.286255
v 3579.865681 -3941.915724 2029.930714
v 3648.546049 -4013.979271 1992.217390
v 3706.594727 -4075.405762 1944.284790
v 3759.771729 -4131.163574 1875.881226
v 3806.479574 -4179.659620 1762.802288
v 3839.091353 -4213.858824 1615.454331
v 4105.864746 -3686.963623 1471.025146
v 3465.759277 -3686.963379 2068.111816
v 4097.867676 -3686.964355 1587.676636
v 4066.326796 -3686.964353 1702.772275
v 4027.965820 -3686.964355 1813.775269
v 3961.601318 -3686.963623 1906.486938
v 3842.040482 -3687.807000 1972.160825
v 3704.909554 -3688.073726 2029.816622
v 3582.688965 -3686.963379 2047.286255
v 0.000000 -5120.500000 1466.677490
v 0.000000 -4490.025879 2068.111816
v 0.000000 -5115.033526 1590.158180
v 0.000000 -5083.797997 1723.779434
v 0.000000 -5014.784231 1844.391785
v 0.000000 -4929.653320 1941.859863
v 0.000000 -4830.341797 2003.873413
v 0.000000 -4721.483398 2037.685181
v 0.000000 -4607.305664 2056.420166
v 0.000000 -1714.003540 2068.109375
v 672.683655 -1037.625366 2068.111084
v 0.000000 -688.391602 2068.109375
v 3435.085693 -4454.386719 1875.880981
v -3202.264564 -4862.443031 1034.050049
v -2663.405029 -5120.499512 1034.050049
v -3843.719482 -4219.462402 1034.050049
v -4092.414062 -3686.963379 1034.050049
v -2663.405029 -4363.341309 2068.110107
v -3336.185547 -3686.963379 2068.110107
v -2668.390137 -4821.990234 -24.312176
v -3714.828125 -3848.449707 -24.312176
v -2663.405029 -5122.105469 323.794647
v -898.603149 -5118.171875 346.795135
v -826.396179 -5118.171875 651.623230
v -898.603149 -5118.171875 579.413391
v -969.172363 -5118.171875 666.915344
v -841.734680 -5118.171875 648.498352
v -855.894348 -5118.171875 641.824158
v -868.620178 -5118.171875 632.708496
v -879.689026 -5118.171875 621.639282
v -888.804443 -5118.171875 608.912903
v -895.478271 -5118.171875 594.752625
v -759.319458 -5120.400879 -0.011826
v -879.533386 -5124.199219 56.856632
v -872.257996 -5124.344727 42.696953
v -855.281189 -5124.081543 29.971027
v -830.213806 -5123.463379 18.902206
v -777.613220 -5121.506836 3.112984
v -898.603149 -5332.954102 577.541199
v -826.396179 -5344.149414 649.653442
v -895.478271 -5335.332031 592.859741
v -888.804443 -5337.527344 607.000854
v -879.689026 -5339.500977 619.709961
v -868.620178 -5341.216797 630.764221
v -855.894348 -5342.629883 639.867676
v -841.734680 -5343.665039 646.532776
v -898.603149 -5342.511719 72.186852
v -795.362976 -5344.147461 -0.011826
v -895.478333 -5342.859863 56.850052
v -888.804504 -5343.180664 42.691994
v -877.441711 -5343.468750 29.967594
v -859.106995 -5343.719727 18.900013
v -836.895020 -5343.925781 9.785748
v -814.351746 -5344.077148 3.112602
v -898.603149 -5795.119141 87.394524
v -826.396362 -5812.961914 15.746593
v -895.478455 -5798.909668 72.174644
v -888.804626 -5802.409180 58.124542
v -879.689331 -5805.553223 45.497227
v -868.620483 -5808.289062 34.514046
v -855.894653 -5810.541016 25.469303
v -841.735107 -5812.190430 18.847084
v -826.396179 -5843.420898 495.584167
v -898.603149 -5811.951660 429.728363
v -841.734680 -5842.059082 492.734344
v -855.894348 -5839.150391 486.647522
v -868.620178 -5835.177734 478.333862
v -879.689026 -5830.353516 468.238647
v -888.804443 -5824.807129 456.632141
v -895.478271 -5818.636230 443.717957
v -826.396179 -5923.845215 441.476013
v -898.603149 -5872.653809 388.889069
v -841.734680 -5921.629883 439.200317
v -855.894348 -5916.898438 434.339844
v -868.620178 -5910.436035 427.701324
v -879.689026 -5902.588867 419.640076
v -888.804443 -5893.566406 410.372162
v -895.478271 -5883.528320 400.059875
v -826.396301 -5963.188965 386.261475
v -898.603149 -5899.996094 350.516663
v -841.734863 -5960.454102 384.714569
v -855.894470 -5954.613281 381.410797
v -868.620422 -5946.636230 376.898376
v -879.689148 -5936.949219 371.418945
v -888.804504 -5925.811523 365.119232
v -895.478333 -5913.419922 358.109772
v -826.396301 -5988.498535 328.102692
v -898.603149 -5918.886230 307.111023
v -841.734863 -5985.486816 327.194366
v -855.894470 -5979.052734 325.254150
v -868.620422 -5970.264648 322.604187
v -879.689148 -5959.593750 319.386353
v -888.804504 -5947.325195 315.686707
v -895.478333 -5933.673828 311.570251
v -826.396301 -5999.006836 268.766876
v -898.603149 -5926.301270 265.241150
v -841.734863 -5995.860840 268.614288
v -855.894470 -5989.140625 268.288422
v -868.620422 -5979.961914 267.843353
v -879.689148 -5968.817383 267.302887
v -888.804504 -5956.003418 266.681488
v -895.478333 -5941.745605 265.990112
v -826.396362 -5994.394043 210.056976
v -898.603149 -5923.139160 224.996475
v -841.735107 -5991.310547 210.703461
v -855.894653 -5984.724609 212.084290
v -868.620483 -5975.729492 213.970276
v -879.689331 -5964.806641 216.260345
v -888.804626 -5952.248535 218.893341
v -895.478455 -5938.275879 221.822937
v -826.396362 -5974.799316 153.756714
v -898.603149 -5909.495117 185.793121
v -841.735107 -5971.973145 155.143158
v -855.894653 -5965.937500 158.104324
v -868.620483 -5957.693359 162.148468
v -879.689331 -5947.682617 167.059509
v -888.804626 -5936.173340 172.705658
v -895.478455 -5923.367188 178.987885
v -826.396362 -5940.819336 101.576805
v -898.603149 -5884.610840 147.580719
v -841.735107 -5938.387207 103.567413
v -855.894653 -5933.191895 107.819366
v -868.620483 -5926.096191 113.627052
v -879.689331 -5917.479980 120.679001
v -888.804626 -5907.573730 128.786850
v -895.478455 -5896.551758 137.808044
v -898.603149 -5851.256836 114.832306
v -826.396362 -5893.485352 55.102730
v -895.478455 -5860.227539 102.144432
v -888.804626 -5868.508301 90.431503
v -879.689331 -5875.951172 79.904747
v -868.620483 -5882.424316 70.748520
v -855.894653 -5887.754883 63.208389
v -841.735107 -5891.658203 57.687759
v -2789.424561 -4830.860840 -14.991924
v -3212.805664 -4872.318359 257.372772
v -2876.816162 -4835.581055 -9.848602
v -2962.280029 -4843.147461 10.940956
v -3047.477295 -4858.960938 45.184498
v -3121.408447 -4874.919922 89.794403
v -3173.858887 -4881.080078 141.568100
v -3204.322754 -4878.528320 196.790527
v -2663.405029 -5126.416992 246.423218
v -2667.359863 -4889.056152 -17.126442
v -2663.576172 -5119.926758 181.727112
v -2665.151785 -5108.265653 122.848106
v -2666.315020 -5082.106393 68.869646
v -2666.305207 -5042.332183 30.112143
v -2665.744141 -4993.168945 7.378699
v -2666.519775 -4943.481934 -11.731311
v -3857.353271 -4231.867676 257.362579
v -3705.804443 -3917.566650 -11.432986
v -3860.731445 -4226.784180 196.418900
v -3854.988525 -4204.567871 138.874847
v -3837.006348 -4165.208984 86.460251
v -3806.635010 -4110.494141 42.384739
v -3770.450928 -4047.337402 9.745651
v -3736.187256 -3982.666016 -8.542113
v -3765.160400 -3815.971436 -2.004562
v -4096.347257 -3686.963379 254.463565
v -3849.671875 -3788.566895 2.009112
v -3923.709473 -3763.268555 8.855188
v -3987.092529 -3740.531982 32.706371
v -4032.487061 -3720.756104 73.821152
v -4062.606445 -3704.469971 125.898041
v -4085.658090 -3692.546143 186.234125
v -914.933411 -4970.972656 -24.312176
v -883.661560 -5123.604980 72.195244
v -802.691284 -5122.570312 9.786701
v -915.815918 -5016.298828 3.114414
v -914.792603 -5043.178711 9.787941
v -911.328430 -5062.870117 18.902969
v -906.501953 -5080.712891 29.971504
v -900.821960 -5098.585938 42.697144
v -893.813599 -5115.291992 56.856728
v -1817.107544 -4868.834961 -24.312176
v -1817.107544 -5119.858424 153.626213
v -1817.107544 -4924.490234 -9.436056
v -1817.107544 -4970.997070 -0.728002
v -1817.107544 -5010.994629 13.937407
v -1817.107544 -5051.670361 28.553792
v -1817.107544 -5083.848410 59.123517
v -1817.107544 -5108.635687 99.998764
v -1393.958862 -5119.858428 153.626258
v -1393.958862 -4867.610352 -24.312176
v -1393.958862 -5108.635694 99.998785
v -1393.958862 -5083.848424 59.123533
v -1393.958862 -5051.631563 28.521773
v -1393.958862 -5010.637695 14.006514
v -1393.958862 -4970.259766 -0.577867
v -1393.958862 -4923.414062 -9.230421
v -2240.256348 -5119.858486 153.626832
v -2240.256348 -4839.324707 -24.312176
v -2240.256348 -5108.635837 99.999244
v -2240.256348 -5083.848598 59.123744
v -2240.256348 -5050.740456 27.786361
v -2240.256348 -5002.385254 15.651739
v -2240.256348 -4953.241211 2.989343
v -2240.256348 -4898.559082 -4.506360
v -3208.112305 -4868.327637 1472.680420
v -2751.885010 -4445.266113 2068.110352
v -3195.985897 -4857.345761 1615.682641
v -3160.783205 -4825.067295 1763.810248
v -3110.399658 -4777.610352 1875.880859
v -3053.866211 -4725.202637 1944.594238
v -2991.596085 -4668.091618 1993.414453
v -2918.513540 -4600.370851 2030.606877
v -2835.508057 -4522.693848 2047.285034
v -2663.405029 -4488.957031 2068.110352
v -2663.405029 -5120.499512 1466.677490
v -2663.405029 -4606.430664 2056.343994
v -2663.405029 -4720.775879 2037.617676
v -2663.405029 -4829.811035 2003.849854
v -2663.405029 -4929.287598 1941.859253
v -2663.405029 -5014.701236 1844.491761
v -2664.405661 -5078.358484 1722.109692
v -2663.950599 -5109.462257 1589.572000
v -3422.526611 -3777.551758 2068.111816
v -3851.792969 -4227.573242 1472.683716
v -3501.118408 -3860.009033 2047.286255
v -3579.865681 -3941.915724 2029.930714
v -3648.546049 -4013.979271 1992.217390
v -3706.594727 -4075.405762 1944.284790
v -3759.771729 -4131.163574 1875.881226
v -3806.479574 -4179.659620 1762.802288
v -3839.091353 -4213.858824 1615.454331
v -4105.864746 -3686.963623 1471.025146
v -3465.759277 -3686.963379 2068.111816
v -4097.867676 -3686.964355 1587.676636
v -4066.326796 -3686.964353 1702.772275
v -4027.965820 -3686.964355 1813.775269
v -3961.601318 -3686.963623 1906.486938
v -3842.040482 -3687.807000 1972.160825
v -3704.909554 -3688.073726 2029.816622
v -3582.688965 -3686.963379 2047.286255
v -672.683655 -1037.625366 2068.111084
v -3435.085693 -4454.386719 1875.880981
v 0.000000 0.000000 -7.103849
v 621.139038 0.000000 -7.103849
v 1242.278076 0.000000 -7.103849
v 1863.417114 0.000000 -7.103849
v 2484.555420 0.000000 -7.103849
v 3105.694580 0.000000 -7.103849
v 3726.833496 0.000000 -7.103849
v 4347.972168 0.000000 -7.103849
v 4969.111816 0.000000 -7.103849
v 5590.250000 0.000000 -7.103849
v 6211.389160 0.000000 -7.103849
v 0.000000 621.139038 -7.103849
v 621.139038 621.139038 -7.103849
v 1242.278076 621.139038 -7.103849
v 1863.417114 621.139038 -7.103849
v 2484.555420 621.139038 -7.103849
v 3105.694580 621.139038 -7.103849
v 3726.833496 621.139038 -7.103849
v 4347.972168 621.139038 -7.103849
v 4969.111816 621.139038 -7.103849
v 5590.250000 621.139038 -7.103849
v 6211.389160 621.139038 -7.103849
v 0.000000 1242.278076 -7.103849
v 621.139038 1242.278076 -7.103849
v 1242.278076 1242.278076 -7.103849
v 1863.417114 1242.278076 -7.103849
v 2484.555420 1242.278076 -7.103849
v 3105.694580 1242.278076 -7.103849
v 3726.833496 1242.278076 -7.103849
v 4347.972168 1242.278076 -7.103849
v 4969.111816 1242.278076 -7.103849
v 5590.250000 1242.278076 -7.103849
v 6211.389160 1242.278076 -7.103849
v 0.000000 1863.417114 -7.103849
v 621.139038 1863.417114 -7.103849
v 1242.278076 1863.417114 -7.103849
v 1863.417114 1863.417114 -7.103849
v 2484.555420 1863.417114 -7.103849
v 3105.694580 1863.417114 -7.103849
v 3726.833496 1863.417114 -7.103849
v 4347.972168 1863.417114 -7.103849
v 4969.111816 1863.417114 -7.103849
v 5590.250000 1863.417114 -7.103849
v 6211.389160 1863.417114 -7.103849
v 0.000000 2484.555420 -7.103849
v 621.139038 2484.555420 -7.103849
v 1242.278076 2484.555420 -7.103849
v 1863.417114 2484.555420 -7.103849
v 2484.555420 2484.555420 -7.103849
v 3105.694580 2484.555420 -7.103849
v 3726.833496 2484.555420 -7.103849
v 4347.972168 2484.555420 -7.103849
v 4969.111816 2484.555420 -7.103849
v 5590.250000 2484.555420 -7.103849
v 6211.389160 2484.555420 -7.103849
v 0.000000 3105.694580 -7.103849
v 621.139038 3105.694580 -7.103849
v 1242.278076 3105.694580 -7.103849
v 1863.417114 3105.694580 -7.103849
v 2484.555420 3105.694580 -7.103849
v 3105.694580 3105.694580 -7.103849
v 3726.833496 3105.694580 -7.103849
v 4347.972168 3105.694580 -7.103849
v 4969.111816 3105.694580 -7.103849
v 5590.250000 3105.694580 -7.103849
v 6211.389160 3105.694580 -7.103849
v 0.000000 3726.833496 -7.103849
v 621.139038 3726.833496 -7.103849
v 1242.278076 3726.833496 -7.103849
v 1863.417114 3726.833496 -7.103849
v 2484.555420 3726.833496 -7.103849
v 3105.694580 3726.833496 -7.103849
v 3726.833496 3726.833496 -7.103849
v 4347.972168 3726.833496 -7.103849
v 4969.111816 3726.833496 -7.103849
v 5590.250000 3726.833496 -7.103849
v 6211.389160 3726.833496 -7.103849
v 0.000000 4347.972168 -7.103849
v 621.139038 4347.972168 -7.103849
v 1242.278076 4347.972168 -7.103849
v 1863.417114 4347.972168 -7.103849
v 2484.555420 4347.972168 -7.103849
v 3105.694580 4347.972168 -7.103849
v 3726.833496 4347.972168 -7.103849
v 4347.972168 4347.972168 -7.103849
v 4969.111816 4347.972168 -7.103849
v 5590.250000 4347.972168 -7.103849
v 6211.389160 4347.972168 -7.103849
v 0.000000 4969.111816 -7.103849
v 621.139038 4969.111816 -7.103849
v 1242.278076 4969.111816 -7.103849
v 1863.417114 4969.111816 -7.103849
v 2484.555420 4969.111816 -7.103849
v 3105.694580 4969.111816 -7.103849
v 3726.833496 4969.111816 -7.103849
v 4347.972168 4969.111816 -7.103849
v 4969.111816 4969.111816 -7.103849
v 5590.250000 4969.111816 -7.103849
v 6211.389160 4969.111816 -7.103849
v 0.000000 5590.250000 -7.103849
v 621.139038 5590.250000 -7.103849
v 1242.278076 5590.250000 -7.103849
v 1863.417114 5590.250000 -7.103849
v 2484.555420 5590.250000 -7.103849
v 3105.694580 5590.250000 -7.103849
v 3726.833496 5590.250000 -7.103849
v 4347.972168 5590.250000 -7.103849
v 4969.111816 5590.250000 -7.103849
v 5590.250000 5590.250000 -7.103849
v 6211.389160 5590.250000 -7.103849
v 0.000000 6211.389160 -7.103849
v 621.139038 6211.389160 -7.103849
v 1242.278076 6211.389160 -7.103849
v 1863.417114 6211.389160 -7.103849
v 2484.555420 6211.389160 -7.103849
v 3105.694580 6211.389160 -7.103849
v 3726.833496 6211.389160 -7.103849
v 4347.972168 6211.389160 -7.103849
v 4969.111816 6211.389160 -7.103849
v 5590.250000 6211.389160 -7.103849
v 6211.389160 6211.389160 -7.103849
v -621.139038 0.000000 -7.103849
v -1242.278076 0.000000 -7.103849
v -1863.417114 0.000000 -7.103849
v -2484.555420 0.000000 -7.103849
v -3105.694580 0.000000 -7.103849
v -3726.833496 0.000000 -7.103849
v -4347.972168 0.000000 -7.103849
v -4969.111816 0.000000 -7.103849
v -5590.250000 0.000000 -7.103849
v -6211.389160 0.000000 -7.103849
v -621.139038 621.139038 -7.103849
v -1242.278076 621.139038 -7.103849
v -1863.417114 621.139038 -7.103849
v -2484.555420 621.139038 -7.103849
v -3105.694580 621.139038 -7.103849
v -3726.833496 621.139038 -7.103849
v -4347.972168 621.139038 -7.103849
v -4969.111816 621.139038 -7.103849
v -5590.250000 621.139038 -7.103849
v -6211.389160 621.139038 -7.103849
v -621.139038 1242.278076 -7.103849
v -1242.278076 1242.278076 -7.103849
v -1863.417114 1242.278076 -7.103849
v -2484.555420 1242.278076 -7.103849
v -3105.694580 1242.278076 -7.103849
v -3726.833496 1242.278076 -7.103849
v -4347.972168 1242.278076 -7.103849
v -4969.111816 1242.278076 -7.103849
v -5590.250000 1242.278076 -7.103849
v -6211.389160 1242.278076 -7.103849
v -621.139038 1863.417114 -7.103849
v -1242.278076 1863.417114 -7.103849
v -1863.417114 1863.417114 -7.103849
v -2484.555420 1863.417114 -7.103849
v -3105.694580 1863.417114 -7.103849
v -3726.833496 1863.417114 -7.103849
v -4347.972168 1863.417114 -7.103849
v -4969.111816 1863.417114 -7.103849
v -5590.250000 1863.417114 -7.103849
v -6211.389160 1863.417114 -7.103849
v -621.139038 2484.555420 -7.103849
v -1242.278076 2484.555420 -7.103849
v -1863.417114 2484.555420 -7.103849
v -2484.555420 2484.555420 -7.103849
v -3105.694580 2484.555420 -7.103849
v -3726.833496 2484.555420 -7.103849
v -4347.972168 2484.555420 -7.103849
v -4969.111816 2484.555420 -7.103849
v -5590.250000 2484.555420 -7.103849
v -6211.389160 2484.555420 -7.103849
v -621.139038 3105.694580 -7.103849
v -1242.278076 3105.694580 -7.103849
v -1863.417114 3105.694580 -7.103849
v -2484.555420 3105.694580 -7.103849
v -3105.694580 3105.694580 -7.103849
v -3726.833496 3105.694580 -7.103849
v -4347.972168 3105.694580 -7.103849
v -4969.111816 3105.694580 -7.103849
v -5590.250000 3105.694580 -7.103849
v -6211.389160 3105.694580 -7.103849
v -621.139038 3726.833496 -7.103849
v -1242.278076 3726.833496 -7.103849
v -1863.417114 3726.833496 -7.103849
v -2484.555420 3726.833496 -7.103849
v -3105.694580 3726.833496 -7.103849
v -3726.833496 3726.833496 -7.103849
v -4347.972168 3726.833496 -7.103849
v -4969.111816 3726.833496 -7.103849
v -5590.250000 3726.833496 -7.103849
v -6211.389160 3726.833496 -7.103849
v -621.139038 4347.972168 -7.103849
v -1242.278076 4347.972168 -7.103849
v -1863.417114 4347.972168 -7.103849
v -2484.555420 4347.972168 -7.103849
v -3105.694580 4347.972168 -7.103849
v -3726.833496 4347.972168 -7.103849
v -4347.972168 4347.972168 -7.103849
v -4969.111816 4347.972168 -7.103849
v -5590.250000 4347.972168 -7.103849
v -6211.389160 4347.972168 -7.103849
v -621.139038 4969.111816 -7.103849
v -1242.278076 4969.111816 -7.103849
v -1863.417114 4969.111816 -7.103849
v -2484.555420 4969.111816 -7.103849
v -3105.694580 4969.111816 -7.103849
v -3726.833496 4969.111816 -7.103849
v -4347.972168 4969.111816 -7.103849
v -4969.111816 4969.111816 -7.103849
v -5590.250000 4969.111816 -7.103849
v -6211.389160 4969.111816 -7.103849
v -621.139038 5590.250000 -7.103849
v -1242.278076 5590.250000 -7.103849
v -1863.417114 5590.250000 -7.103849
v -2484.555420 5590.250000 -7.103849
v -3105.694580 5590.250000 -7.103849
v -3726.833496 5590.250000 -7.103849
v -4347.972168 5590.250000 -7.103849
v -4969.111816 5590.250000 -7.103849
v -5590.250000 5590.250000 -7.103849
v -6211.389160 5590.250000 -7.103849
v -621.139038 6211.389160 -7.103849
v -1242.278076 6211.389160 -7.103849
v -1863.417114 6211.389160 -7.103849
v -2484.555420 6211.389160 -7.103849
v -3105.694580 6211.389160 -7.103849
v -3726.833496 6211.389160 -7.103849
v -4347.972168 6211.389160 -7.103849
v -4969.111816 6211.389160 -7.103849
v -5590.250000 6211.389160 -7.103849
v -6211.389160 6211.389160 -7.103849
v 0.000000 -621.139038 -7.103849
v 621.139038 -621.139038 -7.103849
v 1242.278076 -621.139038 -7.103849
v 1863.417114 -621.139038 -7.103849
v 2484.555420 -621.139038 -7.103849
v 3105.694580 -621.139038 -7.103849
v 3726.833496 -621.139038 -7.103849
v 4347.972168 -621.139038 -7.103849
v 4969.111816 -621.139038 -7.103849
v 5590.250000 -621.139038 -7.103849
v 6211.389160 -621.139038 -7.103849
v 0.000000 -1242.278076 -7.103849
v 621.139038 -1242.278076 -7.103849
v 1242.278076 -1242.278076 -7.103849
v 1863.417114 -1242.278076 -7.103849
v 2484.555420 -1242.278076 -7.103849
v 3105.694580 -1242.278076 -7.103849
v 3726.833496 -1242.278076 -7.103849
v 4347.972168 -1242.278076 -7.103849
v 4969.111816 -1242.278076 -7.103849
v 5590.250000 -1242.278076 -7.103849
v 6211.389160 -1242.278076 -7.103849
v 0.000000 -1863.417114 -7.103849
v 621.139038 -1863.417114 -7.103849
v 1242.278076 -1863.417114 -7.103849
v 1863.417114 -1863.417114 -7.103849
v 2484.555420 -1863.417114 -7.103849
v 3105.694580 -1863.417114 -7.103849
v 3726.833496 -1863.417114 -7.103849
v 4347.972168 -1863.417114 -7.103849
v 4969.111816 -1863.417114 -7.103849
v 5590.250000 -1863.417114 -7.103849
v 6211.389160 -1863.417114 -7.103849
v 0.000000 -2484.555420 -7.103849
v 621.139038 -2484.555420 -7.103849
v 1242.278076 -2484.555420 -7.103849
v 1863.417114 -2484.555420 -7.103849
v 2484.555420 -2484.555420 -7.103849
v 3105.694580 -2484.555420 -7.103849
v 3726.833496 -2484.555420 -7.103849
v 4347.972168 -2484.555420 -7.103849
v 4969.111816 -2484.555420 -7.103849
v 5590.250000 -2484.555420 -7.103849
v 6211.389160 -2484.555420 -7.103849
v 0.000000 -3105.694580 -7.103849
v 621.139038 -3105.694580 -7.103849
v 1242.278076 -3105.694580 -7.103849
v 1863.417114 -3105.694580 -7.103849
v 2484.555420 -3105.694580 -7.103849
v 3105.694580 -3105.694580 -7.103849
v 3726.833496 -3105.694580 -7.103849
v 4347.972168 -3105.694580 -7.103849
v 4969.111816 -3105.694580 -7.103849
v 5590.250000 -3105.694580 -7.103849
v 6211.389160 -3105.694580 -7.103849
v 0.000000 -3726.833496 -7.103849
v 621.139038 -3726.833496 -7.103849
v 1242.278076 -3726.833496 -7.103849
v 1863.417114 -3726.833496 -7.103849
v 2484.555420 -3726.833496 -7.103849
v 3105.694580 -3726.833496 -7.103849
v 3726.833496 -3726.833496 -7.103849
v 4347.972168 -3726.833496 -7.103849
v 4969.111816 -3726.833496 -7.103849
v 5590.250000 -3726.833496 -7.103849
v 6211.389160 -3726.833496 -7.103849
v 0.000000 -4347.972168 -7.103849
v 621.139038 -4347.972168 -7.103849
v 1242.278076 -4347.972168 -7.103849
v 1863.417114 -4347.972168 -7.103849
v 2484.555420 -4347.972168 -7.103849
v 3105.694580 -4347.972168 -7.103849
v 3726.833496 -4347.972168 -7.103849
v 4347.972168 -4347.972168 -7.103849
v 4969.111816 -4347.972168 -7.103849
v 5590.250000 -4347.972168 -7.103849
v 6211.389160 -4347.972168 -7.103849
v 0.000000 -4969.111816 -7.103849
v 621.139038 -4969.111816 -7.103849
v 1242.278076 -4969.111816 -7.103849
v 1863.417114 -4969.111816 -7.103849
v 2484.555420 -4969.111816 -7.103849
v 3105.694580 -4969.111816 -7.103849
v 3726.833496 -4969.111816 -7.103849
v 4347.972168 -4969.111816 -7.103849
v 4969.111816 -4969.111816 -7.103849
v 5590.250000 -4969.111816 -7.103849
v 6211.389160 -4969.111816 -7.103849
v 0.000000 -5590.250000 -7.103849
v 621.139038 -5590.250000 -7.103849
v 1242.278076 -5590.250000 -7.103849
v 1863.417114 -5590.250000 -7.103849
v 2484.555420 -5590.250000 -7.103849
v 3105.694580 -5590.250000 -7.103849
v 3726.833496 -5590.250000 -7.103849
v 4347.972168 -5590.250000 -7.103849
v 4969.111816 -5590.250000 -7.103849
v 5590.250000 -5590.250000 -7.103849
v 6211.389160 -5590.250000 -7.103849
v 0.000000 -6211.388184 -7.103849
v 621.139038 -6211.388184 -7.103849
v 1242.278076 -6211.388184 -7.103849
v 1863.417114 -6211.388184 -7.103849
v 2484.555420 -6211.388184 -7.103849
v 3105.694580 -6211.388184 -7.103849
v 3726.833496 -6211.388184 -7.103849
v 4347.972168 -6211.388184 -7.103849
v 4969.111816 -6211.388184 -7.103849
v 5590.250000 -6211.388184 -7.103849
v 6211.389160 -6211.388184 -7.103849
v -621.139038 -621.139038 -7.103849
v -1242.278076 -621.139038 -7.103849
v -1863.417114 -621.139038 -7.103849
v -2484.555420 -621.139038 -7.103849
v -3105.694580 -621.139038 -7.103849
v -3726.833496 -621.139038 -7.103849
v -4347.972168 -621.139038 -7.103849
v -4969.111816 -621.139038 -7.103849
v -5590.250000 -621.139038 -7.103849
v -6211.389160 -621.139038 -7.103849
v -621.139038 -1242.278076 -7.103849
v -1242.278076 -1242.278076 -7.103849
v -1863.417114 -1242.278076 -7.103849
v -2484.555420 -1242.278076 -7.103849
v -3105.694580 -1242.278076 -7.103849
v -3726.833496 -1242.278076 -7.103849
v -4347.972168 -1242.278076 -7.103849
v -4969.111816 -1242.278076 -7.103849
v -5590.250000 -1242.278076 -7.103849
v -6211.389160 -1242.278076 -7.103849
v -621.139038 -1863.417114 -7.103849
v -1242.278076 -1863.417114 -7.103849
v -1863.417114 -1863.417114 -7.103849
v -2484.555420 -1863.417114 -7.103849
v -3105.694580 -1863.417114 -7.103849
v -3726.833496 -1863.417114 -7.103849
v -4347.972168 -1863.417114 -7.103849
v -4969.111816 -1863.417114 -7.103849
v -5590.250000 -1863.417114 -7.103849
v -6211.389160 -1863.417114 -7.103849
v -621.139038 -2484.555420 -7.103849
v -1242.278076 -2484.555420 -7.103849
v -1863.417114 -2484.555420 -7.103849
v -2484.555420 -2484.555420 -7.103849
v -3105.694580 -2484.555420 -7.103849
v -3726.833496 -2484.555420 -7.103849
v -4347.972168 -2484.555420 -7.103849
v -4969.111816 -2484.555420 -7.103849
v -5590.250000 -2484.555420 -7.103849
v -6211.389160 -2484.555420 -7.103849
v -621.139038 -3105.694580 -7.103849
v -1242.278076 -3105.694580 -7.103849
v -1863.417114 -3105.694580 -7.103849
v -2484.555420 -3105.694580 -7.103849
v -3105.694580 -3105.694580 -7.103849
v -3726.833496 -3105.694580 -7.103849
v -4347.972168 -3105.694580 -7.103849
v -4969.111816 -3105.694580 -7.103849
v -5590.250000 -3105.694580 -7.103849
v -6211.389160 -3105.694580 -7.103849
v -621.139038 -3726.833496 -7.103849
v -1242.278076 -3726.833496 -7.103849
v -1863.417114 -3726.833496 -7.103849
v -2484.555420 -3726.833496 -7.103849
v -3105.694580 -3726.833496 -7.103849
v -3726.833496 -3726.833496 -7.103849
v -4347.972168 -3726.833496 -7.103849
v -4969.111816 -3726.833496 -7.103849
v -5590.250000 -3726.833496 -7.103849
v -6211.389160 -3726.833496 -7.103849
v -621.139038 -4347.972168 -7.103849
v -1242.278076 -4347.972168 -7.103849
v -1863.417114 -4347.972168 -7.103849
v -2484.555420 -4347.972168 -7.103849
v -3105.694580 -4347.972168 -7.103849
v -3726.833496 -4347.972168 -7.103849
v -4347.972168 -4347.972168 -7.103849
v -4969.111816 -4347.972168 -7.103849
v -5590.250000 -4347.972168 -7.103849
v -6211.389160 -4347.972168 -7.103849
v -621.139038 -4969.111816 -7.103849
v -1242.278076 -4969.111816 -7.103849
v -1863.417114 -4969.111816 -7.103849
v -2484.555420 -4969.111816 -7.103849
v -3105.694580 -4969.111816 -7.103849
v -3726.833496 -4969.111816 -7.103849
v -4347.972168 -4969.111816 -7.103849
v -4969.111816 -4969.111816 -7.103849
v -5590.250000 -4969.111816 -7.103849
v -6211.389160 -4969.111816 -7.103849
v -621.139038 -5590.250000 -7.103849
v -1242.278076 -5590.250000 -7.103849
v -1863.417114 -5590.250000 -7.103849
v -2484.555420 -5590.250000 -7.103849
v -3105.694580 -5590.250000 -7.103849
v -3726.833496 -5590.250000 -7.103849
v -4347.972168 -5590.250000 -7.103849
v -4969.111816 -5590.250000 -7.103849
v -5590.250000 -5590.250000 -7.103849
v -6211.389160 -5590.250000 -7.103849
v -621.139038 -6211.388184 -7.103849
v -1242.278076 -6211.388184 -7.103849
v -1863.417114 -6211.388184 -7.103849
v -2484.555420 -6211.388184 -7.103849
v -3105.694580 -6211.388184 -7.103849
v -3726.833496 -6211.388184 -7.103849
v -4347.972168 -6211.388184 -7.103849
v -4969.111816 -6211.388184 -7.103849
v -5590.250000 -6211.388184 -7.103849
v -6211.389160 -6211.388184 -7.103849
v 4013.484934 3976.011478 1253.366882
v 2953.356729 5036.719237 1250.363769
v 2953.054676 5036.856231 678.922348
v 4014.656680 3973.424368 644.256807
v 3940.947634 3945.791394 71.891881
v 3976.782656 3962.665351 121.662162
v 4001.592286 3972.527424 181.637614
v 4008.011044 3978.741508 217.751515
v 2863.328826 4983.279294 39.779802
v 2905.846847 5012.543044 86.410472
v 2935.481695 5032.684395 150.418352
v 2950.071909 5038.209047 221.606857
v 1393.958862 5116.729540 126.040973
v 1147.664896 5106.388027 69.839436
v 1150.752926 5086.338236 41.198984
v 2028.681946 5116.729605 126.041181
v 1605.533203 5116.729537 126.040963
v 2451.916260 5118.526297 140.434509
v 2452.704067 5102.427589 87.525667
v 2453.285684 5070.153838 43.807818
v 4013.949071 3974.987011 1530.180142
v 3993.678025 3968.968264 1673.091523
v 3942.726111 3944.864531 1803.496098
v 3869.995704 3913.280840 1903.567867
v 3781.722973 3884.961565 1973.190696
v 3679.422806 3852.602297 2021.061754
v 3581.660655 3814.663717 2043.006211
v 2956.977136 5035.077224 1531.126210
v 2951.021320 5029.823298 1607.773968
v 2928.487335 4986.753364 1763.859288
v 2895.923773 4916.043442 1878.208216
v 2862.862111 4836.561294 1955.622475
v 2829.245636 4752.797177 2006.407451
v 2791.436820 4661.625465 2037.829968
v 3504.993380 4522.263330 1690.895370
v 3622.868070 4319.108606 1820.943587
v 3286.405589 4305.678375 2014.742724
v 3209.986280 4230.360248 2041.331826
v 4084.031873 1843.482026 1645.805203
v 3776.725690 1843.903287 2010.260528
v 3644.580654 1844.036811 2042.384349
v 1331.975299 5120.499512 1528.124745
v 1332.202830 5104.105930 1658.436873
v 1332.202830 5052.454236 1786.446187
v -4013.484934 3976.011478 1253.366882
v -2953.356729 5036.719237 1250.363769
v -2955.568650 5035.716034 290.583698
v -4014.656680 3973.424368 644.256807
v -3925.178021 3918.169601 50.631160
v -3963.797548 3941.177084 93.503591
v -3994.179806 3959.362645 148.328878
v -4008.011044 3978.741508 217.751515
v -2863.328826 4983.279294 39.779802
v -2905.846847 5012.543044 86.410472
v -2935.481695 5032.684395 150.418352
v -2950.071909 5038.209047 221.606857
v -1147.664896 5106.388027 69.839436
v -1147.661097 5093.319175 49.175658
v -2028.681946 5116.729605 126.041181
v -1605.533203 5116.729537 126.040963
v -2451.916260 5118.526297 140.434509
v -2452.704067 5102.427589 87.525667
v -2453.285684 5070.153838 43.807818
v -4013.949071 3974.987011 1530.180142
v -4009.003080 3968.766530 1606.057372
v -3970.822106 3948.902244 1753.311302
v -3910.398977 3916.552470 1859.804400
v -3841.296496 3884.446137 1934.961635
v -3751.658937 3853.777838 1995.055321
v -3644.119783 3815.779886 2035.993016
v -2956.977136 5035.077224 1531.126210
v -2951.021320 5029.823298 1607.773968
v -2928.487335 4986.753364 1763.859288
v -2895.923773 4916.043442 1878.208216
v -2862.862111 4836.561294 1955.622475
v -2829.245636 4752.797177 2006.407451
v -2791.436820 4661.625465 2037.829968
v -3504.993380 4522.263330 1690.895370
v -3622.868070 4319.108606 1820.943587
v -3286.405589 4305.678375 2014.742724
v -3209.986280 4230.360248 2041.331826
v -4084.031873 1843.482026 1645.805203
v -3776.725690 1843.903287 2010.260528
v -3644.580654 1844.036811 2042.384349
v -1331.975299 5120.499512 1528.124745
v -1332.202830 5104.105930 1658.436873
v -1332.202830 5052.454236 1786.446187
v 4013.484934 -3976.011478 1253.366882
v 2953.356729 -5036.719237 1250.363769
v 2955.568650 -5035.716034 290.583698
v 4014.656680 -3973.424368 644.256807
v 3925.178021 -3918.169601 50.631160
v 3963.797548 -3941.177084 93.503591
v 3994.179806 -3959.362645 148.328878
v 4008.011044 -3978.741508 217.751515
v 2863.328826 -4983.279294 39.779802
v 2905.846847 -5012.543044 86.410472
v 2935.481695 -5032.684395 150.418352
v 2950.071909 -5038.209047 221.606857
v 1147.664896 -5106.388027 69.839436
v 1147.661097 -5093.319175 49.175658
v 2028.681946 -5116.729605 126.041181
v 1605.533203 -5116.729537 126.040963
v 2451.916260 -5118.526297 140.434509
v 2452.704067 -5102.427589 87.525667
v 2453.285684 -5070.153838 43.807818
v 4013.949071 -3974.987011 1530.180142
v 4009.003080 -3968.766530 1606.057372
v 3970.822106 -3948.902244 1753.311302
v 3910.398977 -3916.552470 1859.804400
v 3841.296496 -3884.446137 1934.961635
v 3751.658937 -3853.777838 1995.055321
v 3644.119783 -3815.779886 2035.993016
v 2956.977136 -5035.077224 1531.126210
v 2951.021320 -5029.823298 1607.773968
v 2928.487335 -4986.753364 1763.859288
v 2895.923773 -4916.043442 1878.208216
v 2862.862111 -4836.561294 1955.622475
v 2829.245636 -4752.797177 2006.407451
v 2791.436820 -4661.625465 2037.829968
v 3504.993380 -4522.263330 1690.895370
v 3622.868070 -4319.108606 1820.943587
v 3286.405589 -4305.678375 2014.742724
v 3209.986280 -4230.360248 2041.331826
v 4084.031873 -1843.482358 1645.805203
v 3776.725690 -1843.903624 2010.260528
v 3644.580654 -1844.036811 2042.384349
v 1331.975299 -5120.499512 1528.124745
v 1332.202830 -5104.105930 1658.436873
v 1332.202830 -5052.454236 1786.446187
v -4013.484934 -3976.011478 1253.366882
v -2953.356729 -5036.719237 1250.363769
v -2953.054676 -5036.856231 678.922348
v -4014.656680 -3973.424368 644.256807
v -3940.947634 -3945.791394 71.891881
v -3976.782656 -3962.665351 121.662162
v -4001.592286 -3972.527424 181.637614
v -4008.011044 -3978.741508 217.751515
v -2863.328826 -4983.279294 39.779802
v -2905.846847 -5012.543044 86.410472
v -2935.481695 -5032.684395 150.418352
v -2950.071909 -5038.209047 221.606857
v -1393.958862 -5116.729540 126.040973
v -1147.664896 -5106.388027 69.839436
v -1150.752926 -5086.338236 41.198984
v -2028.681946 -5116.729605 126.041181
v -1605.533203 -5116.729537 126.040963
v -2451.916260 -5118.526297 140.434509
v -2452.704067 -5102.427589 87.525667
v -2453.285684 -5070.153838 43.807818
v -4013.949071 -3974.987011 1530.180142
v -3993.678025 -3968.968264 1673.091523
v -3942.726111 -3944.864531 1803.496098
v -3869.995704 -3913.280840 1903.567867
v -3781.722973 -3884.961565 1973.190696
v -3679.422806 -3852.602297 2021.061754
v -3581.660655 -3814.663717 2043.006211
v -2956.977136 -5035.077224 1531.126210
v -2951.021320 -5029.823298 1607.773968
v -2928.487335 -4986.753364 1763.859288
v -2895.923773 -4916.043442 1878.208216
v -2862.862111 -4836.561294 1955.622475
v -2829.245636 -4752.797177 2006.407451
v -2791.436820 -4661.625465 2037.829968
v -3504.993380 -4522.263330 1690.895370
v -3622.868070 -4319.108606 1820.943587
v -3286.405589 -4305.678375 2014.742724
v -3209.986280 -4230.360248 2041.331826
v -4084.031873 -1843.482358 1645.805203
v -3776.725690 -1843.903624 2010.260528
v -3644.580654 -1844.036811 2042.384349
v -1331.975299 -5120.499512 1528.124745
v -1332.202830 -5104.105930 1658.436873
v -1332.202830 -5052.454236 1786.446187
v 2955.568650 5035.716034 290.583698
v 3925.178021 3918.169601 50.631160
v 3963.797548 3941.177084 93.503591
v 3994.179806 3959.362645 148.328878
v 4013.110264 3975.839190 251.893730
v 2860.315873 4956.943298 24.535833
v 2903.004073 4993.754541 64.846863
v 2932.889185 5018.634477 117.288126
v 2950.719198 5034.300361 185.338158
v 2954.757727 5036.083824 251.897981
v 4054.206754 0.000020 115.487659
v 1147.661097 5093.319175 49.175658
v 4009.003080 3968.766530 1606.057372
v 3970.822106 3948.902244 1753.311302
v 3910.398977 3916.552470 1859.804400
v 3841.296496 3884.446137 1934.961635
v 3751.658937 3853.777838 1995.055321
v 3644.119783 3815.779886 2035.993016
v 2950.023290 5011.569206 1683.815523
v 2924.611027 4947.480229 1829.158722
v 2892.147589 4865.012064 1924.255727
v 2860.952261 4782.612308 1984.543969
v 2828.658787 4696.413150 2022.895040
v 2877.171899 4561.714182 2041.347455
v 3299.926144 4641.718708 1821.375566
v -2953.054676 5036.856231 678.922348
v -3940.947634 3945.791394 71.891881
v -3976.782656 3962.665351 121.662162
v -4001.592286 3972.527424 181.637614
v -4013.110264 3975.839190 251.893730
v -2860.315873 4956.943298 24.535833
v -2903.004073 4993.754541 64.846863
v -2932.889185 5018.634477 117.288126
v -2950.719198 5034.300361 185.338158
v -2954.757727 5036.083824 251.897981
v -4054.206754 0.000020 115.487659
v -1393.958862 5116.729540 126.040973
v -1150.752926 5086.338236 41.198984
v -3993.678025 3968.968264 1673.091523
v -3942.726111 3944.864531 1803.496098
v -3869.995704 3913.280840 1903.567867
v -3781.722973 3884.961565 1973.190696
v -3679.422806 3852.602297 2021.061754
v -3581.660655 3814.663717 2043.006211
v -2950.023290 5011.569206 1683.815523
v -2924.611027 4947.480229 1829.158722
v -2892.147589 4865.012064 1924.255727
v -2860.952261 4782.612308 1984.543969
v -2828.658787 4696.413150 2022.895040
v -2877.171899 4561.714182 2041.347455
v -3299.926144 4641.718708 1821.375566
v 2953.054676 -5036.856231 678.922348
v 3940.947634 -3945.791394 71.891881
v 3976.782656 -3962.665351 121.662162
v 4001.592286 -3972.527424 181.637614
v 4013.110264 -3975.839190 251.893730
v 2860.315873 -4956.943298 24.535833
v 2903.004073 -4993.754541 64.846863
v 2932.889185 -5018.634477 117.288126
v 2950.719198 -5034.300361 185.338158
v 2954.757727 -5036.083824 251.897981
v 1393.958862 -5116.729540 126.040973
v 1150.752926 -5086.338236 41.198984
v 3993.678025 -3968.968264 1673.091523
v 3942.726111 -3944.864531 1803.496098
v 3869.995704 -3913.280840 1903.567867
v 3781.722973 -3884.961565 1973.190696
v 3679.422806 -3852.602297 2021.061754
v 3581.660655 -3814.663717 2043.006211
v 2950.023290 -5011.569206 1683.815523
v 2924.611027 -4947.480229 1829.158722
v 2892.147589 -4865.012064 1924.255727
v 2860.952261 -4782.612308 1984.543969
v 2828.658787 -4696.413150 2022.895040
v 2877.171899 -4561.714182 2041.347455
v 3299.926144 -4641.718708 1821.375566
v -2955.568650 -5035.716034 290.583698
v -3925.178021 -3918.169601 50.631160
v -3963.797548 -3941.177084 93.503591
v -3994.179806 -3959.362645 148.328878
v -4013.110264 -3975.839190 251.893730
v -2860.315873 -4956.943298 24.535833
v -2903.004073 -4993.754541 64.846863
v -2932.889185 -5018.634477 117.288126
v -2950.719198 -5034.300361 185.338158
v -2954.757727 -5036.083824 251.897981
v -1147.661097 -5093.319175 49.175658
v -4009.003080 -3968.766530 1606.057372
v -3970.822106 -3948.902244 1753.311302
v -3910.398977 -3916.552470 1859.804400
v -3841.296496 -3884.446137 1934.961635
v -3751.658937 -3853.777838 1995.055321
v -3644.119783 -3815.779886 2035.993016
v -2950.023290 -5011.569206 1683.815523
v -2924.611027 -4947.480229 1829.158722
v -2892.147589 -4865.012064 1924.255727
v -2860.952261 -4782.612308 1984.543969
v -2828.658787 -4696.413150 2022.895040
v -2877.171899 -4561.714182 2041.347455
v -3299.926144 -4641.718708 1821.375566
v 4014.321927 3974.163553 1034.050049
v 3938.670709 4106.217806 1363.025299
v 2953.356729 5036.719237 1034.050049
v 2810.667907 5088.573532 1358.520630
v 3086.484091 4959.429841 468.147557
v 4065.195036 3832.412100 449.360182
v 3935.482485 4107.359180 237.206315
v 2766.540997 5037.473163 48.248270
v 2788.664757 5070.685670 98.780711
v 2802.473819 5088.169621 164.837380
v 2808.300201 5089.117054 234.015061
v 1029.329696 5089.375726 28.496472
v 2240.256348 5116.729696 126.041473
v 1817.107544 5116.729530 126.040941
v 2558.712505 5117.398825 131.237152
v 2452.704067 5111.857450 110.364880
v 2559.114373 5109.228346 103.980519
v 2453.285684 5085.887905 61.594808
v 2559.884637 5057.827067 35.036447
v 3936.942624 4102.069717 1574.122528
v 3911.180141 4082.458904 1722.226185
v 3881.702512 4067.470943 1787.932087
v 3817.937001 4024.462296 1892.849730
v 3745.869495 3981.438666 1962.643755
v 3665.095559 3934.105921 2011.073625
v 3581.007946 3878.469277 2039.474914
v 2954.674972 5036.121357 1469.678955
v 2812.566529 5088.137750 1498.901850
v 2810.947870 5068.181909 1669.435224
v 2798.751132 5042.595830 1748.579975
v 2780.636244 4969.605063 1864.934133
v 3335.021637 4675.798660 1728.290473
v 3784.793768 4156.916636 1820.562193
v 3139.765585 4487.649744 2006.069687
v 3064.430755 4415.546395 2038.502212
v 4084.025973 3686.964352 1645.823894
v 3810.581366 2765.855115 1993.416764
v 3675.068740 2766.055240 2039.305940
v 0.000000 5120.500000 1528.417835
v 1331.975299 5115.034471 1590.146461
v 666.101419 5111.565947 1624.499092
v 1332.202830 5083.795110 1723.788941
v 666.101416 5036.011467 1816.718379
v -3938.670709 4106.217806 1363.025299
v -4014.321927 3974.163553 1034.050049
v -2810.667907 5088.573532 1358.520630
v -2953.356729 5036.719237 1034.050049
v -2811.182777 5088.455399 268.503455
v -3940.014233 4104.386488 839.153428
v -4017.002613 3823.693408 106.483065
v -4048.227704 3827.855936 164.632520
v -3935.482485 4107.359180 237.206315
v -2766.540997 5037.473163 48.248270
v -2788.664757 5070.685670 98.780711
v -2802.473819 5088.169621 164.837380
v -2808.300201 5089.117054 234.015061
v -1020.782468 5113.012619 62.672908
v -1024.750736 5101.092864 41.694185
v -2240.256348 5116.729696 126.041473
v -1817.107544 5116.729530 126.040941
v -2452.704067 5111.857450 110.364880
v -2558.712505 5117.398825 131.237152
v -2453.285684 5085.887905 61.594808
v -2559.114373 5109.228346 103.980519
v -2559.884637 5057.827067 35.036447
v -4014.629827 3973.483909 1471.854400
v -4065.244387 3832.196781 1500.602643
v -4048.960174 3830.450424 1658.016173
v -4028.040209 3820.099771 1731.059691
v -3846.030596 3787.125403 1958.983875
v -3798.506745 3771.171998 1986.737885
v -3644.086117 3687.584359 2041.465979
v -2812.566529 5088.137750 1498.901850
v -2954.674972 5036.121357 1469.678955
v -2810.947870 5068.181909 1669.435224
v -2798.751132 5042.595830 1748.579975
v -2780.636244 4969.605063 1864.934133
v -3352.081534 4691.396443 1653.988688
v -3657.905109 4353.130103 1727.801996
v -3784.793768 4156.916636 1820.562193
v -3139.765585 4487.649744 2006.069687
v -3468.256378 4160.609380 2005.512335
v -3064.430755 4415.546395 2038.502212
v -3395.123410 4086.335415 2038.396418
v -4084.033384 -0.000302 1645.800637
v -3810.581366 2765.855115 1993.416764
v -3777.302158 -0.000353 2010.081713
v -3675.068740 2766.055240 2039.305940
v -3645.186053 -0.000371 2042.323408
v -1997.962949 5118.162314 1559.169613
v -1331.975299 5115.034471 1590.146461
v -1998.304246 5093.949046 1691.117651
v -666.101416 5036.011467 1816.718379
v -1332.202830 5083.795110 1723.788941
v 3938.670709 -4106.217806 1363.025299
v 4014.321927 -3974.163553 1034.050049
v 2810.667907 -5088.573532 1358.520630
v 2953.356729 -5036.719237 1034.050049
v 2811.182777 -5088.455399 268.503455
v 3940.014233 -4104.386488 839.153428
v 4017.002613 -3823.693408 106.483065
v 4048.227704 -3827.855936 164.632520
v 3935.482485 -4107.359180 237.206315
v 2766.540997 -5037.473163 48.248270
v 2788.664757 -5070.685670 98.780711
v 2802.473819 -5088.169621 164.837380
v 2808.300201 -5089.117054 234.015061
v 1020.782468 -5113.012619 62.672908
v 1024.750736 -5101.092864 41.694185
v 2240.256348 -5116.729696 126.041473
v 1817.107544 -5116.729530 126.040941
v 2452.704067 -5111.857450 110.364880
v 2558.712505 -5117.398825 131.237152
v 2453.285684 -5085.887905 61.594808
v 2559.114373 -5109.228346 103.980519
v 2559.884637 -5057.827067 35.036447
v 4014.629827 -3973.483909 1471.854400
v 4065.244387 -3832.196781 1500.602643
v 4048.960174 -3830.450424 1658.016173
v 4028.040209 -3820.099771 1731.059691
v 3846.030596 -3787.125403 1958.983875
v 3798.506745 -3771.171998 1986.737885
v 3644.086117 -3687.584359 2041.465979
v 2812.566529 -5088.137750 1498.901850
v 2954.674972 -5036.121357 1469.678955
v 2810.947870 -5068.181909 1669.435224
v 2798.751132 -5042.595830 1748.579975
v 2780.636244 -4969.605063 1864.934133
v 3352.081534 -4691.396443 1653.988688
v 3657.905109 -4353.130103 1727.801996
v 3784.793768 -4156.916636 1820.562193
v 3139.765585 -4487.649744 2006.069687
v 3468.256378 -4160.609380 2005.512335
v 3064.430755 -4415.546395 2038.502212
v 3395.123410 -4086.335415 2038.396418
v 4084.033384 -0.000302 1645.800637
v 3810.581366 -2765.855283 1993.416764
v 3777.302158 -0.000245 2010.081713
v 3675.068740 -2766.055240 2039.305940
v 3645.186053 -0.000371 2042.323408
v 1997.962949 -5118.162314 1559.169613
v 1331.975299 -5115.034471 1590.146461
v 1998.304246 -5093.949046 1691.117651
v 666.101416 -5036.011467 1816.718379
v 1332.202830 -5083.795110 1723.788941
v -4014.321927 -3974.163553 1034.050049
v -3938.670709 -4106.217806 1363.025299
v -2953.356729 -5036.719237 1034.050049
v -2810.667907 -5088.573532 1358.520630
v -3086.484091 -4959.429841 468.147557
v -4065.195036 -3832.412100 449.360182
v -3935.482485 -4107.359180 237.206315
v -2766.540997 -5037.473163 48.248270
v -2788.664757 -5070.685670 98.780711
v -2802.473819 -5088.169621 164.837380
v -2808.300201 -5089.117054 234.015061
v -1029.329696 -5089.375726 28.496472
v -2240.256348 -5116.729696 126.041473
v -1817.107544 -5116.729530 126.040941
v -2558.712505 -5117.398825 131.237152
v -2452.704067 -5111.857450 110.364880
v -2559.114373 -5109.228346 103.980519
v -2453.285684 -5085.887905 61.594808
v -2559.884637 -5057.827067 35.036447
v -3936.942624 -4102.069717 1574.122528
v -3911.180141 -4082.458904 1722.226185
v -3881.702512 -4067.470943 1787.932087
v -3817.937001 -4024.462296 1892.849730
v -3745.869495 -3981.438666 1962.643755
v -3665.095559 -3934.105921 2011.073625
v -3581.007946 -3878.469277 2039.474914
v -2954.674972 -5036.121357 1469.678955
v -2812.566529 -5088.137750 1498.901850
v -2810.947870 -5068.181909 1669.435224
v -2798.751132 -5042.595830 1748.579975
v -2780.636244 -4969.605063 1864.934133
v -3335.021637 -4675.798660 1728.290473
v -3784.793768 -4156.916636 1820.562193
v -3139.765585 -4487.649744 2006.069687
v -3064.430755 -4415.546395 2038.502212
v -4084.025973 -3686.964352 1645.823894
v -3810.581366 -2765.855283 1993.416764
v -3675.068740 -2766.055240 2039.305940
v 0.000000 -5120.500000 1528.417835
v -1331.975299 -5115.034471 1590.146461
v -666.101419 -5111.565947 1624.499092
v -1332.202830 -5083.795110 1723.788941
v -666.101416 -5036.011467 1816.718379
v 4014.629827 3973.483909 1471.854400
v 4065.121420 3832.733982 1362.196013
v 3086.041498 4959.754689 1361.522095
v 2810.334423 5088.650077 501.358484
v 2811.182777 5088.455399 268.503455
v 3940.014233 4104.386488 839.153428
v 4017.002613 3823.693408 106.483065
v 4048.227704 3827.855936 164.632520
v 4064.518780 3833.641655 252.164468
v 2954.675675 4908.919319 32.616564
v 2976.361431 4927.827476 52.806958
v 3087.221738 4958.888452 254.635377
v 1020.782468 5113.012619 62.672908
v 1024.750736 5101.092864 41.694185
v 4065.244387 3832.196781 1500.602643
v 4048.960174 3830.450424 1658.016173
v 4028.040209 3820.099771 1731.059691
v 3846.030596 3787.125403 1958.983875
v 3798.506745 3771.171998 1986.737885
v 3644.086117 3687.584359 2041.465979
v 3083.978462 4956.426797 1574.683941
v 3080.781542 4945.054319 1653.834303
v 3047.899234 4893.362318 1801.260440
v 3003.531054 4824.387260 1904.691640
v 2958.656181 4755.606658 1968.449294
v 2910.898944 4683.303687 2012.350524
v 2898.010067 4581.231400 2038.471798
v 3657.905109 4353.130103 1727.801996
v 3352.081534 4691.396443 1653.988688
v 3137.711465 4803.688506 1821.564669
v 3468.256378 4160.609380 2005.512335
v 3395.123410 4086.335415 2038.396418
v 1997.962949 5118.162314 1559.169613
v 1998.304246 5093.949046 1691.117651
v 1998.304246 5068.897330 1756.174157
v -4065.121420 3832.733982 1362.196013
v -3086.041498 4959.754689 1361.522095
v -2810.334423 5088.650077 501.358484
v -3086.484091 4959.429841 468.147557
v -4065.195036 3832.412100 449.360182
v -4064.518780 3833.641655 252.164468
v -2954.675675 4908.919319 32.616564
v -2976.361431 4927.827476 52.806958
v -3087.221738 4958.888452 254.635377
v -1029.329696 5089.375726 28.496472
v -3936.942624 4102.069717 1574.122528
v -3911.180141 4082.458904 1722.226185
v -3881.702512 4067.470943 1787.932087
v -3817.937001 4024.462296 1892.849730
v -3745.869495 3981.438666 1962.643755
v -3665.095559 3934.105921 2011.073625
v -3581.007946 3878.469277 2039.474914
v -3083.978462 4956.426797 1574.683941
v -3080.781542 4945.054319 1653.834303
v -3047.899234 4893.362318 1801.260440
v -3003.531054 4824.387260 1904.691640
v -2958.656181 4755.606658 1968.449294
v -2910.898944 4683.303687 2012.350524
v -2898.010067 4581.231400 2038.471798
v -3335.021637 4675.798660 1728.290473
v -3137.711465 4803.688506 1821.564669
v -4084.025973 3686.964352 1645.823894
v -666.101419 5111.565947 1624.499092
v -1998.304246 5068.897330 1756.174157
v 4065.121420 -3832.733982 1362.196013
v 3086.041498 -4959.754689 1361.522095
v 2810.334423 -5088.650077 501.358484
v 3086.484091 -4959.429841 468.147557
v 4065.195036 -3832.412100 449.360182
v 4064.518780 -3833.641655 252.164468
v 2954.675675 -4908.919319 32.616564
v 2976.361431 -4927.827476 52.806958
v 3087.221738 -4958.888452 254.635377
v 1029.329696 -5089.375726 28.496472
v 3936.942624 -4102.069717 1574.122528
v 3911.180141 -4082.458904 1722.226185
v 3881.702512 -4067.470943 1787.932087
v 3817.937001 -4024.462296 1892.849730
v 3745.869495 -3981.438666 1962.643755
v 3665.095559 -3934.105921 2011.073625
v 3581.007946 -3878.469277 2039.474914
v 3083.978462 -4956.426797 1574.683941
v 3080.781542 -4945.054319 1653.834303
v 3047.899234 -4893.362318 1801.260440
v 3003.531054 -4824.387260 1904.691640
v 2958.656181 -4755.606658 1968.449294
v 2910.898944 -4683.303687 2012.350524
v 2898.010067 -4581.231400 2038.471798
v 3335.021637 -4675.798660 1728.290473
v 3137.711465 -4803.688506 1821.564669
v 4084.025973 -3686.964352 1645.823894
v 666.101419 -5111.565947 1624.499092
v 1998.304246 -5068.897330 1756.174157
v -4014.629827 -3973.483909 1471.854400
v -4065.121420 -3832.733982 1362.196013
v -3086.041498 -4959.754689 1361.522095
v -2810.334423 -5088.650077 501.358484
v -2811.182777 -5088.455399 268.503455
v -3940.014233 -4104.386488 839.153428
v -4017.002613 -3823.693408 106.483065
v -4048.227704 -3827.855936 164.632520
v -4064.518780 -3833.641655 252.164468
v -2954.675675 -4908.919319 32.616564
v -2976.361431 -4927.827476 52.806958
v -3087.221738 -4958.888452 254.635377
v -1020.782468 -5113.012619 62.672908
v -1024.750736 -5101.092864 41.694185
v -4065.244387 -3832.196781 1500.602643
v -4048.960174 -3830.450424 1658.016173
v -4028.040209 -3820.099771 1731.059691
v -3846.030596 -3787.125403 1958.983875
v -3798.506745 -3771.171998 1986.737885
v -3644.086117 -3687.584359 2041.465979
v -3083.978462 -4956.426797 1574.683941
v -3080.781542 -4945.054319 1653.834303
v -3047.899234 -4893.362318 1801.260440
v -3003.531054 -4824.387260 1904.691640
v -2958.656181 -4755.606658 1968.449294
v -2910.898944 -4683.303687 2012.350524
v -2898.010067 -4581.231400 2038.471798
v -3657.905109 -4353.130103 1727.801996
v -3352.081534 -4691.396443 1653.988688
v -3137.711465 -4803.688506 1821.564669
v -3468.256378 -4160.609380 2005.512335
v -3395.123410 -4086.335415 2038.396418
v -1997.962949 -5118.162314 1559.169613
v -1998.304246 -5093.949046 1691.117651
v -1998.304246 -5068.897330 1756.174157
v 3939.192130 4105.506794 1143.708466
v 4064.786753 3834.196353 1143.708466
v 3893.864609 4165.255128 1198.537664
v 2810.667907 5088.573532 1142.206909
v 3085.544600 4960.119360 1142.206909
v 3146.395703 4913.170733 751.098803
v 4065.097204 3832.839768 839.153428
v 4081.442397 3760.035313 741.705115
v 4024.441275 3834.653996 121.135066
v 4052.018314 3834.457543 181.259834
v 4056.819328 3837.928829 198.809313
v 3974.451617 4044.631675 227.162553
v 2765.675050 5015.022147 30.645591
v 2956.804103 4922.933350 39.710006
v 2716.827449 5061.755559 56.902096
v 2786.741658 5044.118533 61.522023
v 2788.054554 5053.229467 72.501833
v 2727.603673 5093.639073 109.505293
v 2802.492999 5075.840729 116.082340
v 2803.299637 5081.134380 133.189013
v 2734.417910 5102.386406 143.417101
v 2809.089074 5088.936030 201.667012
v 3078.910699 4960.642448 208.911407
v 1024.668410 5108.077380 53.231737
v 2612.809560 5097.530507 85.411399
v 2559.669048 5095.393167 76.499606
v 2559.928894 5078.522521 54.364291
v 2613.218166 5072.169211 50.135349
v 3938.996227 4105.774134 1501.431929
v 3890.436320 4160.152364 1595.117823
v 4062.721193 3832.534774 1559.634122
v 3927.217940 4099.361771 1648.448886
v 3879.017434 4151.666381 1670.466326
v 4038.657279 3829.947027 1690.691399
v 3822.094141 4100.538776 1833.413658
v 3855.564150 4041.180040 1844.105576
v 3928.009614 3931.363995 1832.961307
v 3790.309087 3995.820809 1926.952895
v 3776.311591 3981.661787 1943.178948
v 3716.376147 3950.381335 1985.539141
v 3813.765544 3787.016377 1976.333810
v 3701.567547 3934.953381 1996.981596
v 3614.928362 3978.592424 2014.185186
v 3540.682917 3901.131477 2041.129323
v 3087.609780 4958.603979 1501.903302
v 2739.454969 5104.012309 1544.776911
v 2813.449080 5085.275438 1561.696511
v 2810.328735 5082.027915 1599.956100
v 2738.932760 5095.285267 1630.173187
v 3081.006307 4953.807671 1613.008802
v 2731.542445 5030.671006 1797.662954
v 2797.887160 5009.182973 1808.888078
v 3050.183237 4913.470150 1768.928241
v 2780.200780 4924.261290 1912.073595
v 3005.771410 4850.382956 1880.684676
v 2959.985544 4783.091389 1953.429064
v 2911.367902 4711.734892 2002.857902
v 3267.095581 4768.164027 1672.686212
v 2955.651622 4634.899801 2014.889616
v 3759.032902 3226.964406 2015.759129
v 3690.741957 3227.064467 2036.983499
v 0.000000 5104.108864 1658.427384
v 0.000000 5052.723880 1785.950187
v -3893.864609 4165.255128 1198.537664
v -3939.192130 4105.506794 1143.708466
v -4064.786753 3834.196353 1143.708466
v -2810.667907 5088.573532 1142.206909
v -3085.544600 4960.119360 1142.206909
v -2811.652815 5088.347507 307.189168
v -3087.572979 4958.630677 273.978235
v -3894.622194 4164.417130 936.601744
v -3939.441289 4105.167231 450.809686
v -4030.310382 3772.224755 85.559009
v -4024.441275 3834.653996 121.135066
v -4032.486201 3832.853049 134.832660
v -3974.451617 4044.631675 227.162553
v -4056.819328 3837.928829 198.809313
v -2716.827449 5061.755559 56.902096
v -2765.675050 5015.022147 30.645591
v -2956.804103 4922.933350 39.710006
v -2727.603673 5093.639073 109.505293
v -2788.054554 5053.229467 72.501833
v -2786.741658 5044.118533 61.522023
v -2734.417910 5102.386406 143.417101
v -2803.299637 5081.134380 133.189013
v -2802.492999 5075.840729 116.082340
v -2809.089074 5088.936030 201.667012
v -3078.910699 4960.642448 208.911407
v -1024.668410 5108.077380 53.231737
v -1027.790159 5094.169490 33.669943
v -2559.669048 5095.393167 76.499606
v -2612.809560 5097.530507 85.411399
v -2613.218166 5072.169211 50.135349
v -2559.928894 5078.522521 54.364291
v -3938.996227 4105.774134 1501.431929
v -4062.721193 3832.534774 1559.634122
v -4059.547175 3829.264107 1597.500119
v -3934.471913 4098.961153 1612.061430
v -4001.946290 3885.344203 1743.626404
v -3896.440738 4069.996204 1763.304681
v -3838.523523 4026.380530 1871.362000
v -3776.311591 3981.661787 1943.178948
v -3813.765544 3787.016377 1976.333810
v -3776.836941 3688.384509 2007.231662
v -3729.441523 3771.314094 2016.363440
v -3701.567547 3934.953381 1996.981596
v -3674.775452 3687.865772 2038.414492
v -2813.449080 5085.275438 1561.696511
v -2739.454969 5104.012309 1544.776911
v -3087.609780 4958.603979 1501.903302
v -3081.006307 4953.807671 1613.008802
v -2738.932760 5095.285267 1630.173187
v -2810.328735 5082.027915 1599.956100
v -2797.887160 5009.182973 1808.888078
v -3050.183237 4913.470150 1768.928241
v -2731.542445 5030.671006 1797.662954
v -2780.200780 4924.261290 1912.073595
v -3005.771410 4850.382956 1880.684676
v -2959.985544 4783.091389 1953.429064
v -2911.367902 4711.734892 2002.857902
v -3673.744125 4369.762833 1653.922815
v -3750.199959 4285.196190 1672.376115
v -3614.928362 3978.592424 2014.185186
v -3540.682917 3901.131477 2041.129323
v -3690.741957 3227.064467 2036.983499
v -2330.956774 5116.598983 1574.652189
v -1998.076715 5111.566947 1624.487378
v -2331.127422 5109.022072 1642.618702
v 3893.864609 -4165.255128 1198.537664
v 3939.192130 -4105.506794 1143.708466
v 4064.786753 -3834.196353 1143.708466
v 2810.667907 -5088.573532 1142.206909
v 3085.544600 -4960.119360 1142.206909
v 2811.652815 -5088.347507 307.189168
v 3087.572979 -4958.630677 273.978235
v 3894.622194 -4164.417130 936.601744
v 3939.441289 -4105.167231 450.809686
v 4030.310382 -3772.224755 85.559009
v 4024.441275 -3834.653996 121.135066
v 4032.486201 -3832.853049 134.832660
v 3974.451617 -4044.631675 227.162553
v 4056.819328 -3837.928829 198.809313
v 2716.827449 -5061.755559 56.902096
v 2765.675050 -5015.022147 30.645591
v 2956.804103 -4922.933350 39.710006
v 2727.603673 -5093.639073 109.505293
v 2788.054554 -5053.229467 72.501833
v 2786.741658 -5044.118533 61.522023
v 2734.417910 -5102.386406 143.417101
v 2803.299637 -5081.134380 133.189013
v 2802.492999 -5075.840729 116.082340
v 2809.089074 -5088.936030 201.667012
v 3078.910699 -4960.642448 208.911407
v 1024.668410 -5108.077380 53.231737
v 1027.790159 -5094.169490 33.669943
v 2559.669048 -5095.393167 76.499606
v 2612.809560 -5097.530507 85.411399
v 2613.218166 -5072.169211 50.135349
v 2559.928894 -5078.522521 54.364291
v 3938.996227 -4105.774134 1501.431929
v 4062.721193 -3832.534774 1559.634122
v 4059.547175 -3829.264107 1597.500119
v 3934.471913 -4098.961153 1612.061430
v 4001.946290 -3885.344203 1743.626404
v 3896.440738 -4069.996204 1763.304681
v 3838.523523 -4026.380530 1871.362000
v 3776.311591 -3981.661787 1943.178948
v 3813.765544 -3787.016377 1976.333810
v 3776.836941 -3688.384509 2007.231662
v 3729.441523 -3771.314094 2016.363440
v 3701.567547 -3934.953381 1996.981596
v 3674.775452 -3687.865772 2038.414492
v 2813.449080 -5085.275438 1561.696511
v 2739.454969 -5104.012309 1544.776911
v 3087.609780 -4958.603979 1501.903302
v 3081.006307 -4953.807671 1613.008802
v 2738.932760 -5095.285267 1630.173187
v 2810.328735 -5082.027915 1599.956100
v 2797.887160 -5009.182973 1808.888078
v 3050.183237 -4913.470150 1768.928241
v 2731.542445 -5030.671006 1797.662954
v 2780.200780 -4924.261290 1912.073595
v 3005.771410 -4850.382956 1880.684676
v 2959.985544 -4783.091389 1953.429064
v 2911.367902 -4711.734892 2002.857902
v 3673.744125 -4369.762833 1653.922815
v 3750.199959 -4285.196190 1672.376115
v 3614.928362 -3978.592424 2014.185186
v 3540.682917 -3901.131477 2041.129323
v 3690.741957 -3227.064467 2036.983499
v 2330.956774 -5116.598983 1574.652189
v 1998.076715 -5111.566947 1624.487378
v 2331.127422 -5109.022072 1642.618702
v 0.000000 -5052.723880 1785.950187
v -3939.192130 -4105.506794 1143.708466
v -4064.786753 -3834.196353 1143.708466
v -3893.864609 -4165.255128 1198.537664
v -2810.667907 -5088.573532 1142.206909
v -3085.544600 -4960.119360 1142.206909
v -3146.395703 -4913.170733 751.098803
v -4065.097204 -3832.839768 839.153428
v -4081.442397 -3760.035313 741.705115
v -4024.441275 -3834.653996 121.135066
v -4052.018314 -3834.457543 181.259834
v -4056.819328 -3837.928829 198.809313
v -3974.451617 -4044.631675 227.162553
v -2765.675050 -5015.022147 30.645591
v -2956.804103 -4922.933350 39.710006
v -2716.827449 -5061.755559 56.902096
v -2786.741658 -5044.118533 61.522023
v -2788.054554 -5053.229467 72.501833
v -2727.603673 -5093.639073 109.505293
v -2802.492999 -5075.840729 116.082340
v -2803.299637 -5081.134380 133.189013
v -2734.417910 -5102.386406 143.417101
v -2809.089074 -5088.936030 201.667012
v -3078.910699 -4960.642448 208.911407
v -1024.668410 -5108.077380 53.231737
v -2612.809560 -5097.530507 85.411399
v -2559.669048 -5095.393167 76.499606
v -2559.928894 -5078.522521 54.364291
v -2613.218166 -5072.169211 50.135349
v -3938.996227 -4105.774134 1501.431929
v -3890.436320 -4160.152364 1595.117823
v -4062.721193 -3832.534774 1559.634122
v -3927.217940 -4099.361771 1648.448886
v -3879.017434 -4151.666381 1670.466326
v -4038.657279 -3829.947027 1690.691399
v -3822.094141 -4100.538776 1833.413658
v -3855.564150 -4041.180040 1844.105576
v -3928.009614 -3931.363995 1832.961307
v -3790.309087 -3995.820809 1926.952895
v -3776.311591 -3981.661787 1943.178948
v -3716.376147 -3950.381335 1985.539141
v -3813.765544 -3787.016377 1976.333810
v -3701.567547 -3934.953381 1996.981596
v -3614.928362 -3978.592424 2014.185186
v -3540.682917 -3901.131477 2041.129323
v -3087.609780 -4958.603979 1501.903302
v -2739.454969 -5104.012309 1544.776911
v -2813.449080 -5085.275438 1561.696511
v -2810.328735 -5082.027915 1599.956100
v -2738.932760 -5095.285267 1630.173187
v -3081.006307 -4953.807671 1613.008802
v -2731.542445 -5030.671006 1797.662954
v -2797.887160 -5009.182973 1808.888078
v -3050.183237 -4913.470150 1768.928241
v -2780.200780 -4924.261290 1912.073595
v -3005.771410 -4850.382956 1880.684676
v -2959.985544 -4783.091389 1953.429064
v -2911.367902 -4711.734892 2002.857902
v -3267.095581 -4768.164027 1672.686212
v -2955.651622 -4634.899801 2014.889616
v -3759.032902 -3226.964490 2015.759129
v -3690.741957 -3227.064467 2036.983499
v 0.000000 -5104.108864 1658.427384
v 4081.420927 3760.198275 1198.123031
v 3146.193204 4913.353934 1197.786072
v 2810.509503 5088.609890 856.486199
v 3085.413769 4960.215376 856.486199
v 3087.572979 4958.630677 273.978235
v 2811.652815 5088.347507 307.189168
v 3939.441289 4105.167231 450.809686
v 3894.622194 4164.417130 936.601744
v 4030.310382 3772.224755 85.559009
v 4032.486201 3832.853049 134.832660
v 4077.120317 3763.558893 218.988830
v 4060.276393 3836.685266 217.935568
v 3938.452341 4106.216376 254.224817
v 2809.888644 5088.156050 182.382828
v 3081.829664 4960.344304 223.960380
v 2810.757511 5088.553012 249.160598
v 1027.790159 5094.169490 33.669943
v 3934.471913 4098.961153 1612.061430
v 4059.547175 3829.264107 1597.500119
v 3896.440738 4069.996204 1763.304681
v 4001.946290 3885.344203 1743.626404
v 3838.523523 4026.380530 1871.362000
v 3729.441523 3771.314094 2016.363440
v 3776.836941 3688.384509 2007.231662
v 3674.775452 3687.865772 2038.414492
v 3141.968703 4909.082676 1595.482334
v 3063.399716 4929.214076 1728.013321
v 2809.875677 5056.557737 1706.659709
v 3124.441171 4889.109738 1710.518423
v 3019.791537 4865.660526 1855.708694
v 2795.207574 4986.315185 1841.249151
v 3105.546261 4860.550383 1783.512501
v 2974.357908 4796.948281 1937.191925
v 2927.049723 4726.408773 1991.392522
v 3750.199959 4285.196190 1672.376115
v 3673.744125 4369.762833 1653.922815
v 2330.956774 5116.598983 1574.652189
v 2331.127422 5109.022072 1642.618702
v 1998.076715 5111.566947 1624.487378
v 1997.803930 5035.980721 1816.774222
v 2330.854637 5044.202268 1801.638207
v -4081.420927 3760.198275 1198.123031
v -3146.193204 4913.353934 1197.786072
v -2810.509503 5088.609890 856.486199
v -3085.413769 4960.215376 856.486199
v -3146.395703 4913.170733 751.098803
v -4081.442397 3760.035313 741.705115
v -4065.097204 3832.839768 839.153428
v -4052.018314 3834.457543 181.259834
v -4060.276393 3836.685266 217.935568
v -3938.452341 4106.216376 254.224817
v -4077.120317 3763.558893 218.988830
v -2809.888644 5088.156050 182.382828
v -2810.757511 5088.553012 249.160598
v -3081.829664 4960.344304 223.960380
v -3890.436320 4160.152364 1595.117823
v -4038.657279 3829.947027 1690.691399
v -3879.017434 4151.666381 1670.466326
v -3927.217940 4099.361771 1648.448886
v -3855.564150 4041.180040 1844.105576
v -3928.009614 3931.363995 1832.961307
v -3822.094141 4100.538776 1833.413658
v -3790.309087 3995.820809 1926.952895
v -3716.376147 3950.381335 1985.539141
v -3141.968703 4909.082676 1595.482334
v -3124.441171 4889.109738 1710.518423
v -3063.399716 4929.214076 1728.013321
v -2809.875677 5056.557737 1706.659709
v -3105.546261 4860.550383 1783.512501
v -3019.791537 4865.660526 1855.708694
v -2795.207574 4986.315185 1841.249151
v -2974.357908 4796.948281 1937.191925
v -2927.049723 4726.408773 1991.392522
v -2955.651622 4634.899801 2014.889616
v -3267.095581 4768.164027 1672.686212
v -3759.032902 3226.964406 2015.759129
v -2330.854637 5044.202268 1801.638207
v -1997.803930 5035.980721 1816.774222
v 4081.420927 -3760.198275 1198.123031
v 3146.193204 -4913.353934 1197.786072
v 2810.509503 -5088.609890 856.486199
v 3085.413769 -4960.215376 856.486199
v 3146.395703 -4913.170733 751.098803
v 4081.442397 -3760.035313 741.705115
v 4065.097204 -3832.839768 839.153428
v 4052.018314 -3834.457543 181.259834
v 4060.276393 -3836.685266 217.935568
v 3938.452341 -4106.216376 254.224817
v 4077.120317 -3763.558893 218.988830
v 2809.888644 -5088.156050 182.382828
v 2810.757511 -5088.553012 249.160598
v 3081.829664 -4960.344304 223.960380
v 3890.436320 -4160.152364 1595.117823
v 4038.657279 -3829.947027 1690.691399
v 3879.017434 -4151.666381 1670.466326
v 3927.217940 -4099.361771 1648.448886
v 3855.564150 -4041.180040 1844.105576
v 3928.009614 -3931.363995 1832.961307
v 3822.094141 -4100.538776 1833.413658
v 3790.309087 -3995.820809 1926.952895
v 3716.376147 -3950.381335 1985.539141
v 3141.968703 -4909.082676 1595.482334
v 3124.441171 -4889.109738 1710.518423
v 3063.399716 -4929.214076 1728.013321
v 2809.875677 -5056.557737 1706.659709
v 3105.546261 -4860.550383 1783.512501
v 3019.791537 -4865.660526 1855.708694
v 2795.207574 -4986.315185 1841.249151
v 2974.357908 -4796.948281 1937.191925
v 2927.049723 -4726.408773 1991.392522
v 2955.651622 -4634.899801 2014.889616
v 3267.095581 -4768.164027 1672.686212
v 3759.032902 -3226.964490 2015.759129
v 2330.854637 -5044.202268 1801.638207
v 1997.803930 -5035.980721 1816.774222
v -4081.420927 -3760.198275 1198.123031
v -3146.193204 -4913.353934 1197.786072
v -2810.509503 -5088.609890 856.486199
v -3085.413769 -4960.215376 856.486199
v -3087.572979 -4958.630677 273.978235
v -2811.652815 -5088.347507 307.189168
v -3939.441289 -4105.167231 450.809686
v -3894.622194 -4164.417130 936.601744
v -4030.310382 -3772.224755 85.559009
v -4032.486201 -3832.853049 134.832660
v -4077.120317 -3763.558893 218.988830
v -4060.276393 -3836.685266 217.935568
v -3938.452341 -4106.216376 254.224817
v -2809.888644 -5088.156050 182.382828
v -3081.829664 -4960.344304 223.960380
v -2810.757511 -5088.553012 249.160598
v -1027.790159 -5094.169490 33.669943
v -3934.471913 -4098.961153 1612.061430
v -4059.547175 -3829.264107 1597.500119
v -3896.440738 -4069.996204 1763.304681
v -4001.946290 -3885.344203 1743.626404
v -3838.523523 -4026.380530 1871.362000
v -3729.441523 -3771.314094 2016.363440
v -3776.836941 -3688.384509 2007.231662
v -3674.775452 -3687.865772 2038.414492
v -3141.968703 -4909.082676 1595.482334
v -3063.399716 -4929.214076 1728.013321
v -2809.875677 -5056.557737 1706.659709
v -3124.441171 -4889.109738 1710.518423
v -3019.791537 -4865.660526 1855.708694
v -2795.207574 -4986.315185 1841.249151
v -3105.546261 -4860.550383 1783.512501
v -2974.357908 -4796.948281 1937.191925
v -2927.049723 -4726.408773 1991.392522
v -3750.199959 -4285.196190 1672.376115
v -3673.744125 -4369.762833 1653.922815
v -2330.956774 -5116.598983 1574.652189
v -2331.127422 -5109.022072 1642.618702
v -1998.076715 -5111.566947 1624.487378
v -1997.803930 -5035.980721 1816.774222
v -2330.854637 -5044.202268 1801.638207
v 3979.640663 4041.521019 1088.879257
v 3939.779263 4104.706561 1034.050049
v 4065.008503 3833.227365 1034.050049
v 4042.213094 3906.135475 1198.537674
v 3978.910203 4042.770523 1308.196088
v 2883.059552 5065.763957 1088.128479
v 2810.667907 5088.573532 1034.050049
v 3085.544600 4960.119360 1034.050049
v 3021.170411 5001.358855 1196.285339
v 2883.059552 5065.763957 1304.442200
v 3021.528270 5001.149494 573.534952
v 2884.043394 5065.433472 395.971102
v 4042.753877 3904.522178 936.601738
v 3980.193100 4040.576078 741.705117
v 4042.951522 3903.932503 546.808494
v 4002.615776 3899.331455 120.250695
v 4029.502295 3904.396585 180.564662
v 4035.957593 3909.522673 207.903150
v 2666.654132 5063.783203 47.565063
v 2728.020312 5079.252731 82.245313
v 2848.317269 5044.063884 91.156913
v 2666.173816 5097.548847 94.558326
v 2869.926973 5056.625577 132.463363
v 2870.539045 5064.359200 156.311220
v 2881.241778 5065.349408 193.101997
v 3016.389964 5000.057371 196.819360
v 3016.235529 5002.289995 214.920228
v 2880.594751 5066.591941 211.636928
v 2559.063307 5112.883553 115.728167
v 2639.091603 5105.210405 103.410059
v 2559.911968 5086.080739 63.509494
v 3978.439704 4040.278658 1552.501518
v 4038.712566 3901.606178 1583.149313
v 3954.700977 4027.041821 1698.476750
v 3826.623246 4200.230192 1690.734508
v 3861.552058 4133.515338 1744.505867
v 4008.796593 3890.784707 1723.331134
v 3944.196875 4017.548934 1739.779469
v 3845.733831 4125.047469 1776.569093
v 3914.195822 4007.326220 1796.960826
v 3884.578887 3979.800137 1853.481971
v 3845.259975 3969.627890 1900.024527
v 3560.480262 3921.706069 2038.250162
v 2885.852856 5064.825650 1515.014030
v 2811.359223 5088.414858 1468.178223
v 3086.612602 4959.335751 1471.179674
v 3022.891378 5000.352265 1485.791128
v 2882.819704 5054.465461 1640.395692
v 2664.801105 5098.618395 1657.316787
v 2738.339342 5076.156644 1696.692870
v 3018.136444 4987.169536 1650.025696
v 2732.406059 5064.081921 1737.353700
v 2864.355181 5016.865249 1757.474915
v 2988.703014 4932.707171 1800.448064
v 2862.253635 4981.321502 1820.736606
v 2838.782405 4944.319577 1872.873040
v 2780.777074 4948.494843 1889.826236
v 2951.701419 4884.672529 1880.841767
v 2838.964491 4922.837222 1897.478298
v 3182.109661 4844.931644 1691.383753
v 3216.072604 4798.748882 1719.185837
v 2974.322134 4652.277947 2006.083125
v 3802.597169 3457.385695 1997.753407
v 3785.993504 2996.409738 2006.772106
v 1997.962949 5115.035062 1590.140613
v 0.000000 5111.566324 1624.494247
v 1998.304246 5083.793635 1723.793685
v 0.000000 5036.146227 1816.470343
v -3978.910203 4042.770523 1308.196088
v -4042.213094 3906.135475 1198.537674
v -4065.008503 3833.227365 1034.050049
v -3939.779263 4104.706561 1034.050049
v -3979.640663 4041.521019 1088.879257
v -2883.059552 5065.763957 1196.285339
v -3021.170411 5001.358855 1196.285339
v -3085.544600 4960.119360 1034.050049
v -2810.667907 5088.573532 1034.050049
v -2883.059552 5065.763957 1088.128479
v -2884.453947 5065.295565 279.543565
v -3022.910768 5000.340683 262.938101
v -3980.193100 4040.576078 741.705117
v -4042.509549 3905.250951 350.626956
v -3979.226945 4042.228519 351.351702
v -4002.615776 3899.331455 120.250695
v -4024.040284 3894.560193 154.855661
v -4035.957593 3909.522673 207.903150
v -2666.654132 5063.783203 47.565063
v -2666.173816 5097.548847 94.558326
v -2728.020312 5079.252731 82.245313
v -2848.317269 5044.063884 91.156913
v -2870.539045 5064.359200 156.311220
v -2869.926973 5056.625577 132.463363
v -2880.594751 5066.591941 211.636928
v -3016.235529 5002.289995 214.920228
v -3016.389964 5000.057371 196.819360
v -2881.241778 5065.349408 193.101997
v -2559.063307 5112.883553 115.728167
v -2559.911968 5086.080739 63.509494
v -2639.091603 5105.210405 103.410059
v -4042.715333 3904.637320 1515.391393
v -4065.424750 3831.408612 1471.439772
v -3939.473787 4105.123233 1472.269058
v -3979.744868 4041.343061 1486.643165
v -4033.604025 3901.158025 1632.529036
v -3968.630717 4036.628128 1644.216600
v -3935.727868 4010.674888 1759.627049
v -3875.978127 3972.353349 1867.033279
v -3780.780733 3934.342733 1960.660077
v -3829.923809 3836.533854 1958.705748
v -3753.006788 3729.920525 2012.564268
v -3741.438061 3812.843868 2008.722425
v -3691.133714 3894.151199 2011.401616
v -2885.852856 5064.825650 1515.014030
v -3022.891378 5000.352265 1485.791128
v -3086.612602 4959.335751 1471.179674
v -2811.359223 5088.414858 1468.178223
v -2882.819704 5054.465461 1640.395692
v -3018.136444 4987.169536 1650.025696
v -2738.339342 5076.156644 1696.692870
v -2664.801105 5098.618395 1657.316787
v -2862.253635 4981.321502 1820.736606
v -2988.703014 4932.707171 1800.448064
v -2864.355181 5016.865249 1757.474915
v -2732.406059 5064.081921 1737.353700
v -2838.964491 4922.837222 1897.478298
v -2951.701419 4884.672529 1880.841767
v -2780.777074 4948.494843 1889.826236
v -2838.782405 4944.319577 1872.873040
v -3826.623246 4200.230192 1690.734508
v -3780.508302 4234.596433 1718.542331
v -3560.480262 3921.706069 2038.250162
v -2497.453686 5115.817318 1582.393478
v -1332.089065 5111.566356 1624.493226
v -1997.962949 5115.035062 1590.140613
v -2497.766542 5096.407117 1683.208565
v -2331.354953 5088.870603 1707.458040
v -1998.304246 5083.793635 1723.793685
v 3978.910203 -4042.770523 1308.196088
v 4042.213094 -3906.135475 1198.537674
v 4065.008503 -3833.227365 1034.050049
v 3939.779263 -4104.706561 1034.050049
v 3979.640663 -4041.521019 1088.879257
v 2883.059552 -5065.763957 1196.285339
v 3021.170411 -5001.358855 1196.285339
v 3085.544600 -4960.119360 1034.050049
v 2810.667907 -5088.573532 1034.050049
v 2883.059552 -5065.763957 1088.128479
v 2884.453947 -5065.295565 279.543565
v 3022.910768 -5000.340683 262.938101
v 3980.193100 -4040.576078 741.705117
v 4042.509549 -3905.250951 350.626956
v 3979.226945 -4042.228519 351.351702
v 4002.615776 -3899.331455 120.250695
v 4024.040284 -3894.560193 154.855661
v 4035.957593 -3909.522673 207.903150
v 2666.654132 -5063.783203 47.565063
v 2666.173816 -5097.548847 94.558326
v 2728.020312 -5079.252731 82.245313
v 2848.317269 -5044.063884 91.156913
v 2870.539045 -5064.359200 156.311220
v 2869.926973 -5056.625577 132.463363
v 2880.594751 -5066.591941 211.636928
v 3016.235529 -5002.289995 214.920228
v 3016.389964 -5000.057371 196.819360
v 2881.241778 -5065.349408 193.101997
v 2559.063307 -5112.883553 115.728167
v 2559.911968 -5086.080739 63.509494
v 2639.091603 -5105.210405 103.410059
v 4042.715333 -3904.637320 1515.391393
v 4065.424750 -3831.408612 1471.439772
v 3939.473787 -4105.123233 1472.269058
v 3979.744868 -4041.343061 1486.643165
v 4033.604025 -3901.158025 1632.529036
v 3968.630717 -4036.628128 1644.216600
v 3935.727868 -4010.674888 1759.627049
v 3875.978127 -3972.353349 1867.033279
v 3780.780733 -3934.342733 1960.660077
v 3829.923809 -3836.533854 1958.705748
v 3753.006788 -3729.920525 2012.564268
v 3741.438061 -3812.843868 2008.722425
v 3691.133714 -3894.151199 2011.401616
v 2885.852856 -5064.825650 1515.014030
v 3022.891378 -5000.352265 1485.791128
v 3086.612602 -4959.335751 1471.179674
v 2811.359223 -5088.414858 1468.178223
v 2882.819704 -5054.465461 1640.395692
v 3018.136444 -4987.169536 1650.025696
v 2738.339342 -5076.156644 1696.692870
v 2664.801105 -5098.618395 1657.316787
v 2862.253635 -4981.321502 1820.736606
v 2988.703014 -4932.707171 1800.448064
v 2864.355181 -5016.865249 1757.474915
v 2732.406059 -5064.081921 1737.353700
v 2838.964491 -4922.837222 1897.478298
v 2951.701419 -4884.672529 1880.841767
v 2780.777074 -4948.494843 1889.826236
v 2838.782405 -4944.319577 1872.873040
v 3826.623246 -4200.230192 1690.734508
v 3780.508302 -4234.596433 1718.542331
v 3560.480262 -3921.706069 2038.250162
v 2497.453686 -5115.817318 1582.393478
v 1332.089065 -5111.566356 1624.493226
v 1997.962949 -5115.035062 1590.140613
v 2497.766542 -5096.407117 1683.208565
v 2331.354953 -5088.870603 1707.458040
v 0.000000 -5036.146227 1816.470343
v 1998.304246 -5083.793635 1723.793685
v -3979.640663 -4041.521019 1088.879257
v -3939.779263 -4104.706561 1034.050049
v -4065.008503 -3833.227365 1034.050049
v -4042.213094 -3906.135475 1198.537674
v -3978.910203 -4042.770523 1308.196088
v -2883.059552 -5065.763957 1088.128479
v -2810.667907 -5088.573532 1034.050049
v -3085.544600 -4960.119360 1034.050049
v -3021.170411 -5001.358855 1196.285339
v -2883.059552 -5065.763957 1304.442200
v -3021.528270 -5001.149494 573.534952
v -2884.043394 -5065.433472 395.971102
v -4042.753877 -3904.522178 936.601738
v -3980.193100 -4040.576078 741.705117
v -4042.951522 -3903.932503 546.808494
v -4002.615776 -3899.331455 120.250695
v -4029.502295 -3904.396585 180.564662
v -4035.957593 -3909.522673 207.903150
v -2666.654132 -5063.783203 47.565063
v -2728.020312 -5079.252731 82.245313
v -2848.317269 -5044.063884 91.156913
v -2666.173816 -5097.548847 94.558326
v -2869.926973 -5056.625577 132.463363
v -2870.539045 -5064.359200 156.311220
v -2881.241778 -5065.349408 193.101997
v -3016.389964 -5000.057371 196.819360
v -3016.235529 -5002.289995 214.920228
v -2880.594751 -5066.591941 211.636928
v -2559.063307 -5112.883553 115.728167
v -2639.091603 -5105.210405 103.410059
v -2559.911968 -5086.080739 63.509494
v -3978.439704 -4040.278658 1552.501518
v -4038.712566 -3901.606178 1583.149313
v -3954.700977 -4027.041821 1698.476750
v -3826.623246 -4200.230192 1690.734508
v -3861.552058 -4133.515338 1744.505867
v -4008.796593 -3890.784707 1723.331134
v -3944.196875 -4017.548934 1739.779469
v -3845.733831 -4125.047469 1776.569093
v -3914.195822 -4007.326220 1796.960826
v -3884.578887 -3979.800137 1853.481971
v -3845.259975 -3969.627890 1900.024527
v -3560.480262 -3921.706069 2038.250162
v -2885.852856 -5064.825650 1515.014030
v -2811.359223 -5088.414858 1468.178223
v -3086.612602 -4959.335751 1471.179674
v -3022.891378 -5000.352265 1485.791128
v -2882.819704 -5054.465461 1640.395692
v -2664.801105 -5098.618395 1657.316787
v -2738.339342 -5076.156644 1696.692870
v -3018.136444 -4987.169536 1650.025696
v -2732.406059 -5064.081921 1737.353700
v -2864.355181 -5016.865249 1757.474915
v -2988.703014 -4932.707171 1800.448064
v -2862.253635 -4981.321502 1820.736606
v -2838.782405 -4944.319577 1872.873040
v -2780.777074 -4948.494843 1889.826236
v -2951.701419 -4884.672529 1880.841767
v -2838.964491 -4922.837222 1897.478298
v -3182.109661 -4844.931644 1691.383753
v -3216.072604 -4798.748882 1719.185837
v -2974.322134 -4652.277947 2006.083125
v -3802.597169 -3457.385737 1997.753407
v -3785.993504 -2996.409864 2006.772106
v -1997.962949 -5115.035062 1590.140613
v 0.000000 -5111.566324 1624.494247
v -1998.304246 -5083.793635 1723.793685
v 4042.450354 3905.427730 1307.781447
v 4065.424750 3831.408612 1471.439772
v 3939.473787 4105.123233 1472.269058
v 3979.606750 4041.579291 1417.439846
v 3021.435001 5001.204110 1305.942926
v 2883.742076 5065.534688 1414.099792
v 2882.741775 5065.870703 590.140416
v 3020.958380 5001.482900 767.704273
v 2882.982894 5065.789708 945.268124
v 2884.453947 5065.295565 279.543565
v 3022.910768 5000.340683 262.938101
v 3979.226945 4042.228519 351.351702
v 4042.509549 3905.250951 350.626956
v 4024.040284 3894.560193 154.855661
v 4041.881012 3905.768371 251.702493
v 3978.589491 4042.669503 252.730790
v 4037.239729 3908.751232 217.513792
v 2868.674603 5049.515664 115.336444
v 2881.393604 5064.267763 183.534162
v 3022.723753 5000.450094 253.266671
v 2883.828286 5065.505741 250.529280
v 3019.206347 5002.258493 229.943787
v 4042.715333 3904.637320 1515.391393
v 3979.744868 4041.343061 1486.643165
v 4033.604025 3901.158025 1632.529036
v 3968.630717 4036.628128 1644.216600
v 3935.727868 4010.674888 1759.627049
v 3875.978127 3972.353349 1867.033279
v 3829.923809 3836.533854 1958.705748
v 3780.780733 3934.342733 1960.660077
v 3741.438061 3812.843868 2008.722425
v 3691.133714 3894.151199 2011.401616
v 3753.006788 3729.920525 2012.564268
v 3022.219676 4998.729429 1553.253406
v 2883.222024 5060.487102 1585.048174
v 2997.556334 4960.740431 1747.671142
v 2870.654275 5026.039457 1737.771557
v 3016.868343 4980.817425 1669.727141
v 3141.228977 4904.345895 1635.186785
v 2958.763338 4892.399943 1868.438517
v 2860.469485 4968.565031 1836.655550
v 3034.896148 4880.943222 1829.950226
v 2987.745714 4922.968943 1816.812826
v 3780.508302 4234.596433 1718.542331
v 2497.453686 5115.817318 1582.393478
v 2331.354953 5088.870603 1707.458040
v 2497.766542 5096.407117 1683.208565
v 1332.089065 5111.566356 1624.493226
v 2497.630149 5064.771346 1763.770167
v 2331.354953 5077.118877 1741.038142
v -4042.450354 3905.427730 1307.781447
v -3979.606750 4041.579291 1417.439846
v -3021.435001 5001.204110 1305.942926
v -2883.742076 5065.534688 1414.099792
v -2882.982894 5065.789708 945.268124
v -3020.958380 5001.482900 767.704273
v -2882.741775 5065.870703 590.140416
v -3021.528270 5001.149494 573.534952
v -2884.043394 5065.433472 395.971102
v -4042.951522 3903.932503 546.808494
v -4042.753877 3904.522178 936.601738
v -4029.502295 3904.396585 180.564662
v -4037.239729 3908.751232 217.513792
v -3978.589491 4042.669503 252.730790
v -4041.881012 3905.768371 251.702493
v -2868.674603 5049.515664 115.336444
v -2881.393604 5064.267763 183.534162
v -3019.206347 5002.258493 229.943787
v -2883.828286 5065.505741 250.529280
v -3022.723753 5000.450094 253.266671
v -3978.439704 4040.278658 1552.501518
v -4038.712566 3901.606178 1583.149313
v -3944.196875 4017.548934 1739.779469
v -4008.796593 3890.784707 1723.331134
v -3861.552058 4133.515338 1744.505867
v -3954.700977 4027.041821 1698.476750
v -3884.578887 3979.800137 1853.481971
v -3914.195822 4007.326220 1796.960826
v -3845.733831 4125.047469 1776.569093
v -3845.259975 3969.627890 1900.024527
v -3022.219676 4998.729429 1553.253406
v -2883.222024 5060.487102 1585.048174
v -3141.228977 4904.345895 1635.186785
v -3182.109661 4844.931644 1691.383753
v -3016.868343 4980.817425 1669.727141
v -2870.654275 5026.039457 1737.771557
v -2997.556334 4960.740431 1747.671142
v -2987.745714 4922.968943 1816.812826
v -3034.896148 4880.943222 1829.950226
v -2860.469485 4968.565031 1836.655550
v -2958.763338 4892.399943 1868.438517
v -2974.322134 4652.277947 2006.083125
v -3216.072604 4798.748882 1719.185837
v -3785.993504 2996.409738 2006.772106
v -3802.597169 3457.385695 1997.753407
v -2331.354953 5077.118877 1741.038142
v -2497.630149 5064.771346 1763.770167
v 4042.450354 -3905.427730 1307.781447
v 3979.606750 -4041.579291 1417.439846
v 3021.435001 -5001.204110 1305.942926
v 2883.742076 -5065.534688 1414.099792
v 2882.982894 -5065.789708 945.268124
v 3020.958380 -5001.482900 767.704273
v 2882.741775 -5065.870703 590.140416
v 3021.528270 -5001.149494 573.534952
v 2884.043394 -5065.433472 395.971102
v 4042.951522 -3903.932503 546.808494
v 4042.753877 -3904.522178 936.601738
v 4029.502295 -3904.396585 180.564662
v 4037.239729 -3908.751232 217.513792
v 3978.589491 -4042.669503 252.730790
v 4041.881012 -3905.768371 251.702493
v 2868.674603 -5049.515664 115.336444
v 2881.393604 -5064.267763 183.534162
v 3019.206347 -5002.258493 229.943787
v 2883.828286 -5065.505741 250.529280
v 3022.723753 -5000.450094 253.266671
v 3978.439704 -4040.278658 1552.501518
v 4038.712566 -3901.606178 1583.149313
v 3944.196875 -4017.548934 1739.779469
v 4008.796593 -3890.784707 1723.331134
v 3861.552058 -4133.515338 1744.505867
v 3954.700977 -4027.041821 1698.476750
v 3884.578887 -3979.800137 1853.481971
v 3914.195822 -4007.326220 1796.960826
v 3845.733831 -4125.047469 1776.569093
v 3845.259975 -3969.627890 1900.024527
v 3022.219676 -4998.729429 1553.253406
v 2883.222024 -5060.487102 1585.048174
v 3141.228977 -4904.345895 1635.186785
v 3182.109661 -4844.931644 1691.383753
v 3016.868343 -4980.817425 1669.727141
v 2870.654275 -5026.039457 1737.771557
v 2997.556334 -4960.740431 1747.671142
v 2987.745714 -4922.968943 1816.812826
v 3034.896148 -4880.943222 1829.950226
v 2860.469485 -4968.565031 1836.655550
v 2958.763338 -4892.399943 1868.438517
v 2974.322134 -4652.277947 2006.083125
v 3216.072604 -4798.748882 1719.185837
v 3785.993504 -2996.409864 2006.772106
v 3802.597169 -3457.385737 1997.753407
v 2331.354953 -5077.118877 1741.038142
v 2497.630149 -5064.771346 1763.770167
v -4042.450354 -3905.427730 1307.781447
v -4065.424750 -3831.408612 1471.439772
v -3939.473787 -4105.123233 1472.269058
v -3979.606750 -4041.579291 1417.439846
v -3021.435001 -5001.204110 1305.942926
v -2883.742076 -5065.534688 1414.099792
v -2882.741775 -5065.870703 590.140416
v -3020.958380 -5001.482900 767.704273
v -2882.982894 -5065.789708 945.268124
v -2884.453947 -5065.295565 279.543565
v -3022.910768 -5000.340683 262.938101
v -3979.226945 -4042.228519 351.351702
v -4042.509549 -3905.250951 350.626956
v -4024.040284 -3894.560193 154.855661
v -4041.881012 -3905.768371 251.702493
v -3978.589491 -4042.669503 252.730790
v -4037.239729 -3908.751232 217.513792
v -2868.674603 -5049.515664 115.336444
v -2881.393604 -5064.267763 183.534162
v -3022.723753 -5000.450094 253.266671
v -2883.828286 -5065.505741 250.529280
v -3019.206347 -5002.258493 229.943787
v -4042.715333 -3904.637320 1515.391393
v -3979.744868 -4041.343061 1486.643165
v -4033.604025 -3901.158025 1632.529036
v -3968.630717 -4036.628128 1644.216600
v -3935.727868 -4010.674888 1759.627049
v -3875.978127 -3972.353349 1867.033279
v -3829.923809 -3836.533854 1958.705748
v -3780.780733 -3934.342733 1960.660077
v -3741.438061 -3812.843868 2008.722425
v -3691.133714 -3894.151199 2011.401616
v -3753.006788 -3729.920525 2012.564268
v -3022.219676 -4998.729429 1553.253406
v -2883.222024 -5060.487102 1585.048174
v -2997.556334 -4960.740431 1747.671142
v -2870.654275 -5026.039457 1737.771557
v -3016.868343 -4980.817425 1669.727141
v -3141.228977 -4904.345895 1635.186785
v -2958.763338 -4892.399943 1868.438517
v -2860.469485 -4968.565031 1836.655550
v -3034.896148 -4880.943222 1829.950226
v -2987.745714 -4922.968943 1816.812826
v -3780.508302 -4234.596433 1718.542331
v -2497.453686 -5115.817318 1582.393478
v -2331.354953 -5088.870603 1707.458040
v -2497.766542 -5096.407117 1683.208565
v -1332.089065 -5111.566356 1624.493226
v -2497.630149 -5064.771346 1763.770167
v -2331.354953 -5077.118877 1741.038142
v 3979.131485 4042.391967 1198.537674
v 3894.158593 4164.929724 1088.879248
v 4042.533813 3905.178735 1088.879257
v 4081.323372 3760.938655 1088.879257
v 2883.059552 5065.763957 1196.285339
v 3021.170411 5001.358855 1088.128479
v 3145.965868 4913.559606 1088.128479
v 3053.926760 4982.195213 715.010575
v 3085.927521 4959.838336 662.316878
v 3145.906011 4913.613759 945.268124
v 3022.713217 5000.456258 379.365627
v 4042.882139 3904.139477 741.705117
v 4081.413870 3760.251834 936.601738
v 3979.989431 4040.924453 936.601738
v 4065.138988 3832.657183 644.256805
v 3995.900867 3888.512777 105.768687
v 4026.168019 3897.938915 163.788411
v 4031.815887 3906.103092 189.367892
v 2726.953168 5065.203190 63.433661
v 2727.602461 5069.723447 68.953243
v 2734.368272 5095.326824 118.432638
v 2902.506433 5039.589293 123.665473
v 2734.769202 5097.959327 126.990492
v 2870.343801 5059.309913 140.999896
v 2984.013529 5022.048084 218.062063
v 2880.212987 5066.720177 227.810952
v 3979.330708 4042.051476 1515.806036
v 3960.584064 4074.117371 1526.966723
v 4041.652566 3904.872969 1545.260433
v 3975.858822 4037.105343 1590.427514
v 3998.148310 4008.517832 1541.557430
v 3886.133257 4159.304214 1632.357148
v 3962.937614 4035.620527 1661.666502
v 3844.897804 4167.605122 1717.534665
v 3860.740916 4184.287928 1643.666176
v 4018.877119 3900.365929 1682.779625
v 3991.804357 3920.747126 1739.510842
v 3970.724524 3994.068045 1707.045229
v 3887.188625 4025.602866 1822.740185
v 3901.839501 3994.597538 1826.376567
v 3870.536960 4055.722141 1817.301265
v 3915.814835 3963.311830 1830.448131
v 2884.660902 5065.226043 1484.290403
v 3023.976494 4999.717441 1516.514756
v 2886.335909 5063.518864 1546.767415
v 2739.481207 5100.772983 1575.986918
v 2811.340431 5078.163834 1635.012561
v 2737.590899 5099.156097 1595.111490
v 2881.694748 5058.961272 1604.188400
v 3017.679369 4994.662366 1610.724413
v 2986.048044 5011.007609 1629.193591
v 3140.504612 4907.797422 1614.648074
v 2881.447773 5042.739869 1677.564490
v 2951.764759 5023.435701 1646.729639
v 2863.823598 4999.862357 1787.459087
v 2990.565740 4952.214924 1767.717317
v 3106.973768 4870.920731 1767.577915
v 2809.995976 4935.791404 1893.780039
v 2922.735735 4876.228822 1904.495249
v 2950.024559 4859.517871 1905.025751
v 2894.685407 4891.960068 1903.137788
v 3233.132656 4814.346813 1644.884126
v 3754.777867 3572.729704 2017.081435
v -3979.131485 4042.391967 1198.537674
v -3894.158593 4164.929724 1088.879248
v -4042.533813 3905.178735 1088.879257
v -4081.323372 3760.938655 1088.879257
v -2883.059552 5065.763957 1304.442200
v -3021.170411 5001.358855 1088.128479
v -3145.965868 4913.559606 1088.128479
v -2884.681416 5065.219152 298.886438
v -3023.292993 5000.117068 282.280960
v -2884.034090 5065.436606 260.200708
v -3979.950041 4040.991830 547.533247
v -3998.005315 4010.107630 301.622713
v -4015.126232 3896.708999 140.553434
v -4031.815887 3906.103092 189.367892
v -2727.602461 5069.723447 68.953243
v -2726.953168 5065.203190 63.433661
v -2870.343801 5059.309913 140.999896
v -2734.769202 5097.959327 126.990492
v -2902.506433 5039.589293 123.665473
v -2734.368272 5095.326824 118.432638
v -2880.212987 5066.720177 227.810952
v -2984.013529 5022.048084 218.062063
v -4042.976204 3903.859117 1486.228522
v -3979.330708 4042.051476 1515.806036
v -4041.652566 3904.872969 1545.260433
v -4037.231346 3900.006308 1602.093577
v -3974.568304 4035.518811 1609.390512
v -3991.036790 4003.702793 1625.383070
v -3889.232755 4158.626833 1614.091602
v -4024.126651 3900.650508 1666.474163
v -4015.391914 3935.856220 1653.407653
v -3921.357917 4008.467818 1784.516871
v -3853.316074 4126.502394 1764.411322
v -3855.882835 3970.779709 1889.016674
v -3812.935991 3885.350051 1955.973444
v -3765.226808 3771.663368 2003.983142
v -3716.294055 3853.531384 2010.719115
v -2739.481207 5100.772983 1575.986918
v -2886.335909 5063.518864 1546.767415
v -3023.976494 4999.717441 1516.514756
v -2884.660902 5065.226043 1484.290403
v -2951.764759 5023.435701 1646.729639
v -2881.447773 5042.739869 1677.564490
v -3140.504612 4907.797422 1614.648074
v -2986.048044 5011.007609 1629.193591
v -3017.679369 4994.662366 1610.724413
v -2811.340431 5078.163834 1635.012561
v -2881.694748 5058.961272 1604.188400
v -2737.590899 5099.156097 1595.111490
v -2863.823598 4999.862357 1787.459087
v -3106.973768 4870.920731 1767.577915
v -2990.565740 4952.214924 1767.717317
v -2894.685407 4891.960068 1903.137788
v -2950.024559 4859.517871 1905.025751
v -2922.735735 4876.228822 1904.495249
v -2809.995976 4935.791404 1893.780039
v -3796.347385 4251.229233 1644.663175
v -2331.013657 5113.301300 1607.311072
v -2497.539011 5112.382304 1616.412422
v -2581.134237 5109.398792 1637.043612
v 3979.131485 -4042.391967 1198.537674
v 3894.158593 -4164.929724 1088.879248
v 4042.533813 -3905.178735 1088.879257
v 4081.323372 -3760.938655 1088.879257
v 2883.059552 -5065.763957 1304.442200
v 3021.170411 -5001.358855 1088.128479
v 3145.965868 -4913.559606 1088.128479
v 2884.681416 -5065.219152 298.886438
v 3023.292993 -5000.117068 282.280960
v 2884.034090 -5065.436606 260.200708
v 3979.950041 -4040.991830 547.533247
v 3998.005315 -4010.107630 301.622713
v 4015.126232 -3896.708999 140.553434
v 4031.815887 -3906.103092 189.367892
v 2727.602461 -5069.723447 68.953243
v 2726.953168 -5065.203190 63.433661
v 2870.343801 -5059.309913 140.999896
v 2734.769202 -5097.959327 126.990492
v 2902.506433 -5039.589293 123.665473
v 2734.368272 -5095.326824 118.432638
v 2880.212987 -5066.720177 227.810952
v 2984.013529 -5022.048084 218.062063
v 4042.976204 -3903.859117 1486.228522
v 3979.330708 -4042.051476 1515.806036
v 4041.652566 -3904.872969 1545.260433
v 4037.231346 -3900.006308 1602.093577
v 3974.568304 -4035.518811 1609.390512
v 3991.036790 -4003.702793 1625.383070
v 3889.232755 -4158.626833 1614.091602
v 4024.126651 -3900.650508 1666.474163
v 4015.391914 -3935.856220 1653.407653
v 3921.357917 -4008.467818 1784.516871
v 3853.316074 -4126.502394 1764.411322
v 3855.882835 -3970.779709 1889.016674
v 3812.935991 -3885.350051 1955.973444
v 3765.226808 -3771.663368 2003.983142
v 3716.294055 -3853.531384 2010.719115
v 2739.481207 -5100.772983 1575.986918
v 2886.335909 -5063.518864 1546.767415
v 3023.976494 -4999.717441 1516.514756
v 2884.660902 -5065.226043 1484.290403
v 2951.764759 -5023.435701 1646.729639
v 2881.447773 -5042.739869 1677.564490
v 3140.504612 -4907.797422 1614.648074
v 2986.048044 -5011.007609 1629.193591
v 3017.679369 -4994.662366 1610.724413
v 2811.340431 -5078.163834 1635.012561
v 2881.694748 -5058.961272 1604.188400
v 2737.590899 -5099.156097 1595.111490
v 2863.823598 -4999.862357 1787.459087
v 3106.973768 -4870.920731 1767.577915
v 2990.565740 -4952.214924 1767.717317
v 2894.685407 -4891.960068 1903.137788
v 2950.024559 -4859.517871 1905.025751
v 2922.735735 -4876.228822 1904.495249
v 2809.995976 -4935.791404 1893.780039
v 3796.347385 -4251.229233 1644.663175
v 2331.013657 -5113.301300 1607.311072
v 2497.539011 -5112.382304 1616.412422
v 2581.134237 -5109.398792 1637.043612
v -3979.131485 -4042.391967 1198.537674
v -3894.158593 -4164.929724 1088.879248
v -4042.533813 -3905.178735 1088.879257
v -4081.323372 -3760.938655 1088.879257
v -2883.059552 -5065.763957 1196.285339
v -3021.170411 -5001.358855 1088.128479
v -3145.965868 -4913.559606 1088.128479
v -3053.926760 -4982.195213 715.010575
v -3085.927521 -4959.838336 662.316878
v -3145.906011 -4913.613759 945.268124
v -3022.713217 -5000.456258 379.365627
v -4042.882139 -3904.139477 741.705117
v -4081.413870 -3760.251834 936.601738
v -3979.989431 -4040.924453 936.601738
v -4065.138988 -3832.657183 644.256805
v -3995.900867 -3888.512777 105.768687
v -4026.168019 -3897.938915 163.788411
v -4031.815887 -3906.103092 189.367892
v -2726.953168 -5065.203190 63.433661
v -2727.602461 -5069.723447 68.953243
v -2734.368272 -5095.326824 118.432638
v -2902.506433 -5039.589293 123.665473
v -2734.769202 -5097.959327 126.990492
v -2870.343801 -5059.309913 140.999896
v -2984.013529 -5022.048084 218.062063
v -2880.212987 -5066.720177 227.810952
v -3979.330708 -4042.051476 1515.806036
v -3960.584064 -4074.117371 1526.966723
v -4041.652566 -3904.872969 1545.260433
v -3975.858822 -4037.105343 1590.427514
v -3998.148310 -4008.517832 1541.557430
v -3886.133257 -4159.304214 1632.357148
v -3962.937614 -4035.620527 1661.666502
v -3844.897804 -4167.605122 1717.534665
v -3860.740916 -4184.287928 1643.666176
v -4018.877119 -3900.365929 1682.779625
v -3991.804357 -3920.747126 1739.510842
v -3970.724524 -3994.068045 1707.045229
v -3887.188625 -4025.602866 1822.740185
v -3901.839501 -3994.597538 1826.376567
v -3870.536960 -4055.722141 1817.301265
v -3915.814835 -3963.311830 1830.448131
v -2884.660902 -5065.226043 1484.290403
v -3023.976494 -4999.717441 1516.514756
v -2886.335909 -5063.518864 1546.767415
v -2739.481207 -5100.772983 1575.986918
v -2811.340431 -5078.163834 1635.012561
v -2737.590899 -5099.156097 1595.111490
v -2881.694748 -5058.961272 1604.188400
v -3017.679369 -4994.662366 1610.724413
v -2986.048044 -5011.007609 1629.193591
v -3140.504612 -4907.797422 1614.648074
v -2881.447773 -5042.739869 1677.564490
v -2951.764759 -5023.435701 1646.729639
v -2863.823598 -4999.862357 1787.459087
v -2990.565740 -4952.214924 1767.717317
v -3106.973768 -4870.920731 1767.577915
v -2809.995976 -4935.791404 1893.780039
v -2922.735735 -4876.228822 1904.495249
v -2950.024559 -4859.517871 1905.025751
v -2894.685407 -4891.960068 1903.137788
v -3233.132656 -4814.346813 1644.884126
v -3754.777867 -3572.729725 2017.081435
v 4042.889048 3904.119112 1417.025207
v 3022.056413 5000.840745 1415.600525
v 2882.826505 5065.842241 767.704273
v 3021.100751 5001.399608 945.268124
v 2884.034090 5065.436606 260.200708
v 3023.292993 5000.117068 282.280960
v 2884.681416 5065.219152 298.886438
v 3979.950041 4040.991830 547.533247
v 3998.005315 4010.107630 301.622713
v 4015.126232 3896.708999 140.553434
v 4039.571362 3907.227003 234.608115
v 3975.821780 4043.993155 235.685195
v 2855.092069 5046.319904 99.996560
v 2909.959776 5051.402111 165.949807
v 2874.299317 5064.921898 165.918248
v 3053.485299 4982.381864 238.378695
v 3020.397912 5001.810794 237.929171
v 2881.402189 5066.320705 235.383720
v 2985.503380 5022.139324 225.775302
v 4042.976204 3903.859117 1486.228522
v 4015.391914 3935.856220 1653.407653
v 4024.126651 3900.650508 1666.474163
v 3889.232755 4158.626833 1614.091602
v 3991.036790 4003.702793 1625.383070
v 3974.568304 4035.518811 1609.390512
v 4037.231346 3900.006308 1602.093577
v 3921.357917 4008.467818 1784.516871
v 3853.316074 4126.502394 1764.411322
v 3855.882835 3970.779709 1889.016674
v 3812.935991 3885.350051 1955.973444
v 3716.294055 3853.531384 2010.719115
v 3765.226808 3771.663368 2003.983142
v 3019.192471 4996.018120 1591.567386
v 3056.200916 4980.865204 1527.578354
v 3008.038208 4972.659326 1706.730956
v 2975.100008 4988.394285 1716.549706
v 3114.018191 4879.272861 1747.470715
v 2737.803284 5070.344725 1715.305166
v 2940.501818 5001.909565 1724.775282
v 2880.881346 5036.837494 1696.147129
v 3161.757410 4874.934734 1663.814962
v 3144.103810 4858.739188 1738.371217
v 3796.347385 4251.229233 1644.663175
v 2581.134237 5109.398792 1637.043612
v 2497.539011 5112.382304 1616.412422
v 2331.013657 5113.301300 1607.311072
v 2497.129833 5031.196107 1824.504550
v 2581.138060 5074.360896 1744.456611
v -4042.889048 3904.119112 1417.025207
v -3022.056413 5000.840745 1415.600525
v -2882.826505 5065.842241 767.704273
v -3021.100751 5001.399608 945.268124
v -3145.906011 4913.613759 945.268124
v -3022.713217 5000.456258 379.365627
v -3053.926760 4982.195213 715.010575
v -3085.927521 4959.838336 662.316878
v -4042.882139 3904.139477 741.705117
v -4081.413870 3760.251834 936.601738
v -4065.138988 3832.657183 644.256805
v -3979.989431 4040.924453 936.601738
v -3995.900867 3888.512777 105.768687
v -4026.168019 3897.938915 163.788411
v -4039.571362 3907.227003 234.608115
v -3975.821780 4043.993155 235.685195
v -2855.092069 5046.319904 99.996560
v -2874.299317 5064.921898 165.918248
v -2909.959776 5051.402111 165.949807
v -2985.503380 5022.139324 225.775302
v -2881.402189 5066.320705 235.383720
v -3020.397912 5001.810794 237.929171
v -3053.485299 4982.381864 238.378695
v -3998.148310 4008.517832 1541.557430
v -3975.858822 4037.105343 1590.427514
v -3960.584064 4074.117371 1526.966723
v -3970.724524 3994.068045 1707.045229
v -3991.804357 3920.747126 1739.510842
v -4018.877119 3900.365929 1682.779625
v -3844.897804 4167.605122 1717.534665
v -3860.740916 4184.287928 1643.666176
v -3962.937614 4035.620527 1661.666502
v -3886.133257 4159.304214 1632.357148
v -3901.839501 3994.597538 1826.376567
v -3915.814835 3963.311830 1830.448131
v -3870.536960 4055.722141 1817.301265
v -3887.188625 4025.602866 1822.740185
v -3056.200916 4980.865204 1527.578354
v -3019.192471 4996.018120 1591.567386
v -3161.757410 4874.934734 1663.814962
v -3144.103810 4858.739188 1738.371217
v -3008.038208 4972.659326 1706.730956
v -3114.018191 4879.272861 1747.470715
v -2880.881346 5036.837494 1696.147129
v -2940.501818 5001.909565 1724.775282
v -2737.803284 5070.344725 1715.305166
v -2975.100008 4988.394285 1716.549706
v -3233.132656 4814.346813 1644.884126
v -3754.777867 3572.729704 2017.081435
v -2581.138060 5074.360896 1744.456611
v -2497.129833 5031.196107 1824.504550
v 4042.889048 -3904.119112 1417.025207
v 3022.056413 -5000.840745 1415.600525
v 2882.826505 -5065.842241 767.704273
v 3021.100751 -5001.399608 945.268124
v 3145.906011 -4913.613759 945.268124
v 3022.713217 -5000.456258 379.365627
v 3053.926760 -4982.195213 715.010575
v 3085.927521 -4959.838336 662.316878
v 4042.882139 -3904.139477 741.705117
v 4081.413870 -3760.251834 936.601738
v 4065.138988 -3832.657183 644.256805
v 3979.989431 -4040.924453 936.601738
v 3995.900867 -3888.512777 105.768687
v 4026.168019 -3897.938915 163.788411
v 4039.571362 -3907.227003 234.608115
v 3975.821780 -4043.993155 235.685195
v 2855.092069 -5046.319904 99.996560
v 2874.299317 -5064.921898 165.918248
v 2909.959776 -5051.402111 165.949807
v 2985.503380 -5022.139324 225.775302
v 2881.402189 -5066.320705 235.383720
v 3020.397912 -5001.810794 237.929171
v 3053.485299 -4982.381864 238.378695
v 3998.148310 -4008.517832 1541.557430
v 3975.858822 -4037.105343 1590.427514
v 3960.584064 -4074.117371 1526.966723
v 3970.724524 -3994.068045 1707.045229
v 3991.804357 -3920.747126 1739.510842
v 4018.877119 -3900.365929 1682.779625
v 3844.897804 -4167.605122 1717.534665
v 3860.740916 -4184.287928 1643.666176
v 3962.937614 -4035.620527 1661.666502
v 3886.133257 -4159.304214 1632.357148
v 3901.839501 -3994.597538 1826.376567
v 3915.814835 -3963.311830 1830.448131
v 3870.536960 -4055.722141 1817.301265
v 3887.188625 -4025.602866 1822.740185
v 3056.200916 -4980.865204 1527.578354
v 3019.192471 -4996.018120 1591.567386
v 3161.757410 -4874.934734 1663.814962
v 3144.103810 -4858.739188 1738.371217
v 3008.038208 -4972.659326 1706.730956
v 3114.018191 -4879.272861 1747.470715
v 2880.881346 -5036.837494 1696.147129
v 2940.501818 -5001.909565 1724.775282
v 2737.803284 -5070.344725 1715.305166
v 2975.100008 -4988.394285 1716.549706
v 3233.132656 -4814.346813 1644.884126
v 3754.777867 -3572.729725 2017.081435
v 2581.138060 -5074.360896 1744.456611
v 2497.129833 -5031.196107 1824.504550
v -4042.889048 -3904.119112 1417.025207
v -3022.056413 -5000.840745 1415.600525
v -2882.826505 -5065.842241 767.704273
v -3021.100751 -5001.399608 945.268124
v -2884.034090 -5065.436606 260.200708
v -3023.292993 -5000.117068 282.280960
v -2884.681416 -5065.219152 298.886438
v -3979.950041 -4040.991830 547.533247
v -3998.005315 -4010.107630 301.622713
v -4015.126232 -3896.708999 140.553434
v -4039.571362 -3907.227003 234.608115
v -3975.821780 -4043.993155 235.685195
v -2855.092069 -5046.319904 99.996560
v -2909.959776 -5051.402111 165.949807
v -2874.299317 -5064.921898 165.918248
v -3053.485299 -4982.381864 238.378695
v -3020.397912 -5001.810794 237.929171
v -2881.402189 -5066.320705 235.383720
v -2985.503380 -5022.139324 225.775302
v -4042.976204 -3903.859117 1486.228522
v -4015.391914 -3935.856220 1653.407653
v -4024.126651 -3900.650508 1666.474163
v -3889.232755 -4158.626833 1614.091602
v -3991.036790 -4003.702793 1625.383070
v -3974.568304 -4035.518811 1609.390512
v -4037.231346 -3900.006308 1602.093577
v -3921.357917 -4008.467818 1784.516871
v -3853.316074 -4126.502394 1764.411322
v -3855.882835 -3970.779709 1889.016674
v -3812.935991 -3885.350051 1955.973444
v -3716.294055 -3853.531384 2010.719115
v -3765.226808 -3771.663368 2003.983142
v -3019.192471 -4996.018120 1591.567386
v -3056.200916 -4980.865204 1527.578354
v -3008.038208 -4972.659326 1706.730956
v -2975.100008 -4988.394285 1716.549706
v -3114.018191 -4879.272861 1747.470715
v -2737.803284 -5070.344725 1715.305166
v -2940.501818 -5001.909565 1724.775282
v -2880.881346 -5036.837494 1696.147129
v -3161.757410 -4874.934734 1663.814962
v -3144.103810 -4858.739188 1738.371217
v -3796.347385 -4251.229233 1644.663175
v -2581.134237 -5109.398792 1637.043612
v -2497.539011 -5112.382304 1616.412422
v -2331.013657 -5113.301300 1607.311072
v -2497.129833 -5031.196107 1824.504550
v -2581.138060 -5074.360896 1744.456611
v 3894.489669 4164.563540 1034.050039
v 3979.889775 4041.094913 1034.050049
v 4042.691019 3904.709773 1034.050049
v 4081.388013 3760.448069 1034.050049
v 2883.059552 5065.763957 1034.050049
v 3021.170411 5001.358855 1034.050049
v 3145.965868 4913.559606 1034.050049
v 4042.911762 3904.051111 644.256806
v 4054.677827 3868.951789 692.980961
v 4065.114757 3832.763064 741.705116
v 4011.792306 3929.383820 155.093598
v 3818.705334 4191.892959 1727.669864
v 3834.541158 4208.567425 1653.799153
v 2884.076634 5065.422306 1468.928589
v 3022.360450 5000.662873 1470.429314
v 3050.901603 4972.762383 1631.783260
v 3112.046427 4928.338070 1634.480700
v 3173.579626 4837.132666 1728.534609
v 3190.639696 4852.730622 1654.232897
v 3781.447919 3342.175037 2008.792569
v 3800.186399 3630.351628 1997.897394
v 2330.956774 5115.035357 1590.137690
v 2331.354953 5083.792898 1723.796057
v -4081.388013 3760.448069 1034.050049
v -4042.691019 3904.709773 1034.050049
v -3979.889775 4041.094913 1034.050049
v -3894.489669 4164.563540 1034.050039
v -3145.965868 4913.559606 1034.050049
v -3021.170411 5001.358855 1034.050049
v -2883.059552 5065.763957 1034.050049
v -4043.104075 3903.477667 1471.647086
v -3979.947493 4040.996473 1472.061729
v -4004.230199 3970.176247 1640.560368
v -3022.360450 5000.662873 1470.429314
v -2884.076634 5065.422306 1468.928589
v -3050.901603 4972.762383 1631.783260
v -3112.046427 4928.338070 1634.480700
v -3818.705334 4191.892959 1727.669864
v -3834.541158 4208.567425 1653.799153
v -2330.956774 5115.035357 1590.137690
v -2497.652776 5106.576216 1650.488485
v -2497.880307 5086.331382 1715.628234
v -2331.354953 5083.792898 1723.796057
v 4081.388013 -3760.448069 1034.050049
v 4042.691019 -3904.709773 1034.050049
v 3979.889775 -4041.094913 1034.050049
v 3894.489669 -4164.563540 1034.050039
v 3145.965868 -4913.559606 1034.050049
v 3021.170411 -5001.358855 1034.050049
v 2883.059552 -5065.763957 1034.050049
v 4043.104075 -3903.477667 1471.647086
v 3979.947493 -4040.996473 1472.061729
v 4004.230199 -3970.176247 1640.560368
v 3022.360450 -5000.662873 1470.429314
v 2884.076634 -5065.422306 1468.928589
v 3050.901603 -4972.762383 1631.783260
v 3112.046427 -4928.338070 1634.480700
v 3818.705334 -4191.892959 1727.669864
v 3834.541158 -4208.567425 1653.799153
v 2330.956774 -5115.035357 1590.137690
v 2497.652776 -5106.576216 1650.488485
v 2497.880307 -5086.331382 1715.628234
v 2331.354953 -5083.792898 1723.796057
v -3894.489669 -4164.563540 1034.050039
v -3979.889775 -4041.094913 1034.050049
v -4042.691019 -3904.709773 1034.050049
v -4081.388013 -3760.448069 1034.050049
v -2883.059552 -5065.763957 1034.050049
v -3021.170411 -5001.358855 1034.050049
v -3145.965868 -4913.559606 1034.050049
v -4042.911762 -3904.051111 644.256806
v -4054.677827 -3868.951789 692.980961
v -4065.114757 -3832.763064 741.705116
v -4011.792306 -3929.383820 155.093598
v -3818.705334 -4191.892959 1727.669864
v -3834.541158 -4208.567425 1653.799153
v -2884.076634 -5065.422306 1468.928589
v -3022.360450 -5000.662873 1470.429314
v -3050.901603 -4972.762383 1631.783260
v -3112.046427 -4928.338070 1634.480700
v -3173.579626 -4837.132666 1728.534609
v -3190.639696 -4852.730622 1654.232897
v -3781.447919 -3342.175100 2008.792569
v -3800.186399 -3630.351638 1997.897394
v -2330.956774 -5115.035357 1590.137690
v -2331.354953 -5083.792898 1723.796057
v 4043.104075 3903.477667 1471.647086
v 3979.947493 4040.996473 1472.061729
v 2905.833375 5050.613106 157.536732
v 4004.230199 3970.176247 1640.560368
v 3031.382655 4946.523503 1738.815308
v 2952.582964 4989.314047 1741.242425
v 3180.409047 4867.840064 1640.460232
v 2497.880307 5086.331382 1715.628234
v 2497.652776 5106.576216 1650.488485
v 2497.880307 5081.055259 1732.604679
v -4054.677827 3868.951789 692.980961
v -4065.114757 3832.763064 741.705116
v -4042.911762 3904.051111 644.256806
v -4011.792306 3929.383820 155.093598
v -2905.833375 5050.613106 157.536732
v -3180.409047 4867.840064 1640.460232
v -3173.579626 4837.132666 1728.534609
v -3190.639696 4852.730622 1654.232897
v -3031.382655 4946.523503 1738.815308
v -2952.582964 4989.314047 1741.242425
v -3781.447919 3342.175037 2008.792569
v -3800.186399 3630.351628 1997.897394
v -2497.880307 5081.055259 1732.604679
v 4054.677827 -3868.951789 692.980961
v 4065.114757 -3832.763064 741.705116
v 4042.911762 -3904.051111 644.256806
v 4011.792306 -3929.383820 155.093598
v 2905.833375 -5050.613106 157.536732
v 3180.409047 -4867.840064 1640.460232
v 3173.579626 -4837.132666 1728.534609
v 3190.639696 -4852.730622 1654.232897
v 3031.382655 -4946.523503 1738.815308
v 2952.582964 -4989.314047 1741.242425
v 3781.447919 -3342.175100 2008.792569
v 3800.186399 -3630.351638 1997.897394
v 2497.880307 -5081.055259 1732.604679
v -4043.104075 -3903.477667 1471.647086
v -3979.947493 -4040.996473 1472.061729
v -2905.833375 -5050.613106 157.536732
v -4004.230199 -3970.176247 1640.560368
v -3031.382655 -4946.523503 1738.815308
v -2952.582964 -4989.314047 1741.242425
v -3180.409047 -4867.840064 1640.460232
v -2497.880307 -5086.331382 1715.628234
v -2497.652776 -5106.576216 1650.488485
v -2497.880307 -5081.055259 1732.604679
v 4036.914537 3921.941418 668.618884
v 3779.320416 3515.057690 2009.453766
v 3753.238346 3659.304016 2016.097545
v -2497.482128 5114.168476 1598.722919
v 2497.482128 -5114.168476 1598.722919
v -4036.914537 -3921.941418 668.618884
v -3779.320416 -3515.057722 2009.453766
v -3753.238346 -3659.304021 2016.097544
v 2497.482128 5114.168476 1598.722919
v -4036.914537 3921.941418 668.618884
v -3779.320416 3515.057690 2009.453766
v -3753.238346 3659.304016 2016.097545
v 4036.914537 -3921.941418 668.618884
v 3779.320416 -3515.057722 2009.453766
v 3753.238346 -3659.304021 2016.097544
v -2497.482128 -5114.168476 1598.722919
v 3778.132118 3601.571123 2009.572945
v 2497.453686 5115.035505 1590.136228
v 2497.880307 5083.792529 1723.797243
v -2497.453686 5115.035505 1590.136228
v -2497.880307 5083.792529 1723.797243
v 2497.453686 -5115.035505 1590.136228
v 2497.880307 -5083.792529 1723.797243
v -3778.132118 -3601.571138 2009.572945
v -2497.453686 -5115.035505 1590.136228
v -2497.880307 -5083.792529 1723.797243
v -3778.132118 3601.571123 2009.572945
v 3778.132118 -3601.571138 2009.572945
v 3777.386543 3644.860944 2009.169938
v -3777.386543 -3644.860952 2009.169938
v -3777.386543 3644.860944 2009.169938
v 3777.386543 -3644.860952 2009.169938
vt 0.000000 0.000000
vn -0.5110 -0.2215 0.8305
vn 0.0000 0.0000 -1.0000
vn -0.0000 -1.0000 0.0029
vn 0.0000 0.0000 -1.0000
vn 0.0000 0.0000 -1.0000
vn -0.9995 -0.0000 0.0308
vn -0.8880 -0.4599 -0.0005
vn -0.8451 -0.5345 0.0003
vn -0.8889 -0.4581 0.0005
vn -0.7970 -0.6039 0.0001
vn -0.7342 -0.6790 0.0001
vn -0.7975 -0.6034 -0.0008
vn -0.8459 -0.5334 0.0003
vn -0.8892 -0.4575 -0.0005
vn -0.8455 -0.5340 -0.0006
vn -0.9544 -0.2986 0.0007
vn -0.9258 -0.3781 0.0006
vn -0.9546 -0.2980 -0.0002
vn -0.9756 -0.2196 0.0008
vn -0.9889 -0.1484 0.0002
vn -0.9755 -0.2202 -0.0000
vn -0.9258 -0.3781 0.0006
vn -0.9542 -0.2993 -0.0002
vn -0.9250 -0.3800 -0.0003
vn -0.7967 -0.6044 0.0001
vn -0.7341 -0.6790 0.0000
vn -0.7968 -0.6042 -0.0003
vn -0.8451 -0.5346 0.0001
vn -0.8880 -0.4598 -0.0002
vn -0.8446 -0.5354 -0.0003
vn -0.7719 -0.6353 0.0260
vn -0.8090 -0.5877 0.0094
vn -0.3819 -0.9242 0.0000
vn -0.3005 -0.9538 -0.0000
vn -0.3819 -0.9242 0.0000
vn -0.2119 -0.9773 0.0000
vn -0.3005 -0.9538 0.0000
vn -0.3819 -0.9242 0.0000
vn -0.3005 -0.9538 0.0000
vn -0.5394 -0.8420 -0.0000
vn -0.4624 -0.8867 0.0000
vn -0.5394 -0.8420 0.0000
vn -0.6104 -0.7921 0.0000
vn -0.6722 -0.7404 0.0000
vn -0.6104 -0.7921 0.0000
vn -0.4624 -0.8867 0.0000
vn -0.5394 -0.8420 0.0000
vn -0.4624 -0.8867 0.0000
vn -0.2119 -0.9773 0.0000
vn -0.3005 -0.9538 0.0000
vn -0.3819 -0.9242 0.0000
vn -0.3005 -0.9538 0.0000
vn -0.2119 -0.9773 0.0000
vn -0.7078 -0.7061 0.0189
vn -0.5881 -0.6522 0.4783
vn 0.0000 -0.2949 -0.9555
vn -0.4086 -0.0001 0.9127
vn -0.5551 -0.8316 0.0157
vn -0.5933 -0.8047 -0.0189
vn -0.4738 -0.8806 -0.0095
vn -0.6109 -0.7917 -0.0001
vn -0.5402 -0.8416 0.0002
vn -0.6722 -0.7404 -0.0000
vn -0.6105 -0.7920 0.0003
vn -0.5236 -0.8518 -0.0158
vn -0.4817 -0.8761 0.0193
vn -0.6005 -0.7996 0.0094
vn -0.6195 -0.7848 -0.0184
vn -0.5795 -0.8149 -0.0105
vn -0.3809 -0.9246 -0.0005
vn -0.3003 -0.9539 0.0001
vn -0.3834 -0.9236 0.0002
vn -0.2220 -0.9750 0.0000
vn -0.3019 -0.9533 0.0001
vn -0.3843 -0.9232 -0.0005
vn -0.3012 -0.9536 -0.0006
vn -0.5415 -0.8407 0.0004
vn -0.4653 -0.8852 0.0003
vn -0.5423 -0.8402 -0.0003
vn -0.5675 -0.8234 0.0002
vn -0.4653 -0.8852 0.0003
vn -0.5408 -0.8412 -0.0003
vn -0.4629 -0.8864 -0.0004
vn -0.2084 -0.2054 0.9562
vn 0.0000 0.0000 1.0000
vn -1.0000 -0.0000 -0.0079
vn -0.9262 -0.3771 0.0001
vn -0.9547 -0.2975 -0.0000
vn -0.9259 -0.3779 -0.0001
vn -0.9757 -0.2193 -0.0000
vn -0.9889 -0.1484 0.0000
vn -0.9756 -0.2196 0.0002
vn -0.9546 -0.2980 -0.0000
vn -0.9258 -0.3781 0.0001
vn -0.9546 -0.2978 0.0002
vn -0.8460 -0.5331 -0.0001
vn -0.8892 -0.4575 -0.0001
vn -0.8459 -0.5334 0.0001
vn -0.7975 -0.6034 -0.0002
vn -0.7342 -0.6790 0.0000
vn -0.7976 -0.6032 0.0000
vn -0.8892 -0.4575 -0.0001
vn -0.8462 -0.5329 0.0001
vn -0.8896 -0.4567 0.0001
vn -0.9548 -0.2973 -0.0000
vn -0.9261 -0.3772 0.0001
vn -0.9684 -0.2483 -0.0230
vn -0.9481 -0.3178 -0.0000
vn -0.9250 -0.3768 0.0490
vn -0.9547 -0.2972 0.0164
vn -0.9757 -0.2191 -0.0000
vn -0.9548 -0.2971 0.0001
vn -0.9889 -0.1484 0.0000
vn -0.9757 -0.2192 0.0001
vn -0.9548 -0.2974 0.0001
vn -0.9757 -0.2191 -0.0000
vn -0.9134 -0.4064 -0.0244
vn -0.9481 -0.3178 -0.0000
vn -0.9747 -0.2188 0.0463
vn -0.9546 -0.2974 -0.0164
vn -0.9858 -0.1679 -0.0050
vn -0.9773 -0.2118 0.0019
vn -0.7078 -0.7061 -0.0186
vn 0.0031 -1.0000 -0.0007
vn -1.0000 0.0000 -0.0000
vn -0.0043 -0.1066 0.9943
vn 0.0000 -0.4391 0.8984
vn -0.0000 0.0000 -1.0000
vn 0.0000 -0.5582 -0.8297
vn 0.0000 -0.0336 0.9994
vn 0.0000 -0.0087 -1.0000
vn 0.0000 -0.7006 0.7136
vn 0.0000 -0.8380 0.5457
vn 0.0000 -0.9444 0.3287
vn 0.0000 -0.9969 0.0784
vn 0.0000 -0.9847 -0.1743
vn 0.0000 -0.9169 -0.3990
vn 0.0000 -0.8144 -0.5803
vn 0.0000 -1.0000 0.0000
vn 0.0000 -1.0000 0.0000
vn 0.0000 -1.0000 0.0000
vn 0.0000 -1.0000 0.0000
vn 0.0000 -1.0000 0.0000
vn 0.0000 -1.0000 0.0000
vn 0.0000 -1.0000 0.0000
vn -0.5087 -0.6008 0.6167
vn -0.4168 -0.5579 0.7176
vn -0.3315 -0.4437 0.8326
vn -0.1725 -0.2435 0.9544
vn -0.3632 -0.4771 0.8002
vn -0.1428 -0.3019 0.9426
vn -0.9629 0.0657 0.2617
vn -0.8872 0.0671 0.4565
vn -0.5993 0.0605 0.7982
vn -0.4045 0.0531 0.9130
vn -0.3155 0.0487 0.9477
vn -0.2586 0.0427 0.9650
vn -0.1699 0.0274 0.9851
vn -0.9799 -0.0067 0.1995
vn -0.9046 -0.0143 0.4261
vn -0.7460 -0.0224 0.6656
vn -0.5169 -0.0262 0.8557
vn -0.3797 -0.0233 0.9248
vn -0.2839 -0.0156 0.9587
vn -0.1624 -0.0224 0.9865
vn -0.1996 -0.0085 -0.9798
vn -0.4263 -0.0079 -0.9045
vn -0.5823 -0.0071 -0.8129
vn -0.7071 -0.0062 -0.7071
vn -0.8130 -0.0051 -0.5823
vn -0.9046 -0.0037 -0.4263
vn -0.9799 -0.0017 -0.1996
vn -0.1996 -0.2889 -0.9363
vn -0.4264 -0.2667 -0.8643
vn -0.5823 -0.2397 -0.7768
vn -0.7071 -0.2085 -0.6757
vn -0.8130 -0.1717 -0.5564
vn -0.9046 -0.1257 -0.4074
vn -0.9799 -0.0589 -0.1907
vn -0.1996 -0.5470 -0.8130
vn -0.4263 -0.5049 -0.7505
vn -0.5823 -0.4538 -0.6745
vn -0.7071 -0.3947 -0.5867
vn -0.8130 -0.3251 -0.4831
vn -0.9046 -0.2380 -0.3537
vn -0.9799 -0.1114 -0.1656
vn -0.1996 -0.7980 -0.5686
vn -0.4263 -0.7367 -0.5249
vn -0.5823 -0.6621 -0.4718
vn -0.7071 -0.5759 -0.4103
vn -0.8130 -0.4742 -0.3379
vn -0.9046 -0.3472 -0.2474
vn -0.9799 -0.1626 -0.1158
vn -0.1996 -0.8985 -0.3910
vn -0.4264 -0.8294 -0.3610
vn -0.5823 -0.7454 -0.3244
vn -0.7071 -0.6484 -0.2822
vn -0.8130 -0.5339 -0.2324
vn -0.9046 -0.3909 -0.1701
vn -0.9799 -0.1830 -0.0797
vn -0.1996 -0.9649 -0.1709
vn -0.4263 -0.8907 -0.1577
vn -0.5823 -0.8005 -0.1418
vn -0.7071 -0.6963 -0.1233
vn -0.8130 -0.5734 -0.1015
vn -0.9046 -0.4198 -0.0743
vn -0.9799 -0.1966 -0.0348
vn -0.1996 -0.9769 0.0768
vn -0.4264 -0.9018 0.0709
vn -0.5823 -0.8105 0.0637
vn -0.7071 -0.7050 0.0554
vn -0.8130 -0.5805 0.0456
vn -0.9046 -0.4250 0.0334
vn -0.9799 -0.1990 0.0156
vn -0.1996 -0.9254 0.3221
vn -0.4263 -0.8543 0.2973
vn -0.5823 -0.7678 0.2672
vn -0.7071 -0.6678 0.2324
vn -0.8130 -0.5500 0.1914
vn -0.9046 -0.4027 0.1401
vn -0.9799 -0.1885 0.0656
vn -0.1996 -0.8211 0.5347
vn -0.4263 -0.7580 0.4936
vn -0.5823 -0.6813 0.4436
vn -0.7071 -0.5925 0.3859
vn -0.8130 -0.4880 0.3178
vn -0.9046 -0.3573 0.2327
vn -0.9799 -0.1673 0.1089
vn -0.1996 -0.6865 0.6992
vn -0.4263 -0.6337 0.6455
vn -0.5823 -0.5696 0.5801
vn -0.7071 -0.4954 0.5046
vn -0.8130 -0.4080 0.4155
vn -0.9046 -0.2987 0.3042
vn -0.9799 -0.1398 0.1424
vn -0.9799 -0.0877 0.1793
vn -0.9046 -0.1872 0.3830
vn -0.8130 -0.2557 0.5232
vn -0.7071 -0.3105 0.6353
vn -0.5823 -0.3570 0.7304
vn -0.4263 -0.3972 0.8127
vn -0.1996 -0.4303 0.8804
vn -0.4956 -0.5496 0.6725
vn -0.1294 0.0164 0.9915
vn -0.2876 -0.1165 0.9506
vn -0.4086 -0.2232 0.8850
vn -0.5390 -0.2985 0.7876
vn -0.6047 -0.2395 0.7596
vn -0.5540 -0.3137 0.7711
vn -0.6983 -0.3761 0.6090
vn -0.7771 -0.2466 0.5790
vn -0.6046 -0.1883 0.7740
vn -0.7975 -0.2132 0.5644
vn -0.7463 -0.3189 0.5843
vn -0.7882 -0.2584 0.5585
vn -0.7457 -0.3172 0.5859
vn -0.7271 -0.4055 0.5540
vn -0.8173 -0.4501 0.3598
vn -0.9046 -0.2799 0.3214
vn -0.8895 -0.3151 0.3310
vn -0.6809 -0.2442 0.6905
vn -0.9052 -0.2816 0.3182
vn -0.9317 -0.2105 0.2960
vn -0.8674 -0.4797 0.1325
vn -0.8956 -0.3256 0.3033
vn -0.9110 -0.2904 0.2928
vn -0.8696 -0.3615 0.3364
vn -0.8360 -0.4787 0.2683
vn -0.8448 -0.4816 0.2330
vn -0.9094 -0.2926 0.2957
vn -0.8804 -0.3654 0.3022
vn -0.9073 -0.2891 0.3054
vn -0.9316 -0.2104 0.2965
vn -0.8884 -0.3731 0.2674
vn -0.9175 -0.3004 0.2605
vn -0.8917 -0.3922 0.2260
vn -0.8299 -0.4664 0.3062
vn -0.8488 -0.5286 0.0079
vn -0.8472 -0.5312 -0.0027
vn -0.0648 -0.0994 0.9929
vn -0.1903 -0.3550 0.9153
vn -0.2169 -0.4077 0.8870
vn -0.2317 -0.4673 0.8532
vn -0.0607 -0.2017 0.9776
vn -0.2783 -0.3998 0.8733
vn -0.3253 -0.3873 0.8627
vn -0.2923 -0.4538 0.8418
vn -0.1702 -0.6039 0.7787
vn -0.2629 -0.5890 0.7642
vn -0.1688 -0.6189 0.7671
vn -0.1501 -0.7508 0.6433
vn -0.1676 -0.6205 0.7660
vn -0.3194 -0.7101 0.6275
vn -0.2383 -0.7374 0.6320
vn -0.1535 -0.7556 0.6368
vn -0.2382 -0.7332 0.6369
vn -0.3188 -0.6934 0.6462
vn -0.4268 -0.6532 0.6254
vn -0.2600 -0.8015 0.5385
vn -0.1623 -0.7995 0.5783
vn -0.2473 -0.7838 0.5697
vn -0.3108 -0.6689 0.6753
vn -0.2864 -0.7950 0.5347
vn -0.1403 -0.8765 0.4604
vn -0.2440 -0.8592 0.4497
vn -0.1432 -0.9272 0.3461
vn -0.1769 -0.8440 0.5064
vn -0.3272 -0.8982 0.2934
vn -0.3978 -0.8695 0.2928
vn -0.3267 -0.8969 0.2980
vn -0.2529 -0.9213 0.2953
vn -0.1571 -0.9418 0.2971
vn -0.2531 -0.9208 0.2969
vn -0.3927 -0.8833 0.2561
vn -0.4716 -0.7980 0.3753
vn -0.3379 -0.8603 0.3818
vn -0.3576 -0.7049 0.6125
vn -0.3455 -0.8575 0.3812
vn -0.4881 -0.7892 0.3729
vn -0.2610 -0.9437 0.2030
vn -0.1564 -0.9545 0.2539
vn -0.2521 -0.9357 0.2468
vn -0.3267 -0.8963 0.2998
vn -0.3978 -0.8698 0.2919
vn -0.3012 -0.9325 0.1994
vn -0.1386 -0.9722 0.1888
vn -0.2176 -0.9750 0.0441
vn -0.3837 -0.9222 0.0484
vn -0.3046 -0.9510 0.0531
vn -0.3978 -0.9129 0.0913
vn -0.2122 -0.9767 0.0307
vn -0.3167 -0.9431 0.1016
vn -0.3970 -0.9127 0.0969
vn -0.3079 -0.9511 0.0257
vn -0.5417 -0.8377 0.0702
vn -0.4654 -0.7198 0.5151
vn -0.4741 -0.8744 0.1038
vn -0.5442 -0.8332 0.0981
vn -0.4994 -0.8449 0.1917
vn -0.4205 -0.9028 0.0898
vn -0.2084 -0.9781 0.0004
vn -0.2980 -0.9546 -0.0019
vn -0.3780 -0.9258 -0.0016
vn -0.2973 -0.9548 0.0006
vn -0.2404 -0.9659 0.0963
vn -0.0559 -0.0522 0.9971
vn -0.2131 -0.2132 0.9535
vn -0.3043 -0.3104 0.9006
vn -0.4037 -0.4125 0.8166
vn -0.5494 -0.5569 0.6229
vn -0.6633 -0.6692 0.3350
vn -0.7043 -0.7094 0.0259
vn -0.0473 0.0004 0.9989
vn -0.0920 0.0002 0.9958
vn -0.3518 0.0014 0.9361
vn -0.6708 0.0022 0.7417
vn -0.8654 0.0020 0.5011
vn -0.9341 -0.0000 0.3569
vn -0.9880 -0.0007 0.1547
vn -0.0383 -0.9542 0.2966
vn -0.0127 -0.9935 0.1127
vn -0.0556 -0.8537 0.5177
vn -0.0835 -0.8422 0.5327
vn 0.0215 -0.8552 0.5179
vn -0.0853 -0.8526 0.5155
vn -0.0540 -0.8439 0.5337
vn -0.0604 -0.6874 0.7237
vn -0.0825 -0.7969 0.5984
vn 0.0071 0.0692 0.9976
vn -0.0266 -0.3337 0.9423
vn -0.0313 -0.3395 0.9401
vn -0.0099 -0.1816 0.9833
vn -0.0562 -0.2605 0.9638
vn -0.0000 -0.9936 0.1127
vn 0.0000 -0.9549 0.2968
vn 0.0000 -0.9936 0.1127
vn -0.0000 -0.8551 0.5185
vn -0.0002 -0.6874 0.7263
vn -0.0089 -0.2434 0.9699
vn -0.0190 -0.2495 0.9682
vn -0.0199 -0.1358 0.9905
vn -0.0221 -0.3170 0.9482
vn 0.0000 -0.9936 0.1127
vn 0.0000 -0.9549 0.2968
vn -0.0000 -0.9936 0.1127
vn 0.0000 -0.8551 0.5185
vn 0.0000 -0.6888 0.7250
vn -0.0000 -0.3382 0.9411
vn 0.0004 -0.3442 0.9389
vn 0.0007 -0.1840 0.9829
vn 0.0011 -0.2582 0.9661
vn -0.0065 -0.9950 0.0998
vn -0.0053 -0.9981 0.0610
vn -0.0689 -0.9790 0.1920
vn 0.0042 -0.9762 0.2166
vn -0.0048 -0.9602 0.2794
vn -0.0604 -0.9588 0.2778
vn 0.0084 -0.9762 0.2167
vn -0.0418 -0.8955 0.4432
vn -0.0474 -0.9751 0.2169
vn -0.0740 -0.8549 0.5135
vn -0.1491 -0.9265 0.3456
vn -0.0926 -0.8598 0.5021
vn -0.0124 -0.8932 0.4494
vn -0.0619 -0.8219 0.5662
vn -0.0393 -0.8928 0.4487
vn 0.0018 -0.8431 0.5378
vn -0.0090 -0.8128 0.5825
vn -0.0596 -0.8118 0.5809
vn -0.0000 -0.8431 0.5378
vn -0.0234 -0.6823 0.7307
vn -0.0513 -0.8147 0.5776
vn -0.0188 -0.6824 0.7307
vn -0.0615 -0.6293 0.7747
vn -0.0874 -0.7559 0.6488
vn -0.0543 -0.6212 0.7818
vn -0.0126 -0.3801 0.9249
vn -0.0046 -0.6059 0.7955
vn 0.0086 -0.4198 0.9076
vn 0.0240 -0.3585 0.9332
vn 0.0272 -0.0982 0.9948
vn -0.0685 -0.1073 0.9919
vn -0.8060 -0.5895 -0.0528
vn -0.8692 -0.4925 -0.0449
vn -0.8500 -0.5219 0.0716
vn -0.8925 -0.4452 0.0725
vn -0.8558 -0.5153 -0.0457
vn -0.8047 -0.5914 -0.0529
vn -0.8425 -0.5274 -0.1098
vn -0.7923 -0.6045 -0.0828
vn -0.7407 -0.6592 -0.1292
vn -0.9171 -0.3848 -0.1043
vn -0.9499 -0.2964 -0.0993
vn -0.9218 -0.3768 -0.0910
vn -0.9623 -0.2521 -0.1024
vn -0.9508 -0.2935 -0.0991
vn -0.9222 -0.3726 -0.1036
vn -0.9499 -0.2944 -0.1051
vn -0.8426 -0.5294 -0.0983
vn -0.8864 -0.4524 -0.0982
vn -0.8429 -0.5284 -0.1016
vn -0.7946 -0.5991 -0.0986
vn -0.7379 -0.6674 -0.1005
vn -0.7941 -0.5994 -0.1008
vn -0.8864 -0.4524 -0.0982
vn -0.8420 -0.5299 -0.1016
vn -0.8624 -0.4827 -0.1523
vn -0.9124 -0.3987 -0.0922
vn -0.7612 -0.5762 -0.2975
vn -0.7336 -0.6268 -0.2626
vn -0.7262 -0.6717 -0.1467
vn -0.7621 -0.5925 -0.2610
vn -0.8045 -0.5129 -0.2995
vn -0.8482 -0.4414 -0.2927
vn -0.8089 -0.5099 -0.2927
vn -0.7084 -0.6405 -0.2966
vn -0.6962 -0.5673 -0.4398
vn -0.7085 -0.6404 -0.2964
vn -0.7083 -0.6406 -0.2964
vn -0.7050 -0.6864 -0.1784
vn -0.7084 -0.6405 -0.2965
vn -0.7454 -0.5852 -0.3193
vn -0.6637 -0.6359 -0.3939
vn -0.7262 -0.6083 -0.3204
vn -0.8792 -0.3660 -0.3050
vn -0.9109 -0.2890 -0.2947
vn -0.8919 -0.3536 -0.2819
vn -0.8256 -0.4453 -0.3466
vn -0.9330 -0.2055 -0.2955
vn -0.8838 -0.2815 -0.3738
vn -0.7642 -0.2861 -0.5781
vn -0.8784 -0.2953 -0.3757
vn -0.9090 -0.2811 -0.3077
vn -0.7564 -0.4991 -0.4228
vn -0.7859 -0.3981 -0.4732
vn -0.7454 -0.4640 -0.4787
vn -0.7033 -0.5274 -0.4768
vn -0.6521 -0.5890 -0.4773
vn -0.7349 -0.5292 -0.4242
vn -0.8312 -0.3988 -0.3875
vn -0.8759 -0.3462 -0.3362
vn -0.8069 -0.4968 -0.3194
vn -0.8517 -0.4727 -0.2263
vn -0.8175 -0.4800 -0.3182
vn -0.6303 -0.5825 -0.5133
vn -0.6808 -0.5259 -0.5099
vn -0.6382 -0.5460 -0.5428
vn -0.6801 -0.5583 -0.4752
vn -0.7542 -0.4754 -0.4530
vn -0.6414 -0.4648 -0.6104
vn -0.7315 -0.4900 -0.4741
vn -0.7684 -0.4030 -0.4972
vn -0.6390 -0.3804 -0.6686
vn -0.7592 -0.4173 -0.4995
vn -0.6430 -0.4713 -0.6037
vn -0.6763 -0.5583 -0.4805
vn -0.6375 -0.4695 -0.6108
vn -0.7389 -0.2532 -0.6245
vn -0.7989 -0.2851 -0.5296
vn -0.6581 -0.4078 -0.6329
vn -0.6942 -0.3465 -0.6310
vn -0.6558 -0.4035 -0.6380
vn -0.6299 -0.4460 -0.6359
vn -0.6677 -0.3388 -0.6629
vn -0.7715 -0.3369 -0.5397
vn -0.7025 -0.3182 -0.6365
vn -0.6537 -0.4065 -0.6382
vn -0.7704 -0.4079 -0.4900
vn -0.6706 -0.3823 -0.6357
vn -0.5299 -0.4072 -0.7439
vn -0.5451 -0.3700 -0.7523
vn -0.5272 -0.2818 -0.8016
vn -0.5272 -0.3902 -0.7548
vn -0.5902 -0.2488 -0.7680
vn -0.5495 -0.3015 -0.7792
vn -0.5153 -0.3741 -0.7710
vn -0.5587 -0.3230 -0.7639
vn -0.3729 -0.3256 -0.8689
vn -0.4156 -0.2500 -0.8745
vn -0.3677 -0.2998 -0.8803
vn -0.4529 -0.1762 -0.8740
vn -0.4859 -0.1020 -0.8680
vn -0.4379 -0.1593 -0.8848
vn -0.4056 -0.2293 -0.8848
vn -0.3678 -0.2998 -0.8802
vn -0.4155 -0.2499 -0.8746
vn -0.2287 -0.1911 -0.9545
vn -0.3030 -0.2780 -0.9115
vn -0.2271 -0.1577 -0.9610
vn -0.3002 -0.0970 -0.9489
vn -0.2333 -0.1649 -0.9583
vn -0.0808 -0.0711 -0.9942
vn -0.0773 -0.0649 -0.9949
vn -0.2554 -0.1483 -0.9554
vn -0.0844 -0.0559 -0.9949
vn -0.0721 -0.0340 -0.9968
vn -0.1733 -0.0827 -0.9814
vn -0.3856 -0.9227 -0.0012
vn -0.3030 -0.9530 -0.0007
vn -0.3833 -0.9236 0.0028
vn -0.2119 -0.9773 -0.0005
vn -0.3015 -0.9535 -0.0007
vn -0.3834 -0.9236 0.0028
vn -0.3023 -0.9532 0.0033
vn -0.5416 -0.8406 -0.0024
vn -0.4640 -0.8858 -0.0019
vn -0.5410 -0.8410 0.0017
vn -0.5995 -0.8004 0.0004
vn -0.4648 -0.8854 0.0024
vn -0.5424 -0.8401 0.0018
vn -0.4671 -0.8842 -0.0018
vn -0.2121 -0.9773 0.0002
vn -0.1237 -0.9884 -0.0882
vn -0.2950 -0.9547 -0.0394
vn -0.3794 -0.9247 -0.0323
vn -0.2924 -0.9557 -0.0349
vn -0.2226 -0.9697 -0.1005
vn -0.1318 -0.9860 -0.1022
vn -0.2365 -0.9708 -0.0409
vn -0.2226 -0.9697 -0.1005
vn -0.2038 -0.9396 -0.2748
vn -0.1302 -0.9860 -0.1039
vn -0.2219 -0.9701 -0.0986
vn -0.2999 -0.9478 -0.1084
vn -0.3809 -0.9189 -0.1023
vn -0.2846 -0.9198 -0.2700
vn -0.3068 -0.9470 -0.0955
vn -0.1507 -0.9433 -0.2959
vn -0.1013 -0.9825 -0.1560
vn -0.2054 -0.9401 -0.2722
vn -0.1230 -0.9535 -0.2753
vn -0.5230 -0.8384 -0.1538
vn -0.4660 -0.8847 -0.0151
vn -0.5415 -0.8405 -0.0198
vn -0.4706 -0.8677 -0.1600
vn -0.4540 -0.8422 -0.2908
vn -0.4003 -0.9055 -0.1408
vn -0.4454 -0.8487 -0.2851
vn -0.6098 -0.7906 -0.0562
vn -0.5475 -0.8176 -0.1783
vn -0.6684 -0.7370 -0.1003
vn -0.5952 -0.7336 -0.3279
vn -0.6299 -0.7693 -0.1071
vn -0.5213 -0.8018 -0.2921
vn -0.4502 -0.8410 -0.3001
vn -0.5193 -0.7997 -0.3012
vn -0.5991 -0.7822 -0.1710
vn -0.2946 -0.9097 -0.2926
vn -0.3738 -0.8807 -0.2911
vn -0.2961 -0.9077 -0.2973
vn -0.2136 -0.9307 -0.2968
vn -0.1309 -0.9452 -0.2989
vn -0.2136 -0.9307 -0.2968
vn -0.3737 -0.8805 -0.2916
vn -0.2936 -0.9085 -0.2974
vn -0.3955 -0.9075 -0.1413
vn -0.3687 -0.8802 -0.2989
vn -0.0745 -0.8719 -0.4841
vn -0.1966 -0.8565 -0.4773
vn -0.1091 -0.8815 -0.4594
vn -0.2663 -0.8415 -0.4700
vn -0.3367 -0.8165 -0.4690
vn -0.2734 -0.8347 -0.4781
vn -0.1761 -0.8246 -0.5375
vn -0.1966 -0.8564 -0.4773
vn -0.4018 -0.7764 -0.4856
vn -0.4741 -0.7442 -0.4705
vn -0.3982 -0.7754 -0.4900
vn -0.5355 -0.6997 -0.4730
vn -0.5891 -0.6521 -0.4772
vn -0.5401 -0.6824 -0.4925
vn -0.4847 -0.7389 -0.4681
vn -0.3972 -0.7782 -0.4863
vn -0.4785 -0.7301 -0.4878
vn -0.2340 -0.7848 -0.5739
vn -0.3101 -0.7246 -0.6154
vn -0.2459 -0.7428 -0.6228
vn -0.1855 -0.7952 -0.5773
vn -0.3614 -0.7894 -0.4962
vn -0.2733 -0.8348 -0.4780
vn -0.3370 -0.8156 -0.4703
vn -0.1716 -0.7406 -0.6497
vn -0.2366 -0.7413 -0.6281
vn -0.1895 -0.6616 -0.7255
vn -0.2375 -0.7415 -0.6275
vn -0.2979 -0.7202 -0.6266
vn -0.1977 -0.6513 -0.7326
vn -0.2457 -0.7311 -0.6365
vn -0.1595 -0.7533 -0.6380
vn -0.2125 -0.6581 -0.7223
vn -0.3444 -0.6677 -0.6600
vn -0.2850 -0.5745 -0.7673
vn -0.3422 -0.6672 -0.6616
vn -0.3966 -0.6223 -0.6748
vn -0.3118 -0.5341 -0.7858
vn -0.3726 -0.6301 -0.6812
vn -0.4404 -0.5883 -0.6782
vn -0.3177 -0.4760 -0.8201
vn -0.4002 -0.6029 -0.6902
vn -0.2241 -0.5839 -0.7803
vn -0.2119 -0.5643 -0.7979
vn -0.3071 -0.6768 -0.6691
vn -0.2448 -0.5837 -0.7742
vn -0.1841 -0.5198 -0.8342
vn -0.2660 -0.4481 -0.8535
vn -0.3474 -0.4367 -0.8298
vn -0.2653 -0.4525 -0.8514
vn -0.1942 -0.4581 -0.8674
vn -0.1217 -0.2936 -0.9481
vn -0.1781 -0.2745 -0.9450
vn -0.2712 -0.3008 -0.9143
vn -0.1693 -0.3096 -0.9357
vn -0.1257 -0.2772 -0.9525
vn -0.0728 -0.1612 -0.9842
vn -0.1022 -0.0952 -0.9902
vn -0.1004 -0.0992 -0.9900
vn -0.7028 -0.7023 -0.1135
vn -0.6752 -0.6752 -0.2968
vn -0.6752 -0.6752 -0.2968
vn -0.7089 -0.6948 -0.1213
vn -0.6752 -0.6752 -0.2968
vn -0.6752 -0.6752 -0.2968
vn -0.6520 -0.6131 -0.4462
vn -0.6752 -0.6752 -0.2968
vn -0.6752 -0.6752 -0.2968
vn -0.6809 -0.7101 -0.1794
vn -0.6752 -0.6752 -0.2968
vn -0.6402 -0.6497 -0.4100
vn -0.6752 -0.6752 -0.2968
vn -0.6329 -0.6325 -0.4466
vn -0.6752 -0.6752 -0.2968
vn -0.6322 -0.6319 -0.4484
vn -0.5871 -0.5897 -0.5545
vn -0.6222 -0.6201 -0.4778
vn -0.5943 -0.5920 -0.5444
vn -0.4692 -0.4710 -0.7470
vn -0.3540 -0.3540 -0.8657
vn -0.2115 -0.2073 -0.9551
vn -0.2304 -0.2315 -0.9452
vn -0.3359 -0.3375 -0.8793
vn -0.2180 -0.2210 -0.9506
vn -0.2070 -0.2069 -0.9562
vn -0.0727 -0.0737 -0.9946
vn -0.0707 -0.0712 -0.9950
vn -0.1905 -0.1915 -0.9628
vn -0.0716 -0.0715 -0.9949
vn -0.0732 -0.0736 -0.9946
vn -0.1269 -0.1275 -0.9837
vn -0.9977 -0.0000 -0.0684
vn -0.9549 -0.0000 -0.2968
vn -0.9728 -0.0000 -0.2316
vn -0.9549 -0.0000 -0.2968
vn -0.9452 -0.0001 -0.3266
vn -0.8131 -0.0001 -0.5821
vn -0.4814 -0.0010 -0.8765
vn -0.4773 -0.0000 -0.8787
vn -0.3041 0.0016 -0.9526
vn -0.4591 -0.0008 -0.8884
vn -0.5403 -0.0010 -0.8414
vn -0.4603 -0.0057 -0.8877
vn -0.3029 -0.0028 -0.9530
vn -0.4626 -0.0051 -0.8865
vn -0.5173 -0.0065 -0.8558
vn -0.4657 -0.0452 -0.8838
vn -0.3009 -0.0462 -0.9525
vn -0.2990 -0.0479 -0.9530
vn -0.4735 -0.0490 -0.8794
vn -0.2818 -0.0159 -0.9593
vn -0.2834 -0.0138 -0.9589
vn -0.4513 -0.0161 -0.8922
vn -0.2881 -0.0160 -0.9575
vn -0.2460 0.0007 -0.9693
vn -0.2968 -0.0000 -0.9549
vn -0.4534 -0.0022 -0.8913
vn -0.2968 -0.0000 -0.9549
vn -0.2457 0.0007 -0.9693
vn -0.3186 -0.0003 -0.9479
vn -0.4693 0.0011 -0.8830
vn -0.2797 -0.0007 -0.9601
vn -0.0944 0.0001 -0.9955
vn -0.0989 -0.0003 -0.9951
vn -0.2743 -0.0065 -0.9616
vn -0.1015 -0.0016 -0.9948
vn -0.0896 -0.0004 -0.9960
vn -0.0795 -0.0000 -0.9968
vn -0.1753 -0.0000 -0.9845
vn -0.0000 -0.9961 -0.0882
vn -0.0000 -1.0000 -0.0000
vn 0.0006 -0.9961 -0.0878
vn -0.0000 -0.9949 -0.1005
vn -0.0000 -0.9949 -0.1005
vn -0.0336 -0.9944 -0.1004
vn -0.0000 -0.9949 -0.1005
vn 0.0000 -0.9949 -0.1005
vn -0.0000 -0.9949 -0.1005
vn -0.0000 -0.9961 -0.0878
vn -0.0044 -0.9549 -0.2968
vn 0.0000 -0.9767 -0.2146
vn 0.0000 -0.9949 -0.1005
vn 0.0022 -0.9668 -0.2557
vn 0.0000 -0.9549 -0.2968
vn 0.0000 -0.9549 -0.2968
vn 0.0000 -0.9549 -0.2968
vn -0.0341 -0.9544 -0.2966
vn -0.0000 -0.9549 -0.2968
vn 0.0000 -0.9549 -0.2968
vn -0.0000 -0.9549 -0.2968
vn 0.0000 -0.9549 -0.2968
vn 0.0000 -0.8944 -0.4474
vn 0.0000 -0.9085 -0.4179
vn 0.0000 -0.9326 -0.3610
vn -0.0000 -0.9549 -0.2968
vn -0.0341 -0.9544 -0.2966
vn 0.0038 -0.9326 -0.3610
vn 0.0034 -0.9085 -0.4179
vn 0.0017 -0.8944 -0.4474
vn 0.0009 -0.8867 -0.4623
vn 0.0001 -0.7942 -0.6076
vn -0.0000 -0.8787 -0.4773
vn -0.0018 -0.8945 -0.4471
vn 0.0000 -0.7532 -0.6578
vn -0.0001 -0.5297 -0.8482
vn -0.0001 -0.2966 -0.9550
vn -0.0001 -0.1619 -0.9868
vn -0.0001 -0.0992 -0.9951
vn 0.0000 0.0000 -1.0000
vn -0.5261 -0.8434 0.1089
vn -0.5118 -0.8205 0.2545
vn -0.2777 -0.3921 0.8770
vn -0.3574 -0.4222 0.8331
vn -0.2327 -0.3057 0.9232
vn 0.0000 0.0000 -1.0000
vn 0.0000 0.0000 -1.0000
vn -0.0000 -0.0000 -1.0000
vn -0.0000 0.0000 -1.0000
vn -0.0000 0.0000 -1.0000
vn -0.0000 -0.0000 -1.0000
vn 0.5110 -0.2215 0.8305
vn -0.0000 0.0000 -1.0000
vn 0.0003 -1.0000 0.0026
vn -0.0000 0.0000 -1.0000
vn -0.0000 0.0000 -1.0000
vn 0.9995 0.0000 0.0308
vn 0.8090 -0.5877 0.0094
vn 0.7719 -0.6353 0.0260
vn 0.8446 -0.5354 -0.0003
vn 0.8880 -0.4598 -0.0002
vn 0.8451 -0.5346 0.0001
vn 0.7968 -0.6042 -0.0003
vn 0.7341 -0.6790 0.0000
vn 0.7967 -0.6044 0.0001
vn 0.9250 -0.3800 -0.0003
vn 0.9542 -0.2993 -0.0002
vn 0.9258 -0.3781 0.0006
vn 0.9755 -0.2202 -0.0000
vn 0.9889 -0.1484 0.0002
vn 0.9756 -0.2196 0.0008
vn 0.9546 -0.2980 -0.0002
vn 0.9258 -0.3781 0.0006
vn 0.9544 -0.2986 0.0007
vn 0.8455 -0.5340 -0.0006
vn 0.8892 -0.4575 -0.0005
vn 0.8459 -0.5334 0.0003
vn 0.7975 -0.6034 -0.0008
vn 0.7342 -0.6790 0.0001
vn 0.7970 -0.6039 0.0001
vn 0.8889 -0.4581 0.0005
vn 0.8451 -0.5345 0.0003
vn 0.8880 -0.4599 -0.0005
vn 0.2119 -0.9773 0.0000
vn 0.3005 -0.9538 0.0000
vn 0.3819 -0.9242 0.0000
vn 0.3005 -0.9538 0.0000
vn 0.2119 -0.9773 0.0000
vn 0.4624 -0.8867 0.0000
vn 0.5394 -0.8420 0.0000
vn 0.4624 -0.8867 0.0000
vn 0.6104 -0.7921 0.0000
vn 0.6722 -0.7404 0.0000
vn 0.6104 -0.7921 0.0000
vn 0.5394 -0.8420 0.0000
vn 0.4624 -0.8867 0.0000
vn 0.5394 -0.8420 0.0000
vn 0.3005 -0.9538 0.0000
vn 0.3819 -0.9242 0.0000
vn 0.3005 -0.9538 0.0000
vn 0.2119 -0.9773 0.0000
vn 0.3819 -0.9242 0.0000
vn 0.3005 -0.9538 0.0000
vn 0.3819 -0.9242 0.0000
vn 0.7078 -0.7061 0.0189
vn 0.5881 -0.6522 0.4783
vn 0.0000 -0.2949 -0.9555
vn 0.4053 -0.0002 0.9142
vn 0.2220 -0.9750 -0.0000
vn 0.3019 -0.9533 -0.0002
vn 0.3842 -0.9233 0.0009
vn 0.3015 -0.9535 0.0010
vn 0.2409 -0.9691 -0.0540
vn 0.4654 -0.8851 -0.0010
vn 0.5422 -0.8403 0.0010
vn 0.4646 -0.8855 0.0013
vn 0.5675 -0.8233 -0.0007
vn 0.5417 -0.8406 0.0010
vn 0.4643 -0.8857 -0.0010
vn 0.5419 -0.8404 -0.0014
vn 0.3011 -0.9536 0.0018
vn 0.3832 -0.9237 0.0016
vn 0.3008 -0.9537 -0.0004
vn 0.2489 -0.9685 0.0006
vn 0.3832 -0.9237 0.0016
vn 0.3013 -0.9535 -0.0004
vn 0.3839 -0.9234 -0.0007
vn 0.2084 -0.2054 0.9562
vn 0.0000 0.0000 1.0000
vn 1.0000 -0.0006 -0.0050
vn 0.7546 -0.6558 -0.0237
vn 0.8084 -0.5884 -0.0141
vn 0.8461 -0.5330 0.0002
vn 0.8896 -0.4568 0.0001
vn 0.8456 -0.5339 -0.0001
vn 0.8394 -0.5436 0.0001
vn 0.9264 -0.3766 -0.0004
vn 0.9548 -0.2972 0.0002
vn 0.9238 -0.3829 0.0013
vn 0.9773 -0.2120 0.0020
vn 0.9541 -0.2994 0.0045
vn 0.9250 -0.3798 0.0039
vn 0.9553 -0.2956 0.0014
vn 0.8443 -0.5359 0.0014
vn 0.8611 -0.5085 0.0033
vn 0.8873 -0.4589 0.0467
vn 0.8454 -0.5341 0.0031
vn 0.8402 -0.5423 0.0013
vn 0.9145 -0.4047 0.0011
vn 0.8702 -0.4926 -0.0104
vn 0.8455 -0.5340 -0.0003
vn 0.8897 -0.4565 0.0004
vn 0.7078 -0.7061 -0.0186
vn -0.0031 -1.0000 -0.0007
vn 1.0000 0.0000 0.0000
vn 0.0043 -0.1066 0.9943
vn -0.0000 -0.4391 0.8984
vn 0.0000 0.0000 -1.0000
vn -0.0000 -0.5582 -0.8297
vn -0.0000 -0.0336 0.9994
vn 0.0000 -0.0087 -1.0000
vn -0.0000 -0.7006 0.7136
vn -0.0000 -0.8380 0.5457
vn -0.0000 -0.9444 0.3287
vn -0.0000 -0.9969 0.0784
vn -0.0000 -0.9847 -0.1744
vn -0.0000 -0.9169 -0.3990
vn -0.0000 -0.8144 -0.5803
vn -0.0000 -1.0000 0.0000
vn -0.0000 -1.0000 0.0000
vn -0.0000 -1.0000 0.0000
vn -0.0000 -1.0000 0.0000
vn -0.0000 -1.0000 0.0000
vn -0.0000 -1.0000 0.0000
vn -0.0000 -1.0000 0.0000
vn 0.5087 -0.6008 0.6167
vn 0.4168 -0.5579 0.7176
vn 0.3315 -0.4437 0.8326
vn 0.1725 -0.2435 0.9544
vn 0.3632 -0.4771 0.8002
vn 0.1428 -0.3019 0.9426
vn 0.9629 0.0657 0.2617
vn 0.9020 0.0658 0.4267
vn 0.7441 0.0563 0.6657
vn 0.5156 0.0521 0.8553
vn 0.3788 0.0497 0.9242
vn 0.2833 0.0438 0.9580
vn 0.1622 0.0268 0.9864
vn 0.9799 -0.0067 0.1995
vn 0.9046 -0.0143 0.4261
vn 0.7460 -0.0224 0.6656
vn 0.5169 -0.0262 0.8557
vn 0.3797 -0.0233 0.9248
vn 0.4249 -0.0131 0.9052
vn 0.1991 -0.0213 0.9797
vn 0.1996 -0.0085 -0.9798
vn 0.4263 -0.0079 -0.9045
vn 0.5823 -0.0071 -0.8129
vn 0.7071 -0.0062 -0.7071
vn 0.8130 -0.0051 -0.5823
vn 0.9046 -0.0037 -0.4263
vn 0.9799 -0.0017 -0.1996
vn 0.1996 -0.2889 -0.9363
vn 0.4263 -0.2667 -0.8643
vn 0.5823 -0.2397 -0.7768
vn 0.7071 -0.2085 -0.6757
vn 0.8130 -0.1717 -0.5564
vn 0.9046 -0.1257 -0.4074
vn 0.9799 -0.0589 -0.1907
vn 0.1996 -0.5470 -0.8130
vn 0.4263 -0.5049 -0.7505
vn 0.5823 -0.4538 -0.6745
vn 0.7071 -0.3947 -0.5867
vn 0.8130 -0.3251 -0.4831
vn 0.9046 -0.2380 -0.3537
vn 0.9799 -0.1114 -0.1656
vn 0.1996 -0.7980 -0.5686
vn 0.4263 -0.7367 -0.5249
vn 0.5823 -0.6621 -0.4718
vn 0.7071 -0.5759 -0.4103
vn 0.8130 -0.4742 -0.3379
vn 0.9046 -0.3472 -0.2474
vn 0.9799 -0.1626 -0.1158
vn 0.1996 -0.8985 -0.3910
vn 0.4263 -0.8294 -0.3610
vn 0.5823 -0.7454 -0.3244
vn 0.7071 -0.6484 -0.2822
vn 0.8130 -0.5339 -0.2324
vn 0.9046 -0.3909 -0.1701
vn 0.9799 -0.1830 -0.0797
vn 0.1996 -0.9649 -0.1709
vn 0.4264 -0.8907 -0.1577
vn 0.5823 -0.8005 -0.1418
vn 0.7071 -0.6963 -0.1233
vn 0.8130 -0.5734 -0.1015
vn 0.9046 -0.4198 -0.0743
vn 0.9799 -0.1966 -0.0348
vn 0.1996 -0.9769 0.0768
vn 0.4263 -0.9018 0.0709
vn 0.5823 -0.8105 0.0637
vn 0.7071 -0.7049 0.0554
vn 0.8130 -0.5805 0.0456
vn 0.9046 -0.4250 0.0334
vn 0.9799 -0.1990 0.0156
vn 0.1996 -0.9254 0.3221
vn 0.4263 -0.8543 0.2973
vn 0.5823 -0.7678 0.2672
vn 0.7071 -0.6678 0.2324
vn 0.8130 -0.5500 0.1914
vn 0.9046 -0.4027 0.1401
vn 0.9799 -0.1885 0.0656
vn 0.1996 -0.8211 0.5347
vn 0.4263 -0.7580 0.4936
vn 0.5823 -0.6813 0.4436
vn 0.7071 -0.5925 0.3859
vn 0.8130 -0.4880 0.3178
vn 0.9046 -0.3573 0.2327
vn 0.9799 -0.1673 0.1089
vn 0.1996 -0.6865 0.6992
vn 0.4264 -0.6337 0.6455
vn 0.5823 -0.5696 0.5801
vn 0.7071 -0.4954 0.5046
vn 0.8130 -0.4080 0.4155
vn 0.9046 -0.2987 0.3042
vn 0.9799 -0.1398 0.1424
vn 0.9799 -0.0877 0.1793
vn 0.9046 -0.1872 0.3830
vn 0.8130 -0.2557 0.5232
vn 0.7071 -0.3105 0.6353
vn 0.5823 -0.3570 0.7304
vn 0.4264 -0.3972 0.8127
vn 0.1996 -0.4303 0.8803
vn 0.4956 -0.5496 0.6725
vn 0.1294 0.0164 0.9915
vn 0.2876 -0.1165 0.9506
vn 0.4086 -0.2232 0.8850
vn 0.4585 -0.2460 0.8540
vn 0.7089 -0.3110 0.6331
vn 0.6894 -0.2747 0.6703
vn 0.6778 -0.3635 0.6391
vn 0.8736 -0.3593 0.3283
vn 0.4471 -0.2168 0.8678
vn 0.8755 -0.1423 0.4618
vn 0.9254 -0.3212 0.2014
vn 0.6805 -0.3099 0.6639
vn 0.8451 -0.2710 0.4607
vn 0.8517 -0.2325 0.4696
vn 0.8848 -0.2936 0.3619
vn 0.8064 -0.3397 0.4840
vn 0.7811 -0.4258 0.4568
vn 0.8752 -0.2348 0.4230
vn 0.8348 -0.2699 0.4798
vn 0.8221 -0.3322 0.4624
vn 0.8720 -0.2549 0.4179
vn 0.9269 -0.2064 0.3134
vn 0.8472 -0.5312 -0.0027
vn 0.8488 -0.5286 0.0079
vn 0.8299 -0.4664 0.3062
vn 0.8917 -0.3922 0.2260
vn 0.9175 -0.3004 0.2605
vn 0.8884 -0.3731 0.2674
vn 0.9316 -0.2104 0.2965
vn 0.9073 -0.2891 0.3054
vn 0.8804 -0.3654 0.3022
vn 0.9094 -0.2926 0.2957
vn 0.8448 -0.4816 0.2330
vn 0.0648 -0.0994 0.9929
vn 0.1903 -0.3550 0.9153
vn 0.2169 -0.4077 0.8870
vn 0.1676 -0.6205 0.7660
vn 0.1501 -0.7508 0.6433
vn 0.1688 -0.6189 0.7671
vn 0.2629 -0.5890 0.7642
vn 0.1702 -0.6039 0.7787
vn 0.2923 -0.4538 0.8418
vn 0.3253 -0.3873 0.8627
vn 0.2783 -0.3998 0.8733
vn 0.0607 -0.2017 0.9776
vn 0.2317 -0.4673 0.8532
vn 0.1769 -0.8440 0.5064
vn 0.1432 -0.9272 0.3461
vn 0.2440 -0.8592 0.4497
vn 0.1403 -0.8765 0.4604
vn 0.2864 -0.7950 0.5347
vn 0.3108 -0.6689 0.6753
vn 0.2473 -0.7838 0.5697
vn 0.1623 -0.7995 0.5783
vn 0.2600 -0.8015 0.5385
vn 0.4268 -0.6532 0.6254
vn 0.3188 -0.6934 0.6462
vn 0.2382 -0.7332 0.6369
vn 0.1535 -0.7556 0.6368
vn 0.2383 -0.7374 0.6320
vn 0.3194 -0.7101 0.6275
vn 0.2176 -0.9750 0.0441
vn 0.1386 -0.9722 0.1888
vn 0.3012 -0.9325 0.1994
vn 0.3978 -0.8698 0.2919
vn 0.3267 -0.8963 0.2998
vn 0.2521 -0.9357 0.2468
vn 0.1564 -0.9545 0.2539
vn 0.2610 -0.9437 0.2030
vn 0.4881 -0.7892 0.3729
vn 0.3455 -0.8575 0.3812
vn 0.3576 -0.7049 0.6125
vn 0.3379 -0.8603 0.3818
vn 0.4716 -0.7980 0.3753
vn 0.3927 -0.8833 0.2561
vn 0.2531 -0.9208 0.2969
vn 0.1571 -0.9418 0.2971
vn 0.2529 -0.9213 0.2953
vn 0.3267 -0.8969 0.2980
vn 0.3978 -0.8695 0.2928
vn 0.3272 -0.8982 0.2934
vn 0.2404 -0.9659 0.0963
vn 0.2973 -0.9548 0.0006
vn 0.3780 -0.9258 -0.0016
vn 0.2980 -0.9546 -0.0019
vn 0.2084 -0.9781 0.0004
vn 0.4205 -0.9028 0.0898
vn 0.4994 -0.8449 0.1917
vn 0.5442 -0.8332 0.0981
vn 0.4741 -0.8744 0.1038
vn 0.4654 -0.7198 0.5151
vn 0.5417 -0.8377 0.0702
vn 0.3079 -0.9511 0.0257
vn 0.3970 -0.9127 0.0969
vn 0.3167 -0.9431 0.1016
vn 0.2122 -0.9767 0.0307
vn 0.3978 -0.9129 0.0913
vn 0.3046 -0.9510 0.0531
vn 0.3837 -0.9222 0.0484
vn 0.0559 -0.0522 0.9971
vn 0.2131 -0.2132 0.9535
vn 0.3043 -0.3104 0.9006
vn 0.4037 -0.4125 0.8166
vn 0.5494 -0.5569 0.6229
vn 0.6633 -0.6692 0.3350
vn 0.7043 -0.7094 0.0259
vn 0.0473 0.0004 0.9989
vn 0.0920 0.0002 0.9958
vn 0.3518 0.0014 0.9361
vn 0.6708 0.0022 0.7417
vn 0.8654 0.0020 0.5011
vn 0.9341 -0.0000 0.3569
vn 0.9880 -0.0007 0.1547
vn 0.0761 -0.8969 0.4357
vn 0.0765 -0.7302 0.6789
vn 0.0231 -0.9932 0.1140
vn 0.0463 -0.6571 0.7524
vn 0.0716 -0.8957 0.4388
vn -0.0274 -0.8812 0.4719
vn -0.0183 -0.5761 0.8172
vn 0.0872 -0.7703 0.6316
vn -0.0622 -0.7439 0.6654
vn 0.0554 -0.7619 0.6453
vn 0.0858 -0.7660 0.6371
vn -0.0593 -0.7234 0.6879
vn 0.0909 -0.7438 0.6622
vn 0.0293 -0.5326 0.8458
vn 0.0368 -0.4251 0.9044
vn 0.0158 -0.2415 0.9703
vn 0.0780 -0.5150 0.8536
vn -0.0000 -0.9936 0.1127
vn -0.0000 -0.9549 0.2968
vn 0.0000 -0.9936 0.1127
vn 0.0000 -0.8551 0.5185
vn 0.0000 -0.6888 0.7250
vn -0.0010 -0.3382 0.9411
vn 0.0108 -0.3442 0.9388
vn 0.0164 -0.1840 0.9828
vn 0.0271 -0.2581 0.9657
vn 0.0000 -0.9936 0.1127
vn -0.0000 -0.9549 0.2968
vn -0.0000 -0.9936 0.1127
vn -0.0000 -0.8551 0.5185
vn -0.0000 -0.6888 0.7250
vn 0.0000 -0.3382 0.9411
vn -0.0004 -0.3442 0.9389
vn -0.0007 -0.1840 0.9829
vn -0.0011 -0.2582 0.9661
vn 0.0065 -0.9950 0.0998
vn -0.0084 -0.9762 0.2167
vn 0.0604 -0.9588 0.2778
vn 0.0048 -0.9602 0.2794
vn -0.0042 -0.9762 0.2166
vn 0.0689 -0.9790 0.1920
vn 0.0053 -0.9981 0.0610
vn 0.0000 -0.8431 0.5378
vn 0.0596 -0.8118 0.5809
vn 0.0090 -0.8128 0.5825
vn -0.0018 -0.8431 0.5378
vn 0.0393 -0.8928 0.4487
vn 0.0619 -0.8219 0.5662
vn 0.0124 -0.8932 0.4494
vn 0.0926 -0.8598 0.5021
vn 0.1491 -0.9265 0.3456
vn 0.0740 -0.8549 0.5135
vn 0.0474 -0.9751 0.2169
vn 0.0418 -0.8955 0.4432
vn 0.0046 -0.6059 0.7955
vn 0.0126 -0.3801 0.9249
vn 0.0543 -0.6212 0.7818
vn 0.0874 -0.7559 0.6488
vn 0.0615 -0.6293 0.7747
vn 0.0188 -0.6824 0.7307
vn 0.0513 -0.8147 0.5776
vn 0.0234 -0.6823 0.7307
vn -0.0086 -0.4198 0.9076
vn -0.0240 -0.3585 0.9332
vn -0.0272 -0.0982 0.9948
vn 0.0685 -0.1073 0.9919
vn 0.9257 -0.3783 -0.0011
vn 0.9549 -0.2969 -0.0006
vn 0.9263 -0.3768 0.0018
vn 0.9630 -0.2696 0.0013
vn 0.9552 -0.2958 -0.0006
vn 0.9263 -0.3768 0.0017
vn 0.9551 -0.2964 0.0021
vn 0.8454 -0.5342 -0.0019
vn 0.8895 -0.4569 -0.0015
vn 0.8457 -0.5337 0.0009
vn 0.8131 -0.5822 -0.0003
vn 0.8892 -0.4574 0.0014
vn 0.8451 -0.5347 0.0010
vn 0.8885 -0.4589 -0.0015
vn 0.9643 -0.2563 -0.0661
vn 0.9564 -0.2894 -0.0392
vn 0.9274 -0.3729 -0.0301
vn 0.9579 -0.2853 -0.0318
vn 0.9695 -0.2418 -0.0401
vn 0.9555 -0.2461 -0.1623
vn 0.9506 -0.2932 -0.1022
vn 0.9227 -0.3733 -0.0958
vn 0.9508 -0.2646 -0.1612
vn 0.9349 -0.2038 -0.2906
vn 0.9505 -0.2131 -0.2263
vn 0.8526 -0.5063 -0.1292
vn 0.8887 -0.4586 0.0028
vn 0.8409 -0.5261 -0.1266
vn 0.8389 -0.4611 -0.2892
vn 0.9072 -0.4063 -0.1089
vn 0.8609 -0.4328 -0.2675
vn 0.7902 -0.5940 -0.1510
vn 0.7379 -0.6674 -0.1005
vn 0.8047 -0.5824 -0.1150
vn 0.8069 -0.5129 -0.2929
vn 0.8452 -0.4415 -0.3012
vn 0.8288 -0.5364 -0.1593
vn 0.9122 -0.2875 -0.2920
vn 0.8840 -0.3658 -0.2910
vn 0.9098 -0.2890 -0.2979
vn 0.9324 -0.2056 -0.2972
vn 0.9106 -0.3221 -0.2590
vn 0.8632 -0.3494 -0.3644
vn 0.9195 -0.2938 -0.2611
vn 0.9313 -0.3458 -0.1147
vn 0.8699 -0.3940 -0.2968
vn 0.9095 -0.3887 -0.1474
vn 0.9264 -0.1984 -0.3201
vn 0.8654 -0.2641 -0.4258
vn 0.7790 -0.2974 -0.5520
vn 0.7863 -0.3984 -0.4723
vn 0.7478 -0.4659 -0.4730
vn 0.7758 -0.4050 -0.4838
vn 0.7039 -0.5279 -0.4753
vn 0.6521 -0.5890 -0.4772
vn 0.6904 -0.5287 -0.4938
vn 0.7442 -0.4729 -0.4717
vn 0.7759 -0.4050 -0.4837
vn 0.7369 -0.4669 -0.4889
vn 0.8244 -0.2918 -0.4850
vn 0.7789 -0.2871 -0.5576
vn 0.6798 -0.3348 -0.6526
vn 0.6596 -0.4066 -0.6321
vn 0.6842 -0.3322 -0.6492
vn 0.6270 -0.4436 -0.6403
vn 0.6419 -0.4050 -0.6511
vn 0.6610 -0.3325 -0.6727
vn 0.6357 -0.4068 -0.6560
vn 0.6926 -0.2889 -0.6610
vn 0.5575 -0.2244 -0.7992
vn 0.4797 -0.0964 -0.8721
vn 0.5858 -0.3290 -0.7407
vn 0.4684 -0.2257 -0.8542
vn 0.5734 -0.3036 -0.7609
vn 0.5001 -0.3627 -0.7863
vn 0.3685 -0.2353 -0.8994
vn 0.5047 -0.3407 -0.7932
vn 0.4375 -0.1715 -0.8827
vn 0.5821 -0.2459 -0.7751
vn 0.4700 -0.2115 -0.8569
vn 0.4711 -0.0974 -0.8767
vn 0.6411 -0.2132 -0.7372
vn 0.4673 -0.1572 -0.8700
vn 0.4075 -0.1175 -0.9056
vn 0.2990 -0.0492 -0.9530
vn 0.4723 -0.0934 -0.8765
vn 0.4625 -0.1748 -0.8692
vn 0.3252 -0.0794 -0.9423
vn 0.4559 -0.1626 -0.8751
vn 0.2807 -0.0720 -0.9571
vn 0.4601 -0.0476 -0.8866
vn 0.3245 -0.0984 -0.9408
vn 0.3872 -0.2176 -0.8960
vn 0.2637 -0.1473 -0.9533
vn 0.3929 -0.2284 -0.8907
vn 0.3400 -0.2822 -0.8971
vn 0.2307 -0.1582 -0.9601
vn 0.3458 -0.2328 -0.9090
vn 0.2335 -0.0877 -0.9684
vn 0.2570 -0.1026 -0.9610
vn 0.3956 -0.2005 -0.8963
vn 0.2655 -0.1171 -0.9570
vn 0.0939 -0.0424 -0.9947
vn 0.0985 -0.0424 -0.9942
vn 0.2729 -0.0835 -0.9584
vn 0.2017 -0.1492 -0.9680
vn 0.1104 -0.0560 -0.9923
vn 0.1109 -0.0342 -0.9932
vn 0.1747 -0.0824 -0.9812
vn 0.2365 -0.9708 -0.0409
vn 0.1318 -0.9860 -0.1022
vn 0.2226 -0.9697 -0.1005
vn 0.2924 -0.9557 -0.0349
vn 0.3794 -0.9247 -0.0323
vn 0.2950 -0.9547 -0.0394
vn 0.1237 -0.9884 -0.0882
vn 0.2121 -0.9773 0.0002
vn 0.4671 -0.8842 -0.0018
vn 0.5424 -0.8401 0.0018
vn 0.4648 -0.8854 0.0024
vn 0.5995 -0.8004 0.0004
vn 0.5410 -0.8410 0.0017
vn 0.4640 -0.8858 -0.0019
vn 0.5416 -0.8406 -0.0024
vn 0.3023 -0.9532 0.0033
vn 0.3834 -0.9236 0.0028
vn 0.3015 -0.9535 -0.0007
vn 0.2119 -0.9773 -0.0005
vn 0.3833 -0.9236 0.0028
vn 0.3030 -0.9530 -0.0007
vn 0.3856 -0.9227 -0.0012
vn 0.3687 -0.8802 -0.2989
vn 0.3955 -0.9075 -0.1413
vn 0.2936 -0.9085 -0.2974
vn 0.3737 -0.8805 -0.2916
vn 0.2136 -0.9307 -0.2968
vn 0.1309 -0.9452 -0.2989
vn 0.2136 -0.9307 -0.2968
vn 0.2961 -0.9077 -0.2973
vn 0.3738 -0.8807 -0.2911
vn 0.2946 -0.9097 -0.2926
vn 0.5991 -0.7822 -0.1710
vn 0.5193 -0.7997 -0.3012
vn 0.4502 -0.8410 -0.3001
vn 0.5213 -0.8018 -0.2921
vn 0.6299 -0.7693 -0.1071
vn 0.5952 -0.7336 -0.3279
vn 0.6684 -0.7370 -0.1003
vn 0.5475 -0.8176 -0.1783
vn 0.6098 -0.7906 -0.0562
vn 0.4454 -0.8487 -0.2851
vn 0.4003 -0.9055 -0.1408
vn 0.4540 -0.8422 -0.2908
vn 0.4706 -0.8677 -0.1600
vn 0.5415 -0.8405 -0.0198
vn 0.4660 -0.8847 -0.0151
vn 0.5230 -0.8384 -0.1538
vn 0.1230 -0.9535 -0.2753
vn 0.2054 -0.9401 -0.2722
vn 0.1013 -0.9825 -0.1560
vn 0.1507 -0.9433 -0.2959
vn 0.3068 -0.9470 -0.0955
vn 0.2846 -0.9198 -0.2700
vn 0.3809 -0.9189 -0.1023
vn 0.2999 -0.9478 -0.1084
vn 0.2219 -0.9701 -0.0986
vn 0.1302 -0.9860 -0.1039
vn 0.2038 -0.9396 -0.2748
vn 0.2226 -0.9697 -0.1005
vn 0.3370 -0.8156 -0.4703
vn 0.2733 -0.8348 -0.4780
vn 0.3614 -0.7894 -0.4962
vn 0.1855 -0.7952 -0.5773
vn 0.2459 -0.7428 -0.6228
vn 0.3101 -0.7246 -0.6154
vn 0.2340 -0.7848 -0.5739
vn 0.4785 -0.7301 -0.4878
vn 0.3972 -0.7782 -0.4863
vn 0.4847 -0.7389 -0.4681
vn 0.5401 -0.6824 -0.4925
vn 0.5891 -0.6521 -0.4772
vn 0.5355 -0.6997 -0.4730
vn 0.3982 -0.7754 -0.4900
vn 0.4741 -0.7442 -0.4705
vn 0.4018 -0.7764 -0.4856
vn 0.1966 -0.8564 -0.4773
vn 0.1761 -0.8246 -0.5375
vn 0.2734 -0.8347 -0.4781
vn 0.3367 -0.8165 -0.4690
vn 0.2663 -0.8415 -0.4700
vn 0.1091 -0.8815 -0.4594
vn 0.1966 -0.8565 -0.4773
vn 0.0745 -0.8719 -0.4841
vn 0.2448 -0.5837 -0.7742
vn 0.3071 -0.6768 -0.6691
vn 0.2119 -0.5643 -0.7979
vn 0.2241 -0.5839 -0.7803
vn 0.4002 -0.6029 -0.6902
vn 0.3177 -0.4760 -0.8201
vn 0.4404 -0.5883 -0.6782
vn 0.3726 -0.6301 -0.6812
vn 0.3118 -0.5341 -0.7858
vn 0.3966 -0.6223 -0.6748
vn 0.3422 -0.6672 -0.6616
vn 0.2850 -0.5745 -0.7673
vn 0.3444 -0.6677 -0.6600
vn 0.2125 -0.6581 -0.7223
vn 0.1595 -0.7533 -0.6380
vn 0.2457 -0.7311 -0.6365
vn 0.1977 -0.6513 -0.7326
vn 0.2979 -0.7202 -0.6266
vn 0.2375 -0.7415 -0.6275
vn 0.1895 -0.6616 -0.7255
vn 0.2366 -0.7413 -0.6281
vn 0.1716 -0.7406 -0.6497
vn 0.1942 -0.4581 -0.8674
vn 0.2653 -0.4525 -0.8514
vn 0.3474 -0.4367 -0.8298
vn 0.2660 -0.4481 -0.8535
vn 0.1841 -0.5198 -0.8342
vn 0.1257 -0.2772 -0.9525
vn 0.1693 -0.3096 -0.9357
vn 0.2712 -0.3008 -0.9143
vn 0.1781 -0.2745 -0.9450
vn 0.1217 -0.2936 -0.9481
vn 0.1022 -0.0952 -0.9902
vn 0.0728 -0.1612 -0.9842
vn 0.1004 -0.0992 -0.9900
vn 0.6995 -0.7027 -0.1297
vn 0.6962 -0.6957 -0.1770
vn 0.6752 -0.6752 -0.2968
vn 0.6967 -0.6967 -0.1709
vn 0.6752 -0.6752 -0.2968
vn 0.6752 -0.6752 -0.2968
vn 0.6952 -0.7106 -0.1082
vn 0.6752 -0.6752 -0.2968
vn 0.6786 -0.6736 -0.2928
vn 0.6198 -0.6488 -0.4416
vn 0.6793 -0.6711 -0.2971
vn 0.6789 -0.6714 -0.2971
vn 0.7139 -0.6772 -0.1782
vn 0.6759 -0.6729 -0.3007
vn 0.6491 -0.6392 -0.4125
vn 0.6752 -0.6752 -0.2968
vn 0.5943 -0.5920 -0.5444
vn 0.6222 -0.6201 -0.4778
vn 0.5871 -0.5897 -0.5545
vn 0.4684 -0.4706 -0.7477
vn 0.3483 -0.3495 -0.8698
vn 0.3434 -0.3433 -0.8742
vn 0.2345 -0.2340 -0.9435
vn 0.3450 -0.3450 -0.8729
vn 0.2069 -0.2122 -0.9551
vn 0.2976 -0.2833 -0.9117
vn 0.2239 -0.2203 -0.9494
vn 0.1956 -0.1955 -0.9610
vn 0.0710 -0.0710 -0.9949
vn 0.2032 -0.2038 -0.9577
vn 0.0768 -0.0750 -0.9942
vn 0.0712 -0.0707 -0.9950
vn 0.2014 -0.2014 -0.9586
vn 0.0726 -0.0731 -0.9947
vn 0.1269 -0.1275 -0.9837
vn 0.9977 -0.0000 -0.0681
vn 0.9728 -0.0000 -0.2318
vn 0.9549 -0.0000 -0.2968
vn 0.9727 -0.0000 -0.2321
vn 0.9458 0.0000 -0.3248
vn 0.8136 -0.0001 -0.5815
vn 0.5038 -0.0000 -0.8638
vn 0.5396 -0.0010 -0.8419
vn 0.4535 0.0004 -0.8912
vn 0.2968 -0.0000 -0.9549
vn 0.4628 -0.0001 -0.8865
vn 0.4322 -0.0007 -0.9018
vn 0.1661 0.0007 -0.9861
vn 0.1325 0.0011 -0.9912
vn 0.0802 0.0000 -0.9968
vn 0.1644 -0.0000 -0.9864
vn 0.1756 -0.0000 -0.9845
vn 0.0000 -1.0000 -0.0000
vn 0.0017 -0.9993 -0.0378
vn 0.0026 -0.9990 -0.0442
vn 0.0026 -0.9990 -0.0442
vn 0.0341 -0.9954 -0.0892
vn 0.0000 -0.9949 -0.1005
vn 0.0000 -0.9767 -0.2147
vn 0.0000 -0.9949 -0.1005
vn 0.0000 -0.9949 -0.1005
vn 0.0336 -0.9944 -0.1003
vn 0.0000 -0.9949 -0.1005
vn -0.0000 -0.9949 -0.1005
vn 0.0000 -0.9949 -0.1005
vn 0.0000 -0.9949 -0.1005
vn 0.0000 -0.9767 -0.2147
vn 0.0000 -0.9949 -0.1005
vn -0.0065 -0.9667 -0.2556
vn -0.0011 -0.9927 -0.1203
vn 0.0336 -0.9944 -0.1003
vn 0.0000 -0.9949 -0.1005
vn 0.0010 -0.9927 -0.1203
vn 0.0022 -0.9668 -0.2556
vn -0.0063 -0.9858 -0.1680
vn 0.0155 -0.9548 -0.2967
vn 0.0247 -0.9987 -0.0444
vn 0.0000 -0.9549 -0.2968
vn 0.0065 -0.9858 -0.1679
vn 0.0505 -0.9531 -0.2983
vn 0.0889 -0.9837 -0.1563
vn 0.0284 -0.9477 -0.3180
vn 0.0000 -0.9549 -0.2968
vn -0.0000 -0.9549 -0.2968
vn 0.0342 -0.9544 -0.2965
vn -0.0000 -0.9549 -0.2968
vn 0.0018 -0.8945 -0.4471
vn 0.0000 -0.8787 -0.4773
vn -0.0001 -0.7942 -0.6076
vn -0.0009 -0.8867 -0.4623
vn -0.0017 -0.8944 -0.4474
vn -0.0034 -0.9085 -0.4179
vn -0.0038 -0.9326 -0.3610
vn 0.0341 -0.9544 -0.2966
vn 0.0000 -0.9549 -0.2968
vn -0.0000 -0.9326 -0.3610
vn -0.0000 -0.9085 -0.4179
vn -0.0000 -0.8944 -0.4474
vn -0.0000 -0.7532 -0.6578
vn 0.0001 -0.5297 -0.8482
vn 0.0001 -0.2966 -0.9550
vn 0.0001 -0.1619 -0.9868
vn 0.0001 -0.0992 -0.9951
vn -0.0000 0.0000 -1.0000
vn 0.5261 -0.8434 0.1089
vn 0.5118 -0.8205 0.2545
vn 0.2777 -0.3921 0.8770
vn 0.3574 -0.4222 0.8331
vn 0.2327 -0.3057 0.9232
vn -0.0000 0.0000 -1.0000
vn -0.0000 0.0000 -1.0000
vn 0.0000 -0.0000 -1.0000
vn 0.0000 0.0000 -1.0000
vn 0.0000 0.0000 -1.0000
vn 0.0000 0.0000 -1.0000
vn -0.5110 0.2215 0.8305
vn 0.0000 -0.0000 -1.0000
vn -0.0003 1.0000 0.0026
vn 0.0000 -0.0000 -1.0000
vn 0.0000 -0.0000 -1.0000
vn -0.9995 0.0000 0.0308
vn -0.8090 0.5877 0.0094
vn -0.7719 0.6353 0.0260
vn -0.8446 0.5354 -0.0003
vn -0.8880 0.4598 -0.0002
vn -0.8451 0.5346 0.0001
vn -0.7968 0.6042 -0.0003
vn -0.7341 0.6790 0.0000
vn -0.7967 0.6044 0.0001
vn -0.9250 0.3800 -0.0003
vn -0.9542 0.2993 -0.0002
vn -0.9258 0.3781 0.0006
vn -0.9755 0.2202 -0.0000
vn -0.9889 0.1484 0.0002
vn -0.9756 0.2196 0.0008
vn -0.9546 0.2980 -0.0002
vn -0.9258 0.3781 0.0006
vn -0.9544 0.2986 0.0007
vn -0.8455 0.5340 -0.0006
vn -0.8892 0.4575 -0.0005
vn -0.8459 0.5334 0.0003
vn -0.7975 0.6034 -0.0008
vn -0.7342 0.6790 0.0001
vn -0.7970 0.6039 0.0001
vn -0.8889 0.4581 0.0005
vn -0.8451 0.5345 0.0003
vn -0.8880 0.4599 -0.0005
vn -0.2119 0.9773 0.0000
vn -0.3005 0.9538 0.0000
vn -0.3819 0.9242 0.0000
vn -0.3005 0.9538 0.0000
vn -0.2119 0.9773 0.0000
vn -0.4624 0.8867 0.0000
vn -0.5394 0.8420 0.0000
vn -0.4624 0.8867 0.0000
vn -0.6104 0.7921 0.0000
vn -0.6722 0.7404 0.0000
vn -0.6104 0.7921 0.0000
vn -0.5394 0.8420 0.0000
vn -0.4624 0.8867 0.0000
vn -0.5394 0.8420 0.0000
vn -0.3005 0.9538 0.0000
vn -0.3819 0.9242 0.0000
vn -0.3005 0.9538 0.0000
vn -0.2119 0.9773 0.0000
vn -0.3819 0.9242 0.0000
vn -0.3005 0.9538 0.0000
vn -0.3819 0.9242 0.0000
vn -0.7078 0.7061 0.0189
vn -0.5881 0.6522 0.4783
vn 0.0000 0.2949 -0.9555
vn -0.4053 0.0002 0.9142
vn -0.2220 0.9750 -0.0000
vn -0.3019 0.9533 -0.0002
vn -0.3842 0.9233 0.0009
vn -0.3015 0.9535 0.0010
vn -0.2409 0.9691 -0.0540
vn -0.4654 0.8851 -0.0010
vn -0.5422 0.8403 0.0010
vn -0.4646 0.8855 0.0013
vn -0.5675 0.8233 -0.0007
vn -0.5417 0.8406 0.0010
vn -0.4643 0.8857 -0.0010
vn -0.5419 0.8404 -0.0014
vn -0.3011 0.9536 0.0018
vn -0.3832 0.9237 0.0016
vn -0.3008 0.9537 -0.0004
vn -0.2489 0.9685 0.0006
vn -0.3832 0.9237 0.0016
vn -0.3013 0.9535 -0.0004
vn -0.3839 0.9234 -0.0007
vn -0.2084 0.2054 0.9562
vn 0.0000 0.0000 1.0000
vn -1.0000 0.0006 -0.0050
vn -0.7546 0.6558 -0.0237
vn -0.8084 0.5884 -0.0141
vn -0.8461 0.5330 0.0002
vn -0.8896 0.4568 0.0001
vn -0.8456 0.5339 -0.0001
vn -0.8394 0.5436 0.0001
vn -0.9264 0.3766 -0.0004
vn -0.9548 0.2972 0.0002
vn -0.9238 0.3829 0.0013
vn -0.9773 0.2120 0.0020
vn -0.9541 0.2994 0.0045
vn -0.9250 0.3798 0.0039
vn -0.9553 0.2956 0.0014
vn -0.8443 0.5359 0.0014
vn -0.8611 0.5085 0.0033
vn -0.8873 0.4589 0.0467
vn -0.8454 0.5341 0.0031
vn -0.8402 0.5423 0.0013
vn -0.9145 0.4047 0.0011
vn -0.8702 0.4926 -0.0104
vn -0.8455 0.5340 -0.0003
vn -0.8897 0.4565 0.0004
vn -0.7078 0.7061 -0.0186
vn 0.0031 1.0000 -0.0007
vn -1.0000 0.0000 -0.0000
vn -0.0043 0.1066 0.9943
vn 0.0000 0.4391 0.8984
vn -0.0000 -0.0000 -1.0000
vn 0.0000 0.5582 -0.8297
vn 0.0000 0.0336 0.9994
vn 0.0000 0.0087 -1.0000
vn 0.0000 0.7006 0.7136
vn 0.0000 0.8380 0.5457
vn 0.0000 0.9444 0.3287
vn 0.0000 0.9969 0.0784
vn 0.0000 0.9847 -0.1744
vn 0.0000 0.9169 -0.3990
vn 0.0000 0.8144 -0.5803
vn -0.0000 1.0000 0.0000
vn -0.0000 1.0000 0.0000
vn -0.0000 1.0000 0.0000
vn -0.0000 1.0000 0.0000
vn -0.0000 1.0000 0.0000
vn -0.0000 1.0000 0.0000
vn -0.0000 1.0000 0.0000
vn -0.5087 0.6008 0.6167
vn -0.4168 0.5579 0.7176
vn -0.3315 0.4437 0.8326
vn -0.1725 0.2435 0.9544
vn -0.3632 0.4771 0.8002
vn -0.1428 0.3019 0.9426
vn -0.9629 -0.0657 0.2617
vn -0.9020 -0.0658 0.4267
vn -0.7441 -0.0563 0.6657
vn -0.5156 -0.0521 0.8553
vn -0.3788 -0.0497 0.9242
vn -0.2833 -0.0438 0.9580
vn -0.1622 -0.0268 0.9864
vn -0.9799 0.0067 0.1995
vn -0.9046 0.0143 0.4261
vn -0.7460 0.0224 0.6656
vn -0.5169 0.0262 0.8557
vn -0.3797 0.0233 0.9248
vn -0.4249 0.0131 0.9052
vn -0.1991 0.0213 0.9797
vn -0.1996 0.0085 -0.9798
vn -0.4263 0.0079 -0.9045
vn -0.5823 0.0071 -0.8129
vn -0.7071 0.0062 -0.7071
vn -0.8130 0.0051 -0.5823
vn -0.9046 0.0037 -0.4263
vn -0.9799 0.0017 -0.1996
vn -0.1996 0.2889 -0.9363
vn -0.4263 0.2667 -0.8643
vn -0.5823 0.2397 -0.7768
vn -0.7071 0.2085 -0.6757
vn -0.8130 0.1717 -0.5564
vn -0.9046 0.1257 -0.4074
vn -0.9799 0.0589 -0.1907
vn -0.1996 0.5470 -0.8130
vn -0.4263 0.5049 -0.7505
vn -0.5823 0.4538 -0.6745
vn -0.7071 0.3947 -0.5867
vn -0.8130 0.3251 -0.4831
vn -0.9046 0.2380 -0.3537
vn -0.9799 0.1114 -0.1656
vn -0.1996 0.7980 -0.5686
vn -0.4263 0.7367 -0.5249
vn -0.5823 0.6621 -0.4718
vn -0.7071 0.5759 -0.4103
vn -0.8130 0.4742 -0.3379
vn -0.9046 0.3472 -0.2474
vn -0.9799 0.1626 -0.1158
vn -0.1996 0.8985 -0.3910
vn -0.4263 0.8294 -0.3610
vn -0.5823 0.7454 -0.3244
vn -0.7071 0.6484 -0.2822
vn -0.8130 0.5339 -0.2324
vn -0.9046 0.3909 -0.1701
vn -0.9799 0.1830 -0.0797
vn -0.1996 0.9649 -0.1709
vn -0.4264 0.8907 -0.1577
vn -0.5823 0.8005 -0.1418
vn -0.7071 0.6963 -0.1233
vn -0.8130 0.5734 -0.1015
vn -0.9046 0.4198 -0.0743
vn -0.9799 0.1966 -0.0348
vn -0.1996 0.9769 0.0768
vn -0.4263 0.9018 0.0709
vn -0.5823 0.8105 0.0637
vn -0.7071 0.7049 0.0554
vn -0.8130 0.5805 0.0456
vn -0.9046 0.4250 0.0334
vn -0.9799 0.1990 0.0156
vn -0.1996 0.9254 0.3221
vn -0.4263 0.8543 0.2973
vn -0.5823 0.7678 0.2672
vn -0.7071 0.6678 0.2324
vn -0.8130 0.5500 0.1914
vn -0.9046 0.4027 0.1401
vn -0.9799 0.1885 0.0656
vn -0.1996 0.8211 0.5347
vn -0.4263 0.7580 0.4936
vn -0.5823 0.6813 0.4436
vn -0.7071 0.5925 0.3859
vn -0.8130 0.4880 0.3178
vn -0.9046 0.3573 0.2327
vn -0.9799 0.1673 0.1089
vn -0.1996 0.6865 0.6992
vn -0.4264 0.6337 0.6455
vn -0.5823 0.5696 0.5801
vn -0.7071 0.4954 0.5046
vn -0.8130 0.4080 0.4155
vn -0.9046 0.2987 0.3042
vn -0.9799 0.1398 0.1424
vn -0.9799 0.0877 0.1793
vn -0.9046 0.1872 0.3830
vn -0.8130 0.2557 0.5232
vn -0.7071 0.3105 0.6353
vn -0.5823 0.3570 0.7304
vn -0.4264 0.3972 0.8127
vn -0.1996 0.4303 0.8803
vn -0.4956 0.5496 0.6725
vn -0.1294 -0.0164 0.9915
vn -0.2876 0.1165 0.9506
vn -0.4086 0.2232 0.8850
vn -0.4585 0.2460 0.8540
vn -0.7089 0.3110 0.6331
vn -0.6894 0.2747 0.6703
vn -0.6778 0.3635 0.6391
vn -0.8736 0.3593 0.3283
vn -0.4471 0.2168 0.8678
vn -0.8755 0.1423 0.4618
vn -0.9254 0.3212 0.2014
vn -0.6805 0.3099 0.6639
vn -0.8451 0.2710 0.4607
vn -0.8517 0.2325 0.4696
vn -0.8848 0.2936 0.3619
vn -0.8064 0.3397 0.4840
vn -0.7811 0.4258 0.4568
vn -0.8752 0.2348 0.4230
vn -0.8348 0.2699 0.4798
vn -0.8221 0.3322 0.4624
vn -0.8720 0.2549 0.4179
vn -0.9269 0.2064 0.3134
vn -0.8472 0.5312 -0.0027
vn -0.8488 0.5286 0.0079
vn -0.8299 0.4664 0.3062
vn -0.8917 0.3922 0.2260
vn -0.9175 0.3004 0.2605
vn -0.8884 0.3731 0.2674
vn -0.9316 0.2104 0.2965
vn -0.9073 0.2891 0.3054
vn -0.8804 0.3654 0.3022
vn -0.9094 0.2926 0.2957
vn -0.8448 0.4816 0.2330
vn -0.0648 0.0994 0.9929
vn -0.1903 0.3550 0.9153
vn -0.2169 0.4077 0.8870
vn -0.1676 0.6205 0.7660
vn -0.1501 0.7508 0.6433
vn -0.1688 0.6189 0.7671
vn -0.2629 0.5890 0.7642
vn -0.1702 0.6039 0.7787
vn -0.2923 0.4538 0.8418
vn -0.3253 0.3873 0.8627
vn -0.2783 0.3998 0.8733
vn -0.0607 0.2017 0.9776
vn -0.2317 0.4673 0.8532
vn -0.1769 0.8440 0.5064
vn -0.1432 0.9272 0.3461
vn -0.2440 0.8592 0.4497
vn -0.1403 0.8765 0.4604
vn -0.2864 0.7950 0.5347
vn -0.3108 0.6689 0.6753
vn -0.2473 0.7838 0.5697
vn -0.1623 0.7995 0.5783
vn -0.2600 0.8015 0.5385
vn -0.4268 0.6532 0.6254
vn -0.3188 0.6934 0.6462
vn -0.2382 0.7332 0.6369
vn -0.1535 0.7556 0.6368
vn -0.2383 0.7374 0.6320
vn -0.3194 0.7101 0.6275
vn -0.2176 0.9750 0.0441
vn -0.1386 0.9722 0.1888
vn -0.3012 0.9325 0.1994
vn -0.3978 0.8698 0.2919
vn -0.3267 0.8963 0.2998
vn -0.2521 0.9357 0.2468
vn -0.1564 0.9545 0.2539
vn -0.2610 0.9437 0.2030
vn -0.4881 0.7892 0.3729
vn -0.3455 0.8575 0.3812
vn -0.3576 0.7049 0.6125
vn -0.3379 0.8603 0.3818
vn -0.4716 0.7980 0.3753
vn -0.3927 0.8833 0.2561
vn -0.2531 0.9208 0.2969
vn -0.1571 0.9418 0.2971
vn -0.2529 0.9213 0.2953
vn -0.3267 0.8969 0.2980
vn -0.3978 0.8695 0.2928
vn -0.3272 0.8982 0.2934
vn -0.2404 0.9659 0.0963
vn -0.2973 0.9548 0.0006
vn -0.3780 0.9258 -0.0016
vn -0.2980 0.9546 -0.0019
vn -0.2084 0.9781 0.0004
vn -0.4205 0.9028 0.0898
vn -0.4994 0.8449 0.1917
vn -0.5442 0.8332 0.0981
vn -0.4741 0.8744 0.1038
vn -0.4654 0.7198 0.5151
vn -0.5417 0.8377 0.0702
vn -0.3079 0.9511 0.0257
vn -0.3970 0.9127 0.0969
vn -0.3167 0.9431 0.1016
vn -0.2122 0.9767 0.0307
vn -0.3978 0.9129 0.0913
vn -0.3046 0.9510 0.0531
vn -0.3837 0.9222 0.0484
vn -0.0559 0.0522 0.9971
vn -0.2131 0.2132 0.9535
vn -0.3043 0.3104 0.9006
vn -0.4037 0.4125 0.8166
vn -0.5494 0.5569 0.6229
vn -0.6633 0.6692 0.3350
vn -0.7043 0.7094 0.0259
vn -0.0473 -0.0004 0.9989
vn -0.0920 -0.0002 0.9958
vn -0.3518 -0.0014 0.9361
vn -0.6708 -0.0022 0.7417
vn -0.8654 -0.0020 0.5011
vn -0.9341 0.0000 0.3569
vn -0.9880 0.0007 0.1547
vn -0.0761 0.8969 0.4357
vn -0.0765 0.7302 0.6789
vn -0.0231 0.9932 0.1140
vn -0.0463 0.6571 0.7524
vn -0.0716 0.8957 0.4388
vn 0.0274 0.8812 0.4719
vn 0.0183 0.5761 0.8172
vn -0.0872 0.7703 0.6316
vn 0.0622 0.7439 0.6654
vn -0.0554 0.7619 0.6453
vn -0.0858 0.7660 0.6371
vn 0.0593 0.7234 0.6879
vn -0.0909 0.7438 0.6622
vn -0.0293 0.5326 0.8458
vn -0.0368 0.4251 0.9044
vn -0.0158 0.2415 0.9703
vn -0.0780 0.5150 0.8536
vn 0.0000 0.9936 0.1127
vn 0.0000 0.9549 0.2968
vn -0.0000 0.9936 0.1127
vn -0.0000 0.8551 0.5185
vn -0.0000 0.6888 0.7250
vn 0.0010 0.3382 0.9411
vn -0.0108 0.3442 0.9388
vn -0.0164 0.1840 0.9828
vn -0.0271 0.2581 0.9657
vn -0.0000 0.9936 0.1127
vn 0.0000 0.9549 0.2968
vn 0.0000 0.9936 0.1127
vn 0.0000 0.8551 0.5185
vn 0.0000 0.6888 0.7250
vn -0.0000 0.3382 0.9411
vn 0.0004 0.3442 0.9389
vn 0.0007 0.1840 0.9829
vn 0.0011 0.2582 0.9661
vn -0.0065 0.9950 0.0998
vn 0.0084 0.9762 0.2167
vn -0.0604 0.9588 0.2778
vn -0.0048 0.9602 0.2794
vn 0.0042 0.9762 0.2166
vn -0.0689 0.9790 0.1920
vn -0.0053 0.9981 0.0610
vn -0.0000 0.8431 0.5378
vn -0.0596 0.8118 0.5809
vn -0.0090 0.8128 0.5825
vn 0.0018 0.8431 0.5378
vn -0.0393 0.8928 0.4487
vn -0.0619 0.8219 0.5662
vn -0.0124 0.8932 0.4494
vn -0.0926 0.8598 0.5021
vn -0.1491 0.9265 0.3456
vn -0.0740 0.8549 0.5135
vn -0.0474 0.9751 0.2169
vn -0.0418 0.8955 0.4432
vn -0.0046 0.6059 0.7955
vn -0.0126 0.3801 0.9249
vn -0.0543 0.6212 0.7818
vn -0.0874 0.7559 0.6488
vn -0.0615 0.6293 0.7747
vn -0.0188 0.6824 0.7307
vn -0.0513 0.8147 0.5776
vn -0.0234 0.6823 0.7307
vn 0.0086 0.4198 0.9076
vn 0.0240 0.3585 0.9332
vn 0.0272 0.0982 0.9948
vn -0.0685 0.1073 0.9919
vn -0.9257 0.3783 -0.0011
vn -0.9549 0.2969 -0.0006
vn -0.9263 0.3768 0.0018
vn -0.9630 0.2696 0.0013
vn -0.9552 0.2958 -0.0006
vn -0.9263 0.3768 0.0017
vn -0.9551 0.2964 0.0021
vn -0.8454 0.5342 -0.0019
vn -0.8895 0.4569 -0.0015
vn -0.8457 0.5337 0.0009
vn -0.8131 0.5822 -0.0003
vn -0.8892 0.4574 0.0014
vn -0.8451 0.5347 0.0010
vn -0.8885 0.4589 -0.0015
vn -0.9643 0.2563 -0.0661
vn -0.9564 0.2894 -0.0392
vn -0.9274 0.3729 -0.0301
vn -0.9579 0.2853 -0.0318
vn -0.9695 0.2418 -0.0401
vn -0.9555 0.2461 -0.1623
vn -0.9506 0.2932 -0.1022
vn -0.9227 0.3733 -0.0958
vn -0.9508 0.2646 -0.1612
vn -0.9349 0.2038 -0.2906
vn -0.9505 0.2131 -0.2263
vn -0.8526 0.5063 -0.1292
vn -0.8887 0.4586 0.0028
vn -0.8409 0.5261 -0.1266
vn -0.8389 0.4611 -0.2892
vn -0.9072 0.4063 -0.1089
vn -0.8609 0.4328 -0.2675
vn -0.7902 0.5940 -0.1510
vn -0.7379 0.6674 -0.1005
vn -0.8047 0.5824 -0.1150
vn -0.8069 0.5129 -0.2929
vn -0.8452 0.4415 -0.3012
vn -0.8288 0.5364 -0.1593
vn -0.9122 0.2875 -0.2920
vn -0.8840 0.3658 -0.2910
vn -0.9098 0.2890 -0.2979
vn -0.9324 0.2056 -0.2972
vn -0.9106 0.3221 -0.2590
vn -0.8632 0.3494 -0.3644
vn -0.9195 0.2938 -0.2611
vn -0.9313 0.3458 -0.1147
vn -0.8699 0.3940 -0.2968
vn -0.9095 0.3887 -0.1474
vn -0.9264 0.1984 -0.3201
vn -0.8654 0.2641 -0.4258
vn -0.7790 0.2974 -0.5520
vn -0.7863 0.3984 -0.4723
vn -0.7478 0.4659 -0.4730
vn -0.7758 0.4050 -0.4838
vn -0.7039 0.5279 -0.4753
vn -0.6521 0.5890 -0.4772
vn -0.6904 0.5287 -0.4938
vn -0.7442 0.4729 -0.4717
vn -0.7759 0.4050 -0.4837
vn -0.7369 0.4669 -0.4889
vn -0.8244 0.2918 -0.4850
vn -0.7789 0.2871 -0.5576
vn -0.6798 0.3348 -0.6526
vn -0.6596 0.4066 -0.6321
vn -0.6842 0.3322 -0.6492
vn -0.6270 0.4436 -0.6403
vn -0.6419 0.4050 -0.6511
vn -0.6610 0.3325 -0.6727
vn -0.6357 0.4068 -0.6560
vn -0.6926 0.2889 -0.6610
vn -0.5575 0.2244 -0.7992
vn -0.4797 0.0964 -0.8721
vn -0.5858 0.3290 -0.7407
vn -0.4684 0.2257 -0.8542
vn -0.5734 0.3036 -0.7609
vn -0.5001 0.3627 -0.7863
vn -0.3685 0.2353 -0.8994
vn -0.5047 0.3407 -0.7932
vn -0.4375 0.1715 -0.8827
vn -0.5821 0.2459 -0.7751
vn -0.4700 0.2115 -0.8569
vn -0.4711 0.0974 -0.8767
vn -0.6411 0.2132 -0.7372
vn -0.4673 0.1572 -0.8700
vn -0.4075 0.1175 -0.9056
vn -0.2990 0.0492 -0.9530
vn -0.4723 0.0934 -0.8765
vn -0.4625 0.1748 -0.8692
vn -0.3252 0.0794 -0.9423
vn -0.4559 0.1626 -0.8751
vn -0.2807 0.0720 -0.9571
vn -0.4601 0.0476 -0.8866
vn -0.3245 0.0984 -0.9408
vn -0.3872 0.2176 -0.8960
vn -0.2637 0.1473 -0.9533
vn -0.3929 0.2284 -0.8907
vn -0.3400 0.2822 -0.8971
vn -0.2307 0.1582 -0.9601
vn -0.3458 0.2328 -0.9090
vn -0.2335 0.0877 -0.9684
vn -0.2570 0.1026 -0.9610
vn -0.3956 0.2005 -0.8963
vn -0.2655 0.1171 -0.9570
vn -0.0939 0.0424 -0.9947
vn -0.0985 0.0424 -0.9942
vn -0.2729 0.0835 -0.9584
vn -0.2017 0.1492 -0.9680
vn -0.1104 0.0560 -0.9923
vn -0.1109 0.0342 -0.9932
vn -0.1747 0.0824 -0.9812
vn -0.2365 0.9708 -0.0409
vn -0.1318 0.9860 -0.1022
vn -0.2226 0.9697 -0.1005
vn -0.2924 0.9557 -0.0349
vn -0.3794 0.9247 -0.0323
vn -0.2950 0.9547 -0.0394
vn -0.1237 0.9884 -0.0882
vn -0.2121 0.9773 0.0002
vn -0.4671 0.8842 -0.0018
vn -0.5424 0.8401 0.0018
vn -0.4648 0.8854 0.0024
vn -0.5995 0.8004 0.0004
vn -0.5410 0.8410 0.0017
vn -0.4640 0.8858 -0.0019
vn -0.5416 0.8406 -0.0024
vn -0.3023 0.9532 0.0033
vn -0.3834 0.9236 0.0028
vn -0.3015 0.9535 -0.0007
vn -0.2119 0.9773 -0.0005
vn -0.3833 0.9236 0.0028
vn -0.3030 0.9530 -0.0007
vn -0.3856 0.9227 -0.0012
vn -0.3687 0.8802 -0.2989
vn -0.3955 0.9075 -0.1413
vn -0.2936 0.9085 -0.2974
vn -0.3737 0.8805 -0.2916
vn -0.2136 0.9307 -0.2968
vn -0.1309 0.9452 -0.2989
vn -0.2136 0.9307 -0.2968
vn -0.2961 0.9077 -0.2973
vn -0.3738 0.8807 -0.2911
vn -0.2946 0.9097 -0.2926
vn -0.5991 0.7822 -0.1710
vn -0.5193 0.7997 -0.3012
vn -0.4502 0.8410 -0.3001
vn -0.5213 0.8018 -0.2921
vn -0.6299 0.7693 -0.1071
vn -0.5952 0.7336 -0.3279
vn -0.6684 0.7370 -0.1003
vn -0.5475 0.8176 -0.1783
vn -0.6098 0.7906 -0.0562
vn -0.4454 0.8487 -0.2851
vn -0.4003 0.9055 -0.1408
vn -0.4540 0.8422 -0.2908
vn -0.4706 0.8677 -0.1600
vn -0.5415 0.8405 -0.0198
vn -0.4660 0.8847 -0.0151
vn -0.5230 0.8384 -0.1538
vn -0.1230 0.9535 -0.2753
vn -0.2054 0.9401 -0.2722
vn -0.1013 0.9825 -0.1560
vn -0.1507 0.9433 -0.2959
vn -0.3068 0.9470 -0.0955
vn -0.2846 0.9198 -0.2700
vn -0.3809 0.9189 -0.1023
vn -0.2999 0.9478 -0.1084
vn -0.2219 0.9701 -0.0986
vn -0.1302 0.9860 -0.1039
vn -0.2038 0.9396 -0.2748
vn -0.2226 0.9697 -0.1005
vn -0.3370 0.8156 -0.4703
vn -0.2733 0.8348 -0.4780
vn -0.3614 0.7894 -0.4962
vn -0.1855 0.7952 -0.5773
vn -0.2459 0.7428 -0.6228
vn -0.3101 0.7246 -0.6154
vn -0.2340 0.7848 -0.5739
vn -0.4785 0.7301 -0.4878
vn -0.3972 0.7782 -0.4863
vn -0.4847 0.7389 -0.4681
vn -0.5401 0.6824 -0.4925
vn -0.5891 0.6521 -0.4772
vn -0.5355 0.6997 -0.4730
vn -0.3982 0.7754 -0.4900
vn -0.4741 0.7442 -0.4705
vn -0.4018 0.7764 -0.4856
vn -0.1966 0.8564 -0.4773
vn -0.1761 0.8246 -0.5375
vn -0.2734 0.8347 -0.4781
vn -0.3367 0.8165 -0.4690
vn -0.2663 0.8415 -0.4700
vn -0.1091 0.8815 -0.4594
vn -0.1966 0.8565 -0.4773
vn -0.0745 0.8719 -0.4841
vn -0.2448 0.5837 -0.7742
vn -0.3071 0.6768 -0.6691
vn -0.2119 0.5643 -0.7979
vn -0.2241 0.5839 -0.7803
vn -0.4002 0.6029 -0.6902
vn -0.3177 0.4760 -0.8201
vn -0.4404 0.5883 -0.6782
vn -0.3726 0.6301 -0.6812
vn -0.3118 0.5341 -0.7858
vn -0.3966 0.6223 -0.6748
vn -0.3422 0.6672 -0.6616
vn -0.2850 0.5745 -0.7673
vn -0.3444 0.6677 -0.6600
vn -0.2125 0.6581 -0.7223
vn -0.1595 0.7533 -0.6380
vn -0.2457 0.7311 -0.6365
vn -0.1977 0.6513 -0.7326
vn -0.2979 0.7202 -0.6266
vn -0.2375 0.7415 -0.6275
vn -0.1895 0.6616 -0.7255
vn -0.2366 0.7413 -0.6281
vn -0.1716 0.7406 -0.6497
vn -0.1942 0.4581 -0.8674
vn -0.2653 0.4525 -0.8514
vn -0.3474 0.4367 -0.8298
vn -0.2660 0.4481 -0.8535
vn -0.1841 0.5198 -0.8342
vn -0.1257 0.2772 -0.9525
vn -0.1693 0.3096 -0.9357
vn -0.2712 0.3008 -0.9143
vn -0.1781 0.2745 -0.9450
vn -0.1217 0.2936 -0.9481
vn -0.1022 0.0952 -0.9902
vn -0.0728 0.1612 -0.9842
vn -0.1004 0.0992 -0.9900
vn -0.6995 0.7027 -0.1297
vn -0.6962 0.6957 -0.1770
vn -0.6752 0.6752 -0.2968
vn -0.6967 0.6967 -0.1709
vn -0.6752 0.6752 -0.2968
vn -0.6752 0.6752 -0.2968
vn -0.6952 0.7106 -0.1082
vn -0.6752 0.6752 -0.2968
vn -0.6786 0.6736 -0.2928
vn -0.6198 0.6488 -0.4416
vn -0.6793 0.6711 -0.2971
vn -0.6789 0.6714 -0.2971
vn -0.7139 0.6772 -0.1782
vn -0.6759 0.6729 -0.3007
vn -0.6491 0.6392 -0.4125
vn -0.6752 0.6752 -0.2968
vn -0.5943 0.5920 -0.5444
vn -0.6222 0.6201 -0.4778
vn -0.5871 0.5897 -0.5545
vn -0.4684 0.4706 -0.7477
vn -0.3483 0.3495 -0.8698
vn -0.3434 0.3433 -0.8742
vn -0.2345 0.2340 -0.9435
vn -0.3450 0.3450 -0.8729
vn -0.2069 0.2122 -0.9551
vn -0.2976 0.2833 -0.9117
vn -0.2239 0.2203 -0.9494
vn -0.1956 0.1955 -0.9610
vn -0.0710 0.0710 -0.9949
vn -0.2032 0.2038 -0.9577
vn -0.0768 0.0750 -0.9942
vn -0.0712 0.0707 -0.9950
vn -0.2014 0.2014 -0.9586
vn -0.0726 0.0731 -0.9947
vn -0.1269 0.1275 -0.9837
vn -0.9977 0.0000 -0.0681
vn -0.9728 0.0000 -0.2318
vn -0.9549 0.0000 -0.2968
vn -0.9727 0.0000 -0.2321
vn -0.9458 -0.0000 -0.3248
vn -0.8136 0.0001 -0.5815
vn -0.5038 0.0000 -0.8638
vn -0.5396 0.0010 -0.8419
vn -0.4535 -0.0004 -0.8912
vn -0.2968 0.0000 -0.9549
vn -0.4628 0.0001 -0.8865
vn -0.4322 0.0007 -0.9018
vn -0.1661 -0.0007 -0.9861
vn -0.1325 -0.0011 -0.9912
vn -0.0802 -0.0000 -0.9968
vn -0.1644 0.0000 -0.9864
vn -0.1756 0.0000 -0.9845
vn -0.0000 1.0000 -0.0000
vn -0.0017 0.9993 -0.0378
vn -0.0026 0.9990 -0.0442
vn -0.0026 0.9990 -0.0442
vn -0.0341 0.9954 -0.0892
vn -0.0000 0.9949 -0.1005
vn -0.0000 0.9767 -0.2147
vn -0.0000 0.9949 -0.1005
vn -0.0000 0.9949 -0.1005
vn -0.0336 0.9944 -0.1003
vn -0.0000 0.9949 -0.1005
vn 0.0000 0.9949 -0.1005
vn -0.0000 0.9949 -0.1005
vn -0.0000 0.9949 -0.1005
vn -0.0000 0.9767 -0.2147
vn -0.0000 0.9949 -0.1005
vn 0.0065 0.9667 -0.2556
vn 0.0011 0.9927 -0.1203
vn -0.0336 0.9944 -0.1003
vn -0.0000 0.9949 -0.1005
vn -0.0010 0.9927 -0.1203
vn -0.0022 0.9668 -0.2556
vn 0.0063 0.9858 -0.1680
vn -0.0155 0.9548 -0.2967
vn -0.0247 0.9987 -0.0444
vn -0.0000 0.9549 -0.2968
vn -0.0065 0.9858 -0.1679
vn -0.0505 0.9531 -0.2983
vn -0.0889 0.9837 -0.1563
vn -0.0284 0.9477 -0.3180
vn -0.0000 0.9549 -0.2968
vn 0.0000 0.9549 -0.2968
vn -0.0342 0.9544 -0.2965
vn 0.0000 0.9549 -0.2968
vn -0.0018 0.8945 -0.4471
vn -0.0000 0.8787 -0.4773
vn 0.0001 0.7942 -0.6076
vn 0.0009 0.8867 -0.4623
vn 0.0017 0.8944 -0.4474
vn 0.0034 0.9085 -0.4179
vn 0.0038 0.9326 -0.3610
vn -0.0341 0.9544 -0.2966
vn -0.0000 0.9549 -0.2968
vn 0.0000 0.9326 -0.3610
vn 0.0000 0.9085 -0.4179
vn 0.0000 0.8944 -0.4474
vn 0.0000 0.7532 -0.6578
vn -0.0001 0.5297 -0.8482
vn -0.0001 0.2966 -0.9550
vn -0.0001 0.1619 -0.9868
vn -0.0001 0.0992 -0.9951
vn 0.0000 -0.0000 -1.0000
vn -0.5261 0.8434 0.1089
vn -0.5118 0.8205 0.2545
vn -0.2777 0.3921 0.8770
vn -0.3574 0.4222 0.8331
vn -0.2327 0.3057 0.9232
vn 0.0000 -0.0000 -1.0000
vn 0.0000 0.0000 -1.0000
vn 0.0000 0.0000 -1.0000
vn -0.0000 -0.0000 -1.0000
vn -0.0000 -0.0000 -1.0000
vn -0.0000 0.0000 -1.0000
vn 0.5110 0.2215 0.8305
vn -0.0000 0.0000 -1.0000
vn 0.0000 1.0000 0.0029
vn -0.0000 -0.0000 -1.0000
vn -0.0000 -0.0000 -1.0000
vn 0.9995 0.0000 0.0308
vn 0.8880 0.4599 -0.0005
vn 0.8451 0.5345 0.0003
vn 0.8889 0.4581 0.0005
vn 0.7970 0.6039 0.0001
vn 0.7342 0.6790 0.0001
vn 0.7975 0.6034 -0.0008
vn 0.8459 0.5334 0.0003
vn 0.8892 0.4575 -0.0005
vn 0.8455 0.5340 -0.0006
vn 0.9544 0.2986 0.0007
vn 0.9258 0.3781 0.0006
vn 0.9546 0.2980 -0.0002
vn 0.9756 0.2196 0.0008
vn 0.9889 0.1484 0.0002
vn 0.9755 0.2202 -0.0000
vn 0.9258 0.3781 0.0006
vn 0.9542 0.2993 -0.0002
vn 0.9250 0.3800 -0.0003
vn 0.7967 0.6044 0.0001
vn 0.7341 0.6790 0.0000
vn 0.7968 0.6042 -0.0003
vn 0.8451 0.5346 0.0001
vn 0.8880 0.4598 -0.0002
vn 0.8446 0.5354 -0.0003
vn 0.7719 0.6353 0.0260
vn 0.8090 0.5877 0.0094
vn 0.3819 0.9242 0.0000
vn 0.3005 0.9538 0.0000
vn 0.3819 0.9242 0.0000
vn 0.2119 0.9773 0.0000
vn 0.3005 0.9538 0.0000
vn 0.3819 0.9242 -0.0000
vn 0.3005 0.9538 0.0000
vn 0.5394 0.8420 0.0000
vn 0.4624 0.8867 0.0000
vn 0.5394 0.8420 -0.0000
vn 0.6104 0.7921 0.0000
vn 0.6722 0.7404 -0.0000
vn 0.6104 0.7921 0.0000
vn 0.4624 0.8867 0.0000
vn 0.5394 0.8420 -0.0000
vn 0.4624 0.8867 0.0000
vn 0.2119 0.9773 0.0000
vn 0.3005 0.9538 0.0000
vn 0.3819 0.9242 -0.0000
vn 0.3005 0.9538 0.0000
vn 0.2119 0.9773 0.0000
vn 0.7078 0.7061 0.0189
vn 0.5881 0.6522 0.4783
vn 0.0000 0.2949 -0.9555
vn 0.4086 0.0001 0.9127
vn 0.5551 0.8316 0.0157
vn 0.5933 0.8047 -0.0189
vn 0.4738 0.8806 -0.0095
vn 0.6109 0.7917 -0.0001
vn 0.5402 0.8416 0.0002
vn 0.6722 0.7404 -0.0000
vn 0.6105 0.7920 0.0003
vn 0.5236 0.8518 -0.0158
vn 0.4817 0.8761 0.0193
vn 0.6005 0.7996 0.0094
vn 0.6195 0.7848 -0.0184
vn 0.5795 0.8149 -0.0105
vn 0.3809 0.9246 -0.0005
vn 0.3003 0.9539 0.0001
vn 0.3834 0.9236 0.0002
vn 0.2220 0.9750 0.0000
vn 0.3019 0.9533 0.0001
vn 0.3843 0.9232 -0.0005
vn 0.3012 0.9536 -0.0006
vn 0.5415 0.8407 0.0004
vn 0.4653 0.8852 0.0003
vn 0.5423 0.8402 -0.0003
vn 0.5675 0.8234 0.0002
vn 0.4653 0.8852 0.0003
vn 0.5408 0.8412 -0.0003
vn 0.4629 0.8864 -0.0004
vn 0.2084 0.2054 0.9562
vn -0.0000 0.0000 1.0000
vn 1.0000 0.0000 -0.0079
vn 0.9262 0.3771 0.0001
vn 0.9547 0.2975 -0.0000
vn 0.9259 0.3779 -0.0001
vn 0.9757 0.2193 -0.0000
vn 0.9889 0.1484 0.0000
vn 0.9756 0.2196 0.0002
vn 0.9546 0.2980 -0.0000
vn 0.9258 0.3781 0.0001
vn 0.9546 0.2978 0.0002
vn 0.8460 0.5331 -0.0001
vn 0.8892 0.4575 -0.0001
vn 0.8459 0.5334 0.0001
vn 0.7975 0.6034 -0.0002
vn 0.7342 0.6790 0.0000
vn 0.7976 0.6032 0.0000
vn 0.8892 0.4575 -0.0001
vn 0.8462 0.5329 0.0001
vn 0.8896 0.4567 0.0001
vn 0.9548 0.2973 -0.0000
vn 0.9261 0.3772 0.0001
vn 0.9684 0.2483 -0.0230
vn 0.9481 0.3178 -0.0000
vn 0.9250 0.3768 0.0490
vn 0.9547 0.2972 0.0164
vn 0.9757 0.2191 -0.0000
vn 0.9548 0.2971 0.0001
vn 0.9889 0.1484 0.0000
vn 0.9757 0.2192 0.0001
vn 0.9548 0.2974 0.0001
vn 0.9757 0.2191 -0.0000
vn 0.9134 0.4064 -0.0244
vn 0.9481 0.3178 -0.0000
vn 0.9747 0.2188 0.0463
vn 0.9546 0.2974 -0.0164
vn 0.9858 0.1679 -0.0050
vn 0.9773 0.2118 0.0019
vn 0.7078 0.7061 -0.0186
vn -0.0031 1.0000 -0.0007
vn 1.0000 0.0000 0.0000
vn 0.0043 0.1066 0.9943
vn -0.0000 0.4391 0.8984
vn 0.0000 0.0000 -1.0000
vn 0.0000 0.5582 -0.8297
vn -0.0000 0.0336 0.9994
vn 0.0000 0.0087 -1.0000
vn -0.0000 0.7006 0.7136
vn -0.0000 0.8380 0.5457
vn -0.0000 0.9444 0.3287
vn -0.0000 0.9969 0.0784
vn -0.0000 0.9847 -0.1743
vn -0.0000 0.9169 -0.3990
vn -0.0000 0.8144 -0.5803
vn 0.0000 1.0000 0.0000
vn 0.0000 1.0000 0.0000
vn 0.0000 1.0000 0.0000
vn 0.0000 1.0000 0.0000
vn 0.0000 1.0000 0.0000
vn 0.0000 1.0000 0.0000
vn 0.0000 1.0000 0.0000
vn 0.5087 0.6008 0.6167
vn 0.4168 0.5579 0.7176
vn 0.3315 0.4437 0.8326
vn 0.1725 0.2435 0.9544
vn 0.3632 0.4771 0.8002
vn 0.1428 0.3019 0.9426
vn 0.9629 -0.0657 0.2617
vn 0.8872 -0.0671 0.4565
vn 0.5993 -0.0605 0.7982
vn 0.4045 -0.0531 0.9130
vn 0.3155 -0.0487 0.9477
vn 0.2586 -0.0427 0.9650
vn 0.1699 -0.0274 0.9851
vn 0.9799 0.0067 0.1995
vn 0.9046 0.0143 0.4261
vn 0.7460 0.0224 0.6656
vn 0.5169 0.0262 0.8557
vn 0.3797 0.0233 0.9248
vn 0.2839 0.0156 0.9587
vn 0.1624 0.0224 0.9865
vn 0.1996 0.0085 -0.9798
vn 0.4263 0.0079 -0.9045
vn 0.5823 0.0071 -0.8129
vn 0.7071 0.0062 -0.7071
vn 0.8130 0.0051 -0.5823
vn 0.9046 0.0037 -0.4263
vn 0.9799 0.0017 -0.1996
vn 0.1996 0.2889 -0.9363
vn 0.4264 0.2667 -0.8643
vn 0.5823 0.2397 -0.7768
vn 0.7071 0.2085 -0.6757
vn 0.8130 0.1717 -0.5564
vn 0.9046 0.1257 -0.4074
vn 0.9799 0.0589 -0.1907
vn 0.1996 0.5470 -0.8130
vn 0.4263 0.5049 -0.7505
vn 0.5823 0.4538 -0.6745
vn 0.7071 0.3947 -0.5867
vn 0.8130 0.3251 -0.4831
vn 0.9046 0.2380 -0.3537
vn 0.9799 0.1114 -0.1656
vn 0.1996 0.7980 -0.5686
vn 0.4263 0.7367 -0.5249
vn 0.5823 0.6621 -0.4718
vn 0.7071 0.5759 -0.4103
vn 0.8130 0.4742 -0.3379
vn 0.9046 0.3472 -0.2474
vn 0.9799 0.1626 -0.1158
vn 0.1996 0.8985 -0.3910
vn 0.4264 0.8294 -0.3610
vn 0.5823 0.7454 -0.3244
vn 0.7071 0.6484 -0.2822
vn 0.8130 0.5339 -0.2324
vn 0.9046 0.3909 -0.1701
vn 0.9799 0.1830 -0.0797
vn 0.1996 0.9649 -0.1709
vn 0.4263 0.8907 -0.1577
vn 0.5823 0.8005 -0.1418
vn 0.7071 0.6963 -0.1233
vn 0.8130 0.5734 -0.1015
vn 0.9046 0.4198 -0.0743
vn 0.9799 0.1966 -0.0348
vn 0.1996 0.9769 0.0768
vn 0.4264 0.9018 0.0709
vn 0.5823 0.8105 0.0637
vn 0.7071 0.7050 0.0554
vn 0.8130 0.5805 0.0456
vn 0.9046 0.4250 0.0334
vn 0.9799 0.1990 0.0156
vn 0.1996 0.9254 0.3221
vn 0.4263 0.8543 0.2973
vn 0.5823 0.7678 0.2672
vn 0.7071 0.6678 0.2324
vn 0.8130 0.5500 0.1914
vn 0.9046 0.4027 0.1401
vn 0.9799 0.1885 0.0656
vn 0.1996 0.8211 0.5347
vn 0.4263 0.7580 0.4936
vn 0.5823 0.6813 0.4436
vn 0.7071 0.5925 0.3859
vn 0.8130 0.4880 0.3178
vn 0.9046 0.3573 0.2327
vn 0.9799 0.1673 0.1089
vn 0.1996 0.6865 0.6992
vn 0.4263 0.6337 0.6455
vn 0.5823 0.5696 0.5801
vn 0.7071 0.4954 0.5046
vn 0.8130 0.4080 0.4155
vn 0.9046 0.2987 0.3042
vn 0.9799 0.1398 0.1424
vn 0.9799 0.0877 0.1793
vn 0.9046 0.1872 0.3830
vn 0.8130 0.2557 0.5232
vn 0.7071 0.3105 0.6353
vn 0.5823 0.3570 0.7304
vn 0.4263 0.3972 0.8127
vn 0.1996 0.4303 0.8804
vn 0.4956 0.5496 0.6725
vn 0.1294 -0.0164 0.9915
vn 0.2876 0.1165 0.9506
vn 0.4086 0.2232 0.8850
vn 0.5390 0.2985 0.7876
vn 0.6047 0.2395 0.7596
vn 0.5540 0.3137 0.7711
vn 0.6983 0.3761 0.6090
vn 0.7771 0.2466 0.5790
vn 0.6046 0.1883 0.7740
vn 0.7975 0.2132 0.5644
vn 0.7463 0.3189 0.5843
vn 0.7882 0.2584 0.5585
vn 0.7457 0.3172 0.5859
vn 0.7271 0.4055 0.5540
vn 0.8173 0.4501 0.3598
vn 0.9046 0.2799 0.3214
vn 0.8895 0.3151 0.3310
vn 0.6809 0.2442 0.6905
vn 0.9052 0.2816 0.3182
vn 0.9317 0.2105 0.2960
vn 0.8674 0.4797 0.1325
vn 0.8956 0.3256 0.3033
vn 0.9110 0.2904 0.2928
vn 0.8696 0.3615 0.3364
vn 0.8360 0.4787 0.2683
vn 0.8448 0.4816 0.2330
vn 0.9094 0.2926 0.2957
vn 0.8804 0.3654 0.3022
vn 0.9073 0.2891 0.3054
vn 0.9316 0.2104 0.2965
vn 0.8884 0.3731 0.2674
vn 0.9175 0.3004 0.2605
vn 0.8917 0.3922 0.2260
vn 0.8299 0.4664 0.3062
vn 0.8488 0.5286 0.0079
vn 0.8472 0.5312 -0.0027
vn 0.0648 0.0994 0.9929
vn 0.1903 0.3550 0.9153
vn 0.2169 0.4077 0.8870
vn 0.2317 0.4673 0.8532
vn 0.0607 0.2017 0.9776
vn 0.2783 0.3998 0.8733
vn 0.3253 0.3873 0.8627
vn 0.2923 0.4538 0.8418
vn 0.1702 0.6039 0.7787
vn 0.2629 0.5890 0.7642
vn 0.1688 0.6189 0.7671
vn 0.1501 0.7508 0.6433
vn 0.1676 0.6205 0.7660
vn 0.3194 0.7101 0.6275
vn 0.2383 0.7374 0.6320
vn 0.1535 0.7556 0.6368
vn 0.2382 0.7332 0.6369
vn 0.3188 0.6934 0.6462
vn 0.4268 0.6532 0.6254
vn 0.2600 0.8015 0.5385
vn 0.1623 0.7995 0.5783
vn 0.2473 0.7838 0.5697
vn 0.3108 0.6689 0.6753
vn 0.2864 0.7950 0.5347
vn 0.1403 0.8765 0.4604
vn 0.2440 0.8592 0.4497
vn 0.1432 0.9272 0.3461
vn 0.1769 0.8440 0.5064
vn 0.3272 0.8982 0.2934
vn 0.3978 0.8695 0.2928
vn 0.3267 0.8969 0.2980
vn 0.2529 0.9213 0.2953
vn 0.1571 0.9418 0.2971
vn 0.2531 0.9208 0.2969
vn 0.3927 0.8833 0.2561
vn 0.4716 0.7980 0.3753
vn 0.3379 0.8603 0.3818
vn 0.3576 0.7049 0.6125
vn 0.3455 0.8575 0.3812
vn 0.4881 0.7892 0.3729
vn 0.2610 0.9437 0.2030
vn 0.1564 0.9545 0.2539
vn 0.2521 0.9357 0.2468
vn 0.3267 0.8963 0.2998
vn 0.3978 0.8698 0.2919
vn 0.3012 0.9325 0.1994
vn 0.1386 0.9722 0.1888
vn 0.2176 0.9750 0.0441
vn 0.3837 0.9222 0.0484
vn 0.3046 0.9510 0.0531
vn 0.3978 0.9129 0.0913
vn 0.2122 0.9767 0.0307
vn 0.3167 0.9431 0.1016
vn 0.3970 0.9127 0.0969
vn 0.3079 0.9511 0.0257
vn 0.5417 0.8377 0.0702
vn 0.4654 0.7198 0.5151
vn 0.4741 0.8744 0.1038
vn 0.5442 0.8332 0.0981
vn 0.4994 0.8449 0.1917
vn 0.4205 0.9028 0.0898
vn 0.2084 0.9781 0.0004
vn 0.2980 0.9546 -0.0019
vn 0.3780 0.9258 -0.0016
vn 0.2973 0.9548 0.0006
vn 0.2404 0.9659 0.0963
vn 0.0559 0.0522 0.9971
vn 0.2131 0.2132 0.9535
vn 0.3043 0.3104 0.9006
vn 0.4037 0.4125 0.8166
vn 0.5494 0.5569 0.6229
vn 0.6633 0.6692 0.3350
vn 0.7043 0.7094 0.0259
vn 0.0473 -0.0004 0.9989
vn 0.0920 -0.0002 0.9958
vn 0.3518 -0.0014 0.9361
vn 0.6708 -0.0022 0.7417
vn 0.8654 -0.0020 0.5011
vn 0.9341 0.0000 0.3569
vn 0.9880 0.0007 0.1547
vn 0.0383 0.9542 0.2966
vn 0.0127 0.9935 0.1127
vn 0.0556 0.8537 0.5177
vn 0.0835 0.8422 0.5327
vn -0.0215 0.8552 0.5179
vn 0.0853 0.8526 0.5155
vn 0.0540 0.8439 0.5337
vn 0.0604 0.6874 0.7237
vn 0.0825 0.7969 0.5984
vn -0.0071 -0.0692 0.9976
vn 0.0266 0.3337 0.9423
vn 0.0313 0.3395 0.9401
vn 0.0099 0.1816 0.9833
vn 0.0562 0.2605 0.9638
vn 0.0000 0.9936 0.1127
vn -0.0000 0.9549 0.2968
vn -0.0000 0.9936 0.1127
vn 0.0000 0.8551 0.5185
vn 0.0002 0.6874 0.7263
vn 0.0089 0.2434 0.9699
vn 0.0190 0.2495 0.9682
vn 0.0199 0.1358 0.9905
vn 0.0221 0.3170 0.9482
vn -0.0000 0.9936 0.1127
vn -0.0000 0.9549 0.2968
vn 0.0000 0.9936 0.1127
vn -0.0000 0.8551 0.5185
vn -0.0000 0.6888 0.7250
vn 0.0000 0.3382 0.9411
vn -0.0004 0.3442 0.9389
vn -0.0007 0.1840 0.9829
vn -0.0011 0.2582 0.9661
vn 0.0065 0.9950 0.0998
vn 0.0053 0.9981 0.0610
vn 0.0689 0.9790 0.1920
vn -0.0042 0.9762 0.2166
vn 0.0048 0.9602 0.2794
vn 0.0604 0.9588 0.2778
vn -0.0084 0.9762 0.2167
vn 0.0418 0.8955 0.4432
vn 0.0474 0.9751 0.2169
vn 0.0740 0.8549 0.5135
vn 0.1491 0.9265 0.3456
vn 0.0926 0.8598 0.5021
vn 0.0124 0.8932 0.4494
vn 0.0619 0.8219 0.5662
vn 0.0393 0.8928 0.4487
vn -0.0018 0.8431 0.5378
vn 0.0090 0.8128 0.5825
vn 0.0596 0.8118 0.5809
vn 0.0000 0.8431 0.5378
vn 0.0234 0.6823 0.7307
vn 0.0513 0.8147 0.5776
vn 0.0188 0.6824 0.7307
vn 0.0615 0.6293 0.7747
vn 0.0874 0.7559 0.6488
vn 0.0543 0.6212 0.7818
vn 0.0126 0.3801 0.9249
vn 0.0046 0.6059 0.7955
vn -0.0086 0.4198 0.9076
vn -0.0240 0.3585 0.9332
vn -0.0272 0.0982 0.9948
vn 0.0685 0.1073 0.9919
vn 0.8060 0.5895 -0.0528
vn 0.8692 0.4925 -0.0449
vn 0.8500 0.5219 0.0716
vn 0.8925 0.4452 0.0725
vn 0.8558 0.5153 -0.0457
vn 0.8047 0.5914 -0.0529
vn 0.8425 0.5274 -0.1098
vn 0.7923 0.6045 -0.0828
vn 0.7407 0.6592 -0.1292
vn 0.9171 0.3848 -0.1043
vn 0.9499 0.2964 -0.0993
vn 0.9218 0.3768 -0.0910
vn 0.9623 0.2521 -0.1024
vn 0.9508 0.2935 -0.0991
vn 0.9222 0.3726 -0.1036
vn 0.9499 0.2944 -0.1051
vn 0.8426 0.5294 -0.0983
vn 0.8864 0.4524 -0.0982
vn 0.8429 0.5284 -0.1016
vn 0.7946 0.5991 -0.0986
vn 0.7379 0.6674 -0.1005
vn 0.7941 0.5994 -0.1008
vn 0.8864 0.4524 -0.0982
vn 0.8420 0.5299 -0.1016
vn 0.8624 0.4827 -0.1523
vn 0.9124 0.3987 -0.0922
vn 0.7612 0.5762 -0.2975
vn 0.7336 0.6268 -0.2626
vn 0.7262 0.6717 -0.1467
vn 0.7621 0.5925 -0.2610
vn 0.8045 0.5129 -0.2995
vn 0.8482 0.4414 -0.2927
vn 0.8089 0.5099 -0.2927
vn 0.7084 0.6405 -0.2966
vn 0.6962 0.5673 -0.4398
vn 0.7085 0.6404 -0.2964
vn 0.7083 0.6406 -0.2964
vn 0.7050 0.6864 -0.1784
vn 0.7084 0.6405 -0.2965
vn 0.7454 0.5852 -0.3193
vn 0.6637 0.6359 -0.3939
vn 0.7262 0.6083 -0.3204
vn 0.8792 0.3660 -0.3050
vn 0.9109 0.2890 -0.2947
vn 0.8919 0.3536 -0.2819
vn 0.8256 0.4453 -0.3466
vn 0.9330 0.2055 -0.2955
vn 0.8838 0.2815 -0.3738
vn 0.7642 0.2861 -0.5781
vn 0.8784 0.2953 -0.3757
vn 0.9090 0.2811 -0.3077
vn 0.7564 0.4991 -0.4228
vn 0.7859 0.3981 -0.4732
vn 0.7454 0.4640 -0.4787
vn 0.7033 0.5274 -0.4768
vn 0.6521 0.5890 -0.4773
vn 0.7349 0.5292 -0.4242
vn 0.8312 0.3988 -0.3875
vn 0.8759 0.3462 -0.3362
vn 0.8069 0.4968 -0.3194
vn 0.8517 0.4727 -0.2263
vn 0.8175 0.4800 -0.3182
vn 0.6303 0.5825 -0.5133
vn 0.6808 0.5259 -0.5099
vn 0.6382 0.5460 -0.5428
vn 0.6801 0.5583 -0.4752
vn 0.7542 0.4754 -0.4530
vn 0.6414 0.4648 -0.6104
vn 0.7315 0.4900 -0.4741
vn 0.7684 0.4030 -0.4972
vn 0.6390 0.3804 -0.6686
vn 0.7592 0.4173 -0.4995
vn 0.6430 0.4713 -0.6037
vn 0.6763 0.5583 -0.4805
vn 0.6375 0.4695 -0.6108
vn 0.7389 0.2532 -0.6245
vn 0.7989 0.2851 -0.5296
vn 0.6581 0.4078 -0.6329
vn 0.6942 0.3465 -0.6310
vn 0.6558 0.4035 -0.6380
vn 0.6299 0.4460 -0.6359
vn 0.6677 0.3388 -0.6629
vn 0.7715 0.3369 -0.5397
vn 0.7025 0.3182 -0.6365
vn 0.6537 0.4065 -0.6382
vn 0.7704 0.4079 -0.4900
vn 0.6706 0.3823 -0.6357
vn 0.5299 0.4072 -0.7439
vn 0.5451 0.3700 -0.7523
vn 0.5272 0.2818 -0.8016
vn 0.5272 0.3902 -0.7548
vn 0.5902 0.2488 -0.7680
vn 0.5495 0.3015 -0.7792
vn 0.5153 0.3741 -0.7710
vn 0.5587 0.3230 -0.7639
vn 0.3729 0.3256 -0.8689
vn 0.4156 0.2500 -0.8745
vn 0.3677 0.2998 -0.8803
vn 0.4529 0.1762 -0.8740
vn 0.4859 0.1020 -0.8680
vn 0.4379 0.1593 -0.8848
vn 0.4056 0.2293 -0.8848
vn 0.3678 0.2998 -0.8802
vn 0.4155 0.2499 -0.8746
vn 0.2287 0.1911 -0.9545
vn 0.3030 0.2780 -0.9115
vn 0.2271 0.1577 -0.9610
vn 0.3002 0.0970 -0.9489
vn 0.2333 0.1649 -0.9583
vn 0.0808 0.0711 -0.9942
vn 0.0773 0.0649 -0.9949
vn 0.2554 0.1483 -0.9554
vn 0.0844 0.0559 -0.9949
vn 0.0721 0.0340 -0.9968
vn 0.1733 0.0827 -0.9814
vn 0.3856 0.9227 -0.0012
vn 0.3030 0.9530 -0.0007
vn 0.3833 0.9236 0.0028
vn 0.2119 0.9773 -0.0005
vn 0.3015 0.9535 -0.0007
vn 0.3834 0.9236 0.0028
vn 0.3023 0.9532 0.0033
vn 0.5416 0.8406 -0.0024
vn 0.4640 0.8858 -0.0019
vn 0.5410 0.8410 0.0017
vn 0.5995 0.8004 0.0004
vn 0.4648 0.8854 0.0024
vn 0.5424 0.8401 0.0018
vn 0.4671 0.8842 -0.0018
vn 0.2121 0.9773 0.0002
vn 0.1237 0.9884 -0.0882
vn 0.2950 0.9547 -0.0394
vn 0.3794 0.9247 -0.0323
vn 0.2924 0.9557 -0.0349
vn 0.2226 0.9697 -0.1005
vn 0.1318 0.9860 -0.1022
vn 0.2365 0.9708 -0.0409
vn 0.2226 0.9697 -0.1005
vn 0.2038 0.9396 -0.2748
vn 0.1302 0.9860 -0.1039
vn 0.2219 0.9701 -0.0986
vn 0.2999 0.9478 -0.1084
vn 0.3809 0.9189 -0.1023
vn 0.2846 0.9198 -0.2700
vn 0.3068 0.9470 -0.0955
vn 0.1507 0.9433 -0.2959
vn 0.1013 0.9825 -0.1560
vn 0.2054 0.9401 -0.2722
vn 0.1230 0.9535 -0.2753
vn 0.5230 0.8384 -0.1538
vn 0.4660 0.8847 -0.0151
vn 0.5415 0.8405 -0.0198
vn 0.4706 0.8677 -0.1600
vn 0.4540 0.8422 -0.2908
vn 0.4003 0.9055 -0.1408
vn 0.4454 0.8487 -0.2851
vn 0.6098 0.7906 -0.0562
vn 0.5475 0.8176 -0.1783
vn 0.6684 0.7370 -0.1003
vn 0.5952 0.7336 -0.3279
vn 0.6299 0.7693 -0.1071
vn 0.5213 0.8018 -0.2921
vn 0.4502 0.8410 -0.3001
vn 0.5193 0.7997 -0.3012
vn 0.5991 0.7822 -0.1710
vn 0.2946 0.9097 -0.2926
vn 0.3738 0.8807 -0.2911
vn 0.2961 0.9077 -0.2973
vn 0.2136 0.9307 -0.2968
vn 0.1309 0.9452 -0.2989
vn 0.2136 0.9307 -0.2968
vn 0.3737 0.8805 -0.2916
vn 0.2936 0.9085 -0.2974
vn 0.3955 0.9075 -0.1413
vn 0.3687 0.8802 -0.2989
vn 0.0745 0.8719 -0.4841
vn 0.1966 0.8565 -0.4773
vn 0.1091 0.8815 -0.4594
vn 0.2663 0.8415 -0.4700
vn 0.3367 0.8165 -0.4690
vn 0.2734 0.8347 -0.4781
vn 0.1761 0.8246 -0.5375
vn 0.1966 0.8564 -0.4773
vn 0.4018 0.7764 -0.4856
vn 0.4741 0.7442 -0.4705
vn 0.3982 0.7754 -0.4900
vn 0.5355 0.6997 -0.4730
vn 0.5891 0.6521 -0.4772
vn 0.5401 0.6824 -0.4925
vn 0.4847 0.7389 -0.4681
vn 0.3972 0.7782 -0.4863
vn 0.4785 0.7301 -0.4878
vn 0.2340 0.7848 -0.5739
vn 0.3101 0.7246 -0.6154
vn 0.2459 0.7428 -0.6228
vn 0.1855 0.7952 -0.5773
vn 0.3614 0.7894 -0.4962
vn 0.2733 0.8348 -0.4780
vn 0.3370 0.8156 -0.4703
vn 0.1716 0.7406 -0.6497
vn 0.2366 0.7413 -0.6281
vn 0.1895 0.6616 -0.7255
vn 0.2375 0.7415 -0.6275
vn 0.2979 0.7202 -0.6266
vn 0.1977 0.6513 -0.7326
vn 0.2457 0.7311 -0.6365
vn 0.1595 0.7533 -0.6380
vn 0.2125 0.6581 -0.7223
vn 0.3444 0.6677 -0.6600
vn 0.2850 0.5745 -0.7673
vn 0.3422 0.6672 -0.6616
vn 0.3966 0.6223 -0.6748
vn 0.3118 0.5341 -0.7858
vn 0.3726 0.6301 -0.6812
vn 0.4404 0.5883 -0.6782
vn 0.3177 0.4760 -0.8201
vn 0.4002 0.6029 -0.6902
vn 0.2241 0.5839 -0.7803
vn 0.2119 0.5643 -0.7979
vn 0.3071 0.6768 -0.6691
vn 0.2448 0.5837 -0.7742
vn 0.1841 0.5198 -0.8342
vn 0.2660 0.4481 -0.8535
vn 0.3474 0.4367 -0.8298
vn 0.2653 0.4525 -0.8514
vn 0.1942 0.4581 -0.8674
vn 0.1217 0.2936 -0.9481
vn 0.1781 0.2745 -0.9450
vn 0.2712 0.3008 -0.9143
vn 0.1693 0.3096 -0.9357
vn 0.1257 0.2772 -0.9525
vn 0.0728 0.1612 -0.9842
vn 0.1022 0.0952 -0.9902
vn 0.1004 0.0992 -0.9900
vn 0.7028 0.7023 -0.1135
vn 0.6752 0.6752 -0.2968
vn 0.6752 0.6752 -0.2968
vn 0.7089 0.6948 -0.1213
vn 0.6752 0.6752 -0.2968
vn 0.6752 0.6752 -0.2968
vn 0.6520 0.6131 -0.4462
vn 0.6752 0.6752 -0.2968
vn 0.6752 0.6752 -0.2968
vn 0.6809 0.7101 -0.1794
vn 0.6752 0.6752 -0.2968
vn 0.6402 0.6497 -0.4100
vn 0.6752 0.6752 -0.2968
vn 0.6329 0.6325 -0.4466
vn 0.6752 0.6752 -0.2968
vn 0.6322 0.6319 -0.4484
vn 0.5871 0.5897 -0.5545
vn 0.6222 0.6201 -0.4778
vn 0.5943 0.5920 -0.5444
vn 0.4692 0.4710 -0.7470
vn 0.3540 0.3540 -0.8657
vn 0.2115 0.2073 -0.9551
vn 0.2304 0.2315 -0.9452
vn 0.3359 0.3375 -0.8793
vn 0.2180 0.2210 -0.9506
vn 0.2070 0.2069 -0.9562
vn 0.0727 0.0737 -0.9946
vn 0.0707 0.0712 -0.9950
vn 0.1905 0.1915 -0.9628
vn 0.0716 0.0715 -0.9949
vn 0.0732 0.0736 -0.9946
vn 0.1269 0.1275 -0.9837
vn 0.9977 0.0000 -0.0684
vn 0.9549 0.0000 -0.2968
vn 0.9728 0.0000 -0.2316
vn 0.9549 0.0000 -0.2968
vn 0.9452 0.0001 -0.3266
vn 0.8131 0.0001 -0.5821
vn 0.4814 0.0010 -0.8765
vn 0.4773 0.0000 -0.8787
vn 0.3041 -0.0016 -0.9526
vn 0.4591 0.0008 -0.8884
vn 0.5403 0.0010 -0.8414
vn 0.4603 0.0057 -0.8877
vn 0.3029 0.0028 -0.9530
vn 0.4626 0.0051 -0.8865
vn 0.5173 0.0065 -0.8558
vn 0.4657 0.0452 -0.8838
vn 0.3009 0.0462 -0.9525
vn 0.2990 0.0479 -0.9530
vn 0.4735 0.0490 -0.8794
vn 0.2818 0.0159 -0.9593
vn 0.2834 0.0138 -0.9589
vn 0.4513 0.0161 -0.8922
vn 0.2881 0.0160 -0.9575
vn 0.2460 -0.0007 -0.9693
vn 0.2968 0.0000 -0.9549
vn 0.4534 0.0022 -0.8913
vn 0.2968 0.0000 -0.9549
vn 0.2457 -0.0007 -0.9693
vn 0.3186 0.0003 -0.9479
vn 0.4693 -0.0011 -0.8830
vn 0.2797 0.0007 -0.9601
vn 0.0944 -0.0001 -0.9955
vn 0.0989 0.0003 -0.9951
vn 0.2743 0.0065 -0.9616
vn 0.1015 0.0016 -0.9948
vn 0.0896 0.0004 -0.9960
vn 0.0795 0.0000 -0.9968
vn 0.1753 0.0000 -0.9845
vn 0.0000 0.9961 -0.0882
vn 0.0000 1.0000 0.0000
vn -0.0006 0.9961 -0.0878
vn 0.0000 0.9949 -0.1005
vn 0.0000 0.9949 -0.1005
vn 0.0336 0.9944 -0.1004
vn 0.0000 0.9949 -0.1005
vn -0.0000 0.9949 -0.1005
vn 0.0000 0.9949 -0.1005
vn 0.0000 0.9961 -0.0878
vn 0.0044 0.9549 -0.2968
vn -0.0000 0.9767 -0.2146
vn -0.0000 0.9949 -0.1005
vn -0.0022 0.9668 -0.2557
vn -0.0000 0.9549 -0.2968
vn -0.0000 0.9549 -0.2968
vn -0.0000 0.9549 -0.2968
vn 0.0341 0.9544 -0.2966
vn 0.0000 0.9549 -0.2968
vn -0.0000 0.9549 -0.2968
vn 0.0000 0.9549 -0.2968
vn -0.0000 0.9549 -0.2968
vn -0.0000 0.8944 -0.4474
vn -0.0000 0.9085 -0.4179
vn -0.0000 0.9326 -0.3610
vn 0.0000 0.9549 -0.2968
vn 0.0341 0.9544 -0.2966
vn -0.0038 0.9326 -0.3610
vn -0.0034 0.9085 -0.4179
vn -0.0017 0.8944 -0.4474
vn -0.0009 0.8867 -0.4623
vn -0.0001 0.7942 -0.6076
vn 0.0000 0.8787 -0.4773
vn 0.0018 0.8945 -0.4471
vn -0.0000 0.7532 -0.6578
vn 0.0001 0.5297 -0.8482
vn 0.0001 0.2966 -0.9550
vn 0.0001 0.1619 -0.9868
vn 0.0001 0.0992 -0.9951
vn -0.0000 -0.0000 -1.0000
vn 0.5261 0.8434 0.1089
vn 0.5118 0.8205 0.2545
vn 0.2777 0.3921 0.8770
vn 0.3574 0.4222 0.8331
vn 0.2327 0.3057 0.9232
vn -0.0000 -0.0000 -1.0000
vn -0.0000 0.0000 -1.0000
vn 0.0000 0.0000 -1.0000
vn 0.0000 -0.0000 -1.0000
vn 0.0000 0.0000 -1.0000
vn 0.0000 0.0000 -1.0000
vn 0.0000 0.0000 -1.0000
vn 0.0000 -1.0000 0.0029
vn -0.0003 -1.0000 0.0026
vn 0.0014 -1.0000 0.0000
vn 0.0000 0.0000 -1.0000
vn -0.9995 0.0000 0.0308
vn -0.9253 -0.3793 0.0005
vn -0.9547 -0.2975 0.0003
vn -0.9263 -0.3768 -0.0008
vn -0.9630 -0.2696 -0.0006
vn -0.9552 -0.2958 0.0003
vn -0.9263 -0.3768 -0.0008
vn -0.9550 -0.2967 -0.0009
vn -0.8452 -0.5345 0.0009
vn -0.8895 -0.4569 0.0007
vn -0.8457 -0.5337 -0.0004
vn -0.8131 -0.5822 0.0001
vn -0.8891 -0.4578 -0.0006
vn -0.8447 -0.5353 -0.0005
vn -0.8878 -0.4603 0.0006
vn -0.9663 -0.2569 0.0176
vn -0.9764 -0.2139 0.0301
vn -0.9545 -0.2981 -0.0005
vn -0.9250 -0.3799 -0.0005
vn -0.9541 -0.2995 0.0001
vn -0.9756 -0.2198 -0.0006
vn -0.9890 -0.1482 -0.0001
vn -0.9757 -0.2193 0.0000
vn -0.4628 -0.8865 0.0004
vn -0.5402 -0.8416 0.0003
vn -0.4641 -0.8858 -0.0003
vn -0.5995 -0.8004 0.0001
vn -0.5410 -0.8410 0.0003
vn -0.4640 -0.8858 -0.0003
vn -0.5406 -0.8413 -0.0004
vn -0.3010 -0.9536 0.0005
vn -0.3833 -0.9236 0.0004
vn -0.3015 -0.9535 -0.0001
vn -0.2119 -0.9773 -0.0001
vn -0.3829 -0.9238 -0.0002
vn -0.3006 -0.9537 -0.0001
vn -0.3816 -0.9243 0.0004
vn -0.6023 -0.7982 0.0049
vn -0.6414 -0.7670 0.0188
vn -0.5399 -0.8417 -0.0002
vn -0.4624 -0.8867 -0.0001
vn -0.5394 -0.8421 0.0001
vn -0.6105 -0.7920 -0.0002
vn -0.6722 -0.7404 0.0000
vn -0.6107 -0.7919 0.0001
vn -0.7053 -0.7085 0.0261
vn 0.0000 -0.2949 -0.9555
vn -0.4053 -0.0002 0.9142
vn -0.2195 -0.9756 -0.0022
vn -0.3001 -0.9539 0.0000
vn -0.3815 -0.9244 0.0000
vn -0.3003 -0.9538 -0.0000
vn -0.2119 -0.9773 -0.0000
vn -0.4621 -0.8869 0.0001
vn -0.5392 -0.8422 0.0000
vn -0.4624 -0.8867 -0.0000
vn -0.6103 -0.7922 0.0000
vn -0.6722 -0.7404 0.0000
vn -0.6104 -0.7921 -0.0001
vn -0.5394 -0.8420 0.0000
vn -0.4624 -0.8867 -0.0000
vn -0.5393 -0.8421 -0.0001
vn -0.3004 -0.9538 0.0001
vn -0.3819 -0.9242 0.0001
vn -0.3005 -0.9538 -0.0000
vn -0.2119 -0.9773 -0.0000
vn -0.3818 -0.9243 -0.0000
vn -0.3003 -0.9538 -0.0000
vn -0.3815 -0.9244 0.0001
vn -0.3839 -0.9234 -0.0007
vn -0.3013 -0.9535 -0.0004
vn -0.3832 -0.9237 0.0016
vn -0.2489 -0.9685 0.0006
vn -0.3008 -0.9537 -0.0004
vn -0.3832 -0.9237 0.0016
vn -0.3011 -0.9536 0.0018
vn -0.5419 -0.8404 -0.0014
vn -0.4643 -0.8857 -0.0010
vn -0.5417 -0.8406 0.0010
vn -0.5675 -0.8233 -0.0007
vn -0.4646 -0.8855 0.0013
vn -0.5422 -0.8403 0.0010
vn -0.4654 -0.8851 -0.0010
vn -0.2409 -0.9691 -0.0540
vn -0.3015 -0.9535 0.0010
vn -0.3842 -0.9233 0.0009
vn -0.3019 -0.9533 -0.0002
vn -0.2220 -0.9750 -0.0000
vn -0.0710 -0.0763 0.9946
vn 0.0000 -0.0000 1.0000
vn -1.0000 -0.0006 -0.0050
vn -0.8897 -0.4565 0.0004
vn -0.8455 -0.5340 -0.0003
vn -0.8702 -0.4926 -0.0104
vn -0.9145 -0.4047 0.0011
vn -0.8402 -0.5423 0.0013
vn -0.8454 -0.5341 0.0031
vn -0.8873 -0.4589 0.0467
vn -0.8611 -0.5085 0.0033
vn -0.8443 -0.5359 0.0014
vn -0.9553 -0.2956 0.0014
vn -0.9250 -0.3798 0.0039
vn -0.9541 -0.2994 0.0045
vn -0.9773 -0.2120 0.0020
vn -0.9238 -0.3829 0.0013
vn -0.9548 -0.2972 0.0002
vn -0.9264 -0.3766 -0.0004
vn -0.8394 -0.5436 0.0001
vn -0.8456 -0.5339 -0.0001
vn -0.8896 -0.4568 0.0001
vn -0.8461 -0.5330 0.0002
vn -0.8084 -0.5884 -0.0141
vn -0.7546 -0.6558 -0.0237
vn -0.7047 -0.7092 -0.0237
vn 0.0062 -1.0000 -0.0023
vn 0.0015 -1.0000 -0.0007
vn 0.0000 -1.0000 0.0007
vn 0.0000 -1.0000 0.0000
vn -0.0042 -0.9998 -0.0196
vn -0.0000 -1.0000 -0.0033
vn 0.0277 -0.9981 -0.0556
vn -1.0000 -0.0000 0.0000
vn -0.9961 0.0680 0.0555
vn -1.0000 -0.0000 0.0000
vn -1.0000 0.0000 0.0000
vn -1.0000 0.0000 0.0000
vn -1.0000 0.0000 -0.0000
vn -1.0000 0.0000 -0.0000
vn -1.0000 0.0000 0.0000
vn -1.0000 -0.0000 0.0000
vn -1.0000 0.0000 0.0000
vn -1.0000 0.0000 0.0000
vn -1.0000 0.0000 0.0000
vn 0.0000 -0.4391 0.8984
vn -0.0000 0.0000 -1.0000
vn 0.0000 -0.5582 -0.8297
vn 0.0000 -0.0336 0.9994
vn 0.0000 -0.0087 -1.0000
vn 0.0000 -0.7006 0.7136
vn 0.0000 -0.8380 0.5457
vn 0.0000 -0.9444 0.3287
vn 0.0000 -0.9969 0.0783
vn 0.0000 -0.9847 -0.1744
vn 0.0000 -0.9169 -0.3990
vn 0.0000 -0.8144 -0.5803
vn -0.9771 0.0713 0.2007
vn -0.9020 0.0658 0.4267
vn -0.7441 0.0563 0.6657
vn -0.5156 0.0521 0.8553
vn -0.3788 0.0497 0.9242
vn -0.2833 0.0438 0.9580
vn -0.1622 0.0268 0.9864
vn -0.9799 -0.0067 0.1995
vn -0.9046 -0.0143 0.4261
vn -0.8126 -0.0156 0.5827
vn -0.7055 -0.0094 0.7087
vn -0.5798 -0.0038 0.8148
vn -0.4249 -0.0131 0.9052
vn -0.1991 -0.0213 0.9797
vn -0.1996 -0.0085 -0.9798
vn -0.4263 -0.0079 -0.9045
vn -0.5823 -0.0071 -0.8129
vn -0.7071 -0.0062 -0.7071
vn -0.8130 -0.0051 -0.5823
vn -0.9046 -0.0037 -0.4263
vn -0.9799 -0.0017 -0.1996
vn -0.1996 -0.2889 -0.9363
vn -0.4263 -0.2667 -0.8643
vn -0.5823 -0.2397 -0.7768
vn -0.7071 -0.2085 -0.6757
vn -0.8130 -0.1717 -0.5564
vn -0.9046 -0.1257 -0.4074
vn -0.9799 -0.0589 -0.1907
vn -0.1996 -0.5470 -0.8130
vn -0.4263 -0.5049 -0.7505
vn -0.5823 -0.4538 -0.6745
vn -0.7071 -0.3947 -0.5867
vn -0.8130 -0.3251 -0.4831
vn -0.9046 -0.2380 -0.3537
vn -0.9799 -0.1114 -0.1656
vn -0.1996 -0.7980 -0.5686
vn -0.4264 -0.7367 -0.5249
vn -0.5823 -0.6621 -0.4718
vn -0.7071 -0.5759 -0.4103
vn -0.8130 -0.4742 -0.3379
vn -0.9046 -0.3472 -0.2474
vn -0.9799 -0.1626 -0.1158
vn -0.1996 -0.8985 -0.3910
vn -0.4263 -0.8294 -0.3610
vn -0.5823 -0.7454 -0.3244
vn -0.7071 -0.6484 -0.2822
vn -0.8130 -0.5339 -0.2324
vn -0.9046 -0.3909 -0.1701
vn -0.9799 -0.1830 -0.0797
vn -0.1996 -0.9649 -0.1709
vn -0.4264 -0.8907 -0.1577
vn -0.5823 -0.8005 -0.1418
vn -0.7071 -0.6963 -0.1233
vn -0.8130 -0.5734 -0.1015
vn -0.9046 -0.4198 -0.0743
vn -0.9799 -0.1966 -0.0348
vn -0.1996 -0.9769 0.0768
vn -0.4263 -0.9018 0.0709
vn -0.5823 -0.8105 0.0637
vn -0.7071 -0.7049 0.0554
vn -0.8130 -0.5805 0.0456
vn -0.9046 -0.4250 0.0334
vn -0.9799 -0.1990 0.0156
vn -0.1996 -0.9254 0.3221
vn -0.4263 -0.8543 0.2973
vn -0.5823 -0.7678 0.2672
vn -0.7071 -0.6678 0.2324
vn -0.8130 -0.5500 0.1914
vn -0.9046 -0.4027 0.1401
vn -0.9799 -0.1885 0.0656
vn -0.1996 -0.8211 0.5347
vn -0.4263 -0.7580 0.4936
vn -0.5823 -0.6813 0.4436
vn -0.7071 -0.5926 0.3859
vn -0.8130 -0.4880 0.3178
vn -0.9046 -0.3573 0.2327
vn -0.9799 -0.1673 0.1089
vn -0.1996 -0.6865 0.6992
vn -0.4264 -0.6337 0.6455
vn -0.5823 -0.5696 0.5801
vn -0.7071 -0.4954 0.5046
vn -0.8130 -0.4080 0.4155
vn -0.9046 -0.2987 0.3042
vn -0.9799 -0.1398 0.1424
vn -0.9799 -0.0877 0.1793
vn -0.9046 -0.1872 0.3830
vn -0.8130 -0.2557 0.5232
vn -0.7071 -0.3105 0.6353
vn -0.5823 -0.3570 0.7304
vn -0.4264 -0.3972 0.8127
vn -0.1996 -0.4303 0.8803
vn -0.0368 0.0328 0.9988
vn -0.1137 -0.0644 0.9914
vn -0.4127 -0.2244 0.8828
vn -0.7089 -0.3110 0.6331
vn -0.4585 -0.2460 0.8540
vn -0.9254 -0.3212 0.2014
vn -0.8755 -0.1423 0.4618
vn -0.4471 -0.2168 0.8678
vn -0.8736 -0.3593 0.3283
vn -0.6778 -0.3635 0.6391
vn -0.6894 -0.2747 0.6703
vn -0.9269 -0.2064 0.3134
vn -0.8720 -0.2549 0.4179
vn -0.8221 -0.3322 0.4624
vn -0.8348 -0.2699 0.4798
vn -0.8752 -0.2348 0.4230
vn -0.7811 -0.4258 0.4568
vn -0.8064 -0.3397 0.4840
vn -0.8848 -0.2936 0.3619
vn -0.8517 -0.2325 0.4696
vn -0.8451 -0.2710 0.4607
vn -0.6805 -0.3099 0.6639
vn -0.9748 -0.2104 0.0741
vn -0.9739 -0.1806 0.1378
vn -0.9503 -0.2977 0.0913
vn -0.9210 -0.3784 0.0922
vn -0.9477 -0.3023 0.1022
vn -0.9513 -0.2159 0.2202
vn -0.9699 -0.2220 0.1005
vn -0.8841 -0.4579 0.0931
vn -0.8406 -0.5332 0.0951
vn -0.8797 -0.4633 0.1069
vn -0.8339 -0.5410 0.1092
vn -0.8387 -0.5362 0.0947
vn -0.8797 -0.4633 0.1067
vn -0.8372 -0.5356 0.1101
vn -0.9419 -0.3002 0.1507
vn -0.9188 -0.3840 0.0917
vn -0.9513 -0.2904 0.1036
vn -0.9653 -0.2054 0.1611
vn -0.9176 -0.3836 0.1044
vn -0.9477 -0.3023 0.1023
vn -0.9211 -0.3784 0.0919
vn -0.0538 -0.0875 0.9947
vn -0.1910 -0.3559 0.9148
vn -0.2988 -0.3297 0.8956
vn -0.2455 -0.3289 0.9119
vn -0.0389 -0.1528 0.9875
vn -0.3918 -0.5681 0.7237
vn -0.3764 -0.4767 0.7944
vn -0.2918 -0.6258 0.7233
vn -0.2225 -0.6931 0.6856
vn -0.1535 -0.7556 0.6368
vn -0.2144 -0.6865 0.6948
vn -0.2807 -0.6163 0.7358
vn -0.3453 -0.5358 0.7705
vn -0.3952 -0.4938 0.7746
vn -0.3674 -0.5463 0.7527
vn -0.4562 -0.7028 0.5458
vn -0.3890 -0.7776 0.4940
vn -0.3239 -0.8272 0.4591
vn -0.3827 -0.7765 0.5006
vn -0.2323 -0.8656 0.4436
vn -0.1571 -0.9418 0.2971
vn -0.2688 -0.8886 0.3716
vn -0.3034 -0.8192 0.4866
vn -0.3859 -0.7788 0.4945
vn -0.3238 -0.8272 0.4593
vn -0.4587 -0.7051 0.5408
vn -0.5153 -0.8208 0.2463
vn -0.3972 -0.9174 0.0259
vn -0.4719 -0.8469 0.2451
vn -0.3168 -0.9440 0.0925
vn -0.3835 -0.9157 0.1204
vn -0.4413 -0.8472 0.2959
vn -0.2813 -0.9328 0.2255
vn -0.2117 -0.9733 0.0887
vn -0.3126 -0.9407 0.1314
vn -0.3117 -0.7481 0.5859
vn -0.3618 -0.9116 0.1950
vn -0.2954 -0.9400 0.1707
vn -0.5111 -0.8189 0.2609
vn -0.5675 -0.8234 -0.0049
vn -0.5378 -0.8377 -0.0946
vn -0.5914 -0.8037 0.0658
vn -0.4642 -0.8857 -0.0082
vn -0.4862 -0.8211 0.2992
vn -0.5064 -0.8623 0.0003
vn -0.5459 -0.8360 0.0563
vn -0.3831 -0.9237 -0.0056
vn -0.3007 -0.9537 -0.0031
vn -0.3770 -0.9261 0.0106
vn -0.2489 -0.9685 0.0043
vn -0.2963 -0.9550 0.0125
vn -0.3771 -0.9261 0.0104
vn -0.3007 -0.9537 -0.0031
vn -0.5147 -0.8515 0.1000
vn -0.4202 -0.9028 0.0919
vn -0.5119 -0.8521 0.1090
vn -0.5433 -0.8329 0.1057
vn -0.4130 -0.9107 0.0000
vn -0.4932 -0.8615 -0.1207
vn -0.5397 -0.8372 0.0881
vn -0.5535 -0.8321 0.0359
vn -0.4596 -0.8879 0.0188
vn -0.5480 -0.8316 0.0898
vn -0.0311 -0.0298 0.9991
vn -0.1761 -0.1803 0.9677
vn -0.2933 -0.3009 0.9074
vn -0.4136 -0.4208 0.8074
vn -0.5557 -0.5620 0.6127
vn -0.6661 -0.6711 0.3256
vn -0.7047 -0.7092 0.0201
vn -0.0375 0.0002 0.9993
vn -0.1627 0.0015 0.9867
vn -0.4287 0.0028 0.9034
vn -0.7110 0.0030 0.7032
vn -0.7677 -0.0001 0.6408
vn -0.8787 0.0007 0.4773
vn -0.9453 0.0004 0.3261
vn -0.9949 0.0000 0.1005
vn -0.0761 -0.8969 0.4357
vn 0.0274 -0.8812 0.4719
vn -0.0716 -0.8957 0.4388
vn -0.0463 -0.6571 0.7524
vn -0.0231 -0.9932 0.1140
vn -0.0765 -0.7302 0.6789
vn -0.0909 -0.7438 0.6622
vn 0.0593 -0.7234 0.6879
vn -0.0858 -0.7660 0.6371
vn -0.0554 -0.7619 0.6453
vn 0.0622 -0.7439 0.6654
vn -0.0872 -0.7703 0.6316
vn 0.0183 -0.5761 0.8172
vn -0.0293 -0.5326 0.8458
vn -0.0368 -0.4251 0.9044
vn -0.0158 -0.2415 0.9703
vn -0.0780 -0.5150 0.8536
vn -0.0000 -0.9549 0.2968
vn 0.0000 -0.9936 0.1127
vn 0.0000 -0.9549 0.2968
vn 0.0000 -0.8551 0.5185
vn -0.0000 -0.6888 0.7250
vn 0.0010 -0.3382 0.9411
vn -0.0108 -0.3442 0.9388
vn -0.0164 -0.1840 0.9828
vn -0.0271 -0.2581 0.9657
vn 0.0000 -0.9549 0.2968
vn -0.0000 -0.9936 0.1127
vn 0.0000 -0.9549 0.2968
vn -0.0000 -0.8551 0.5185
vn 0.0000 -0.6887 0.7250
vn 0.0004 -0.3338 0.9427
vn 0.0009 -0.3397 0.9405
vn 0.0009 -0.1816 0.9834
vn 0.0008 -0.2609 0.9654
vn 0.0008 -0.9936 0.1127
vn -0.0121 -0.9549 0.2968
vn -0.0032 -0.9987 0.0501
vn 0.0055 -0.8551 0.5185
vn 0.0001 -0.9243 0.3816
vn -0.0614 -0.9531 0.2963
vn -0.0058 -0.9548 0.2971
vn -0.0046 -0.9243 0.3816
vn 0.0080 -0.6874 0.7262
vn -0.0068 -0.7490 0.6625
vn -0.0608 -0.7694 0.6358
vn -0.0100 -0.7708 0.6370
vn -0.0005 -0.7490 0.6626
vn -0.0101 -0.2434 0.9699
vn 0.0134 -0.2495 0.9683
vn 0.0311 -0.1357 0.9903
vn 0.0210 -0.3170 0.9482
vn -0.9695 -0.2418 -0.0401
vn -0.9579 -0.2853 -0.0318
vn -0.9274 -0.3729 -0.0301
vn -0.9564 -0.2894 -0.0392
vn -0.9643 -0.2563 -0.0661
vn -0.8885 -0.4589 -0.0015
vn -0.8451 -0.5347 0.0010
vn -0.8892 -0.4574 0.0014
vn -0.8131 -0.5822 -0.0003
vn -0.8457 -0.5337 0.0009
vn -0.8895 -0.4569 -0.0015
vn -0.8454 -0.5342 -0.0019
vn -0.9551 -0.2964 0.0021
vn -0.9263 -0.3768 0.0017
vn -0.9552 -0.2958 -0.0006
vn -0.9630 -0.2696 0.0013
vn -0.9263 -0.3768 0.0018
vn -0.9549 -0.2969 -0.0006
vn -0.9257 -0.3783 -0.0011
vn -0.9095 -0.3887 -0.1474
vn -0.8699 -0.3940 -0.2968
vn -0.9313 -0.3458 -0.1147
vn -0.9195 -0.2938 -0.2611
vn -0.8632 -0.3494 -0.3644
vn -0.9106 -0.3221 -0.2590
vn -0.9324 -0.2056 -0.2972
vn -0.9098 -0.2890 -0.2979
vn -0.8840 -0.3658 -0.2910
vn -0.9122 -0.2875 -0.2920
vn -0.8288 -0.5364 -0.1593
vn -0.8452 -0.4415 -0.3012
vn -0.8069 -0.5129 -0.2929
vn -0.8047 -0.5824 -0.1150
vn -0.7379 -0.6674 -0.1005
vn -0.7902 -0.5940 -0.1510
vn -0.8609 -0.4328 -0.2675
vn -0.9072 -0.4063 -0.1089
vn -0.8389 -0.4611 -0.2892
vn -0.8409 -0.5261 -0.1266
vn -0.8887 -0.4586 0.0028
vn -0.8526 -0.5063 -0.1292
vn -0.9505 -0.2131 -0.2263
vn -0.9349 -0.2038 -0.2906
vn -0.9508 -0.2646 -0.1612
vn -0.9227 -0.3733 -0.0958
vn -0.9506 -0.2932 -0.1022
vn -0.9555 -0.2461 -0.1623
vn -0.8244 -0.2918 -0.4850
vn -0.7369 -0.4669 -0.4889
vn -0.7759 -0.4050 -0.4837
vn -0.7442 -0.4729 -0.4717
vn -0.6904 -0.5287 -0.4938
vn -0.6521 -0.5890 -0.4772
vn -0.7039 -0.5279 -0.4753
vn -0.7758 -0.4050 -0.4838
vn -0.7478 -0.4659 -0.4730
vn -0.7863 -0.3984 -0.4723
vn -0.7790 -0.2974 -0.5520
vn -0.8654 -0.2641 -0.4258
vn -0.9264 -0.1984 -0.3201
vn -0.6926 -0.2889 -0.6610
vn -0.6357 -0.4068 -0.6560
vn -0.6610 -0.3325 -0.6727
vn -0.6419 -0.4050 -0.6511
vn -0.6270 -0.4436 -0.6403
vn -0.6842 -0.3322 -0.6492
vn -0.6596 -0.4066 -0.6321
vn -0.6798 -0.3348 -0.6526
vn -0.7789 -0.2871 -0.5576
vn -0.4673 -0.1572 -0.8700
vn -0.6411 -0.2132 -0.7372
vn -0.4711 -0.0974 -0.8767
vn -0.4700 -0.2115 -0.8569
vn -0.5821 -0.2459 -0.7751
vn -0.4375 -0.1715 -0.8827
vn -0.5047 -0.3407 -0.7932
vn -0.3685 -0.2353 -0.8994
vn -0.5001 -0.3627 -0.7863
vn -0.5734 -0.3036 -0.7609
vn -0.4684 -0.2257 -0.8542
vn -0.5858 -0.3290 -0.7407
vn -0.4797 -0.0964 -0.8721
vn -0.5575 -0.2244 -0.7992
vn -0.2655 -0.1171 -0.9570
vn -0.3956 -0.2005 -0.8963
vn -0.2570 -0.1026 -0.9610
vn -0.2335 -0.0877 -0.9684
vn -0.3458 -0.2328 -0.9090
vn -0.2307 -0.1582 -0.9601
vn -0.3400 -0.2822 -0.8971
vn -0.3929 -0.2284 -0.8907
vn -0.2637 -0.1473 -0.9533
vn -0.3872 -0.2176 -0.8960
vn -0.3245 -0.0984 -0.9408
vn -0.4601 -0.0476 -0.8866
vn -0.2807 -0.0720 -0.9571
vn -0.4559 -0.1626 -0.8751
vn -0.3252 -0.0794 -0.9423
vn -0.4625 -0.1748 -0.8692
vn -0.4723 -0.0934 -0.8765
vn -0.2990 -0.0492 -0.9530
vn -0.4075 -0.1175 -0.9056
vn -0.1109 -0.0342 -0.9932
vn -0.1104 -0.0560 -0.9923
vn -0.2017 -0.1492 -0.9680
vn -0.2729 -0.0835 -0.9584
vn -0.0985 -0.0424 -0.9942
vn -0.0939 -0.0424 -0.9947
vn -0.1747 -0.0824 -0.9812
vn -0.4593 -0.8830 -0.0962
vn -0.5379 -0.8368 -0.1017
vn -0.4608 -0.8820 -0.0988
vn -0.6072 -0.7881 -0.1009
vn -0.6683 -0.7370 -0.1005
vn -0.6070 -0.7885 -0.0992
vn -0.5367 -0.8376 -0.1017
vn -0.4608 -0.8820 -0.0988
vn -0.5375 -0.8374 -0.0989
vn -0.3015 -0.9477 -0.1050
vn -0.3808 -0.9188 -0.1036
vn -0.3007 -0.9485 -0.0996
vn -0.2214 -0.9696 -0.1039
vn -0.1308 -0.9867 -0.0964
vn -0.2226 -0.9697 -0.1005
vn -0.3843 -0.9185 -0.0928
vn -0.3033 -0.9477 -0.0997
vn -0.3912 -0.9144 -0.1042
vn -0.6649 -0.7383 -0.1131
vn -0.6154 -0.7850 -0.0710
vn -0.5320 -0.8380 -0.1210
vn -0.6064 -0.7933 -0.0540
vn -0.4741 -0.8792 -0.0463
vn -0.5258 -0.8458 0.0902
vn -0.4924 -0.8691 -0.0469
vn -0.6071 -0.7928 -0.0540
vn -0.4871 -0.7971 -0.3568
vn -0.4753 -0.8476 -0.2360
vn -0.5271 -0.8050 -0.2723
vn -0.4396 -0.8259 -0.3530
vn -0.4115 -0.8441 -0.3438
vn -0.3083 -0.8511 -0.4248
vn -0.4080 -0.8629 -0.2983
vn -0.4052 -0.7540 -0.5170
vn -0.4551 -0.8029 -0.3851
vn -0.5345 -0.7164 -0.4483
vn -0.5891 -0.6521 -0.4772
vn -0.5342 -0.6979 -0.4770
vn -0.4714 -0.7403 -0.4793
vn -0.4055 -0.7817 -0.4739
vn -0.4430 -0.7283 -0.5228
vn -0.5374 -0.7142 -0.4484
vn -0.2608 -0.8931 -0.3666
vn -0.3322 -0.8100 -0.4833
vn -0.2647 -0.8391 -0.4753
vn -0.2426 -0.9160 -0.3196
vn -0.1310 -0.9448 -0.3004
vn -0.2168 -0.9075 -0.3598
vn -0.3604 -0.8857 -0.2927
vn -0.3653 -0.8246 -0.4320
vn -0.2966 -0.9042 -0.3074
vn -0.3750 -0.8708 -0.3180
vn -0.5823 -0.7564 -0.2980
vn -0.5978 -0.7166 -0.3594
vn -0.5893 -0.6522 -0.4768
vn -0.5822 -0.7298 -0.3585
vn -0.5149 -0.8031 -0.2999
vn -0.4499 -0.8435 -0.2933
vn -0.5213 -0.8014 -0.2933
vn -0.6408 -0.7078 -0.2972
vn -0.6420 -0.7064 -0.2981
vn -0.7304 -0.6588 -0.1802
vn -0.6420 -0.7073 -0.2959
vn -0.6270 -0.7209 -0.2953
vn -0.6212 -0.6445 -0.4458
vn -0.6408 -0.7013 -0.3123
vn -0.5943 -0.7522 -0.2846
vn -0.6696 -0.7345 -0.1099
vn -0.6323 -0.7199 -0.2862
vn -0.6321 -0.7200 -0.2865
vn -0.4238 -0.6852 -0.5924
vn -0.3553 -0.6787 -0.6428
vn -0.4598 -0.6190 -0.6367
vn -0.4131 -0.6486 -0.6393
vn -0.3571 -0.6879 -0.6319
vn -0.4176 -0.6518 -0.6331
vn -0.3235 -0.7601 -0.5636
vn -0.2264 -0.7248 -0.6507
vn -0.1771 -0.7496 -0.6378
vn -0.2370 -0.6961 -0.6777
vn -0.3073 -0.7093 -0.6344
vn -0.4597 -0.6190 -0.6368
vn -0.5555 -0.6412 -0.5294
vn -0.3819 -0.6556 -0.6514
vn -0.4814 -0.7035 -0.5227
vn -0.4106 -0.6580 -0.6312
vn -0.5347 -0.6425 -0.5489
vn -0.5891 -0.6523 -0.4768
vn -0.4958 -0.6590 -0.5657
vn -0.3347 -0.5497 -0.7654
vn -0.3846 -0.5059 -0.7721
vn -0.3142 -0.5386 -0.7818
vn -0.2287 -0.6052 -0.7625
vn -0.3845 -0.5058 -0.7722
vn -0.3350 -0.5500 -0.7650
vn -0.4260 -0.5154 -0.7436
vn -0.2572 -0.4092 -0.8755
vn -0.3022 -0.3650 -0.8806
vn -0.2372 -0.3977 -0.8863
vn -0.1909 -0.4403 -0.8773
vn -0.3021 -0.3649 -0.8806
vn -0.2573 -0.4093 -0.8754
vn -0.3358 -0.3731 -0.8649
vn -0.1667 -0.2329 -0.9581
vn -0.1255 -0.2750 -0.9532
vn -0.1593 -0.2262 -0.9610
vn -0.2798 -0.3953 -0.8749
vn -0.2147 -0.2481 -0.9447
vn -0.1922 -0.2278 -0.9546
vn -0.1029 -0.2817 -0.9540
vn -0.0821 -0.0589 -0.9949
vn -0.0829 -0.0628 -0.9946
vn -0.0850 -0.1722 -0.9814
vn -0.6995 -0.7027 -0.1297
vn -0.6752 -0.6752 -0.2968
vn -0.6491 -0.6392 -0.4125
vn -0.6759 -0.6729 -0.3007
vn -0.7139 -0.6772 -0.1782
vn -0.6789 -0.6714 -0.2971
vn -0.6793 -0.6711 -0.2971
vn -0.6198 -0.6488 -0.4416
vn -0.6786 -0.6736 -0.2928
vn -0.6752 -0.6752 -0.2968
vn -0.6952 -0.7106 -0.1082
vn -0.6752 -0.6752 -0.2968
vn -0.6752 -0.6752 -0.2968
vn -0.6967 -0.6967 -0.1709
vn -0.6752 -0.6752 -0.2968
vn -0.6962 -0.6957 -0.1770
vn -0.5805 -0.5807 -0.5707
vn -0.6209 -0.6213 -0.4780
vn -0.5817 -0.5843 -0.5658
vn -0.6228 -0.6223 -0.4742
vn -0.5858 -0.5857 -0.5602
vn -0.6214 -0.6214 -0.4772
vn -0.4697 -0.4718 -0.7462
vn -0.4684 -0.4706 -0.7477
vn -0.3483 -0.3495 -0.8698
vn -0.2239 -0.2203 -0.9494
vn -0.2976 -0.2833 -0.9117
vn -0.2069 -0.2122 -0.9551
vn -0.3450 -0.3450 -0.8729
vn -0.2345 -0.2340 -0.9435
vn -0.3434 -0.3433 -0.8742
vn -0.0726 -0.0731 -0.9947
vn -0.2014 -0.2014 -0.9586
vn -0.0712 -0.0707 -0.9950
vn -0.0768 -0.0750 -0.9942
vn -0.2032 -0.2038 -0.9577
vn -0.0710 -0.0710 -0.9949
vn -0.1956 -0.1955 -0.9610
vn -0.1269 -0.1275 -0.9837
vn -0.9977 -0.0000 -0.0681
vn -0.9727 -0.0000 -0.2321
vn -0.9549 -0.0000 -0.2968
vn -0.9728 -0.0000 -0.2318
vn -0.9458 0.0000 -0.3248
vn -0.8136 -0.0001 -0.5815
vn -0.5038 -0.0000 -0.8638
vn -0.4628 -0.0001 -0.8865
vn -0.2968 -0.0000 -0.9549
vn -0.4535 0.0004 -0.8912
vn -0.5396 -0.0010 -0.8419
vn -0.1644 -0.0000 -0.9864
vn -0.0802 0.0000 -0.9968
vn -0.1325 0.0011 -0.9912
vn -0.1661 0.0007 -0.9861
vn -0.4322 -0.0007 -0.9018
vn -0.1756 -0.0000 -0.9845
vn -0.0341 -0.9954 -0.0892
vn -0.0026 -0.9990 -0.0442
vn -0.0026 -0.9990 -0.0442
vn -0.0017 -0.9993 -0.0378
vn -0.0000 -1.0000 -0.0000
vn 0.0000 -0.9549 -0.2968
vn -0.0342 -0.9544 -0.2965
vn 0.0000 -0.9549 -0.2968
vn -0.0000 -0.9549 -0.2968
vn -0.0284 -0.9477 -0.3180
vn -0.0889 -0.9837 -0.1563
vn -0.0505 -0.9531 -0.2983
vn -0.0065 -0.9858 -0.1679
vn -0.0000 -0.9549 -0.2968
vn -0.0247 -0.9987 -0.0444
vn -0.0155 -0.9548 -0.2967
vn 0.0063 -0.9858 -0.1680
vn -0.0022 -0.9668 -0.2556
vn -0.0010 -0.9927 -0.1203
vn -0.0000 -0.9949 -0.1005
vn -0.0336 -0.9944 -0.1003
vn 0.0011 -0.9927 -0.1203
vn 0.0065 -0.9667 -0.2556
vn -0.0000 -0.9949 -0.1005
vn -0.0000 -0.9767 -0.2147
vn -0.0000 -0.9949 -0.1005
vn -0.0000 -0.9949 -0.1005
vn 0.0000 -0.9949 -0.1005
vn -0.0000 -0.9949 -0.1005
vn -0.0336 -0.9944 -0.1003
vn -0.0000 -0.9949 -0.1005
vn -0.0000 -0.9949 -0.1005
vn -0.0000 -0.9767 -0.2147
vn -0.0000 -0.9949 -0.1005
vn -0.0000 -0.7934 -0.6087
vn -0.0000 -0.8787 -0.4773
vn 0.0000 -0.7931 -0.6091
vn -0.0000 -0.8787 -0.4773
vn -0.0008 -0.8716 -0.4902
vn 0.0028 -0.7598 -0.6502
vn 0.0000 -0.8787 -0.4773
vn -0.0286 -0.8747 -0.4838
vn -0.0019 -0.8752 -0.4838
vn -0.0168 -0.8647 -0.5019
vn -0.0811 -0.8840 -0.4605
vn -0.0000 -0.8787 -0.4773
vn -0.0025 -0.8863 -0.4631
vn -0.0342 -0.9539 -0.2982
vn -0.0053 -0.8863 -0.4631
vn 0.0000 -0.8787 -0.4773
vn -0.0001 -0.7517 -0.6595
vn -0.0001 -0.5289 -0.8487
vn -0.0001 -0.2958 -0.9552
vn -0.0001 -0.1616 -0.9869
vn -0.0000 -0.0997 -0.9950
vn 0.0000 -0.0000 -1.0000
vn 0.0000 0.0000 -1.0000
vn -0.0000 0.0000 -1.0000
vn 0.0000 -1.0000 0.0029
vn 0.0000 -1.0000 0.0029
vn -0.0014 -1.0000 -0.0000
vn -0.0000 0.0000 -1.0000
vn 0.9995 -0.0000 0.0308
vn 0.9757 -0.2193 0.0000
vn 0.9890 -0.1482 -0.0001
vn 0.9756 -0.2198 -0.0006
vn 0.9541 -0.2995 0.0001
vn 0.9250 -0.3799 -0.0005
vn 0.9545 -0.2981 -0.0005
vn 0.9764 -0.2139 0.0301
vn 0.9663 -0.2569 0.0176
vn 0.8878 -0.4603 0.0006
vn 0.8447 -0.5353 -0.0005
vn 0.8891 -0.4578 -0.0006
vn 0.8131 -0.5822 0.0001
vn 0.8457 -0.5337 -0.0004
vn 0.8895 -0.4569 0.0007
vn 0.8452 -0.5345 0.0009
vn 0.9550 -0.2967 -0.0009
vn 0.9263 -0.3768 -0.0008
vn 0.9552 -0.2958 0.0003
vn 0.9630 -0.2696 -0.0006
vn 0.9263 -0.3768 -0.0008
vn 0.9547 -0.2975 0.0003
vn 0.9253 -0.3793 0.0005
vn 0.6107 -0.7919 0.0001
vn 0.6722 -0.7404 0.0000
vn 0.6105 -0.7920 -0.0002
vn 0.5394 -0.8421 0.0001
vn 0.4624 -0.8867 -0.0001
vn 0.5399 -0.8417 -0.0002
vn 0.6414 -0.7670 0.0188
vn 0.6023 -0.7982 0.0049
vn 0.3816 -0.9243 0.0004
vn 0.3006 -0.9537 -0.0001
vn 0.3829 -0.9238 -0.0002
vn 0.2119 -0.9773 -0.0001
vn 0.3015 -0.9535 -0.0001
vn 0.3833 -0.9236 0.0004
vn 0.3010 -0.9536 0.0005
vn 0.5406 -0.8413 -0.0004
vn 0.4640 -0.8858 -0.0003
vn 0.5410 -0.8410 0.0003
vn 0.5995 -0.8004 0.0001
vn 0.4641 -0.8858 -0.0003
vn 0.5402 -0.8416 0.0003
vn 0.4628 -0.8865 0.0004
vn 0.7053 -0.7085 0.0261
vn 0.0000 -0.2949 -0.9555
vn 0.4086 -0.0001 0.9127
vn 0.3815 -0.9244 0.0001
vn 0.3003 -0.9538 -0.0000
vn 0.3818 -0.9243 -0.0000
vn 0.2119 -0.9773 -0.0000
vn 0.3005 -0.9538 -0.0000
vn 0.3819 -0.9242 0.0001
vn 0.3004 -0.9538 0.0001
vn 0.5393 -0.8421 -0.0001
vn 0.4624 -0.8867 -0.0000
vn 0.5394 -0.8420 0.0000
vn 0.6104 -0.7921 -0.0001
vn 0.6722 -0.7404 0.0000
vn 0.6103 -0.7922 0.0000
vn 0.4624 -0.8867 -0.0000
vn 0.5392 -0.8422 0.0000
vn 0.4621 -0.8869 0.0001
vn 0.2119 -0.9773 -0.0000
vn 0.3003 -0.9538 -0.0000
vn 0.3815 -0.9244 0.0000
vn 0.3001 -0.9539 0.0000
vn 0.2195 -0.9756 -0.0022
vn 0.4629 -0.8864 -0.0004
vn 0.5408 -0.8412 -0.0003
vn 0.4653 -0.8852 0.0003
vn 0.5675 -0.8234 0.0002
vn 0.5423 -0.8402 -0.0003
vn 0.4653 -0.8852 0.0003
vn 0.5415 -0.8407 0.0004
vn 0.3012 -0.9536 -0.0006
vn 0.3843 -0.9232 -0.0005
vn 0.3019 -0.9533 0.0001
vn 0.2220 -0.9750 0.0000
vn 0.3834 -0.9236 0.0002
vn 0.3003 -0.9539 0.0001
vn 0.3809 -0.9246 -0.0005
vn 0.5795 -0.8149 -0.0105
vn 0.6195 -0.7848 -0.0184
vn 0.6005 -0.7996 0.0094
vn 0.4817 -0.8761 0.0193
vn 0.5236 -0.8518 -0.0158
vn 0.6105 -0.7920 0.0003
vn 0.6722 -0.7404 -0.0000
vn 0.5402 -0.8416 0.0002
vn 0.6109 -0.7917 -0.0001
vn 0.4738 -0.8806 -0.0095
vn 0.5933 -0.8047 -0.0189
vn 0.5551 -0.8316 0.0157
vn 0.0710 -0.0763 0.9946
vn 0.0000 0.0000 1.0000
vn 1.0000 0.0000 -0.0079
vn 0.9773 -0.2118 0.0019
vn 0.9858 -0.1679 -0.0050
vn 0.9546 -0.2974 -0.0164
vn 0.9747 -0.2188 0.0463
vn 0.9481 -0.3178 -0.0000
vn 0.9134 -0.4064 -0.0244
vn 0.9757 -0.2191 -0.0000
vn 0.9548 -0.2974 0.0001
vn 0.9757 -0.2192 0.0001
vn 0.9889 -0.1484 0.0000
vn 0.9548 -0.2971 0.0001
vn 0.9757 -0.2191 -0.0000
vn 0.9547 -0.2972 0.0164
vn 0.9250 -0.3768 0.0490
vn 0.9481 -0.3178 -0.0000
vn 0.9684 -0.2483 -0.0230
vn 0.9261 -0.3772 0.0001
vn 0.9548 -0.2973 -0.0000
vn 0.8896 -0.4567 0.0001
vn 0.8462 -0.5329 0.0001
vn 0.8892 -0.4575 -0.0001
vn 0.7976 -0.6032 0.0000
vn 0.7342 -0.6790 0.0000
vn 0.7975 -0.6034 -0.0002
vn 0.8459 -0.5334 0.0001
vn 0.8892 -0.4575 -0.0001
vn 0.8460 -0.5331 -0.0001
vn 0.9546 -0.2978 0.0002
vn 0.9258 -0.3781 0.0001
vn 0.9546 -0.2980 -0.0000
vn 0.9756 -0.2196 0.0002
vn 0.9889 -0.1484 0.0000
vn 0.9757 -0.2193 -0.0000
vn 0.9259 -0.3779 -0.0001
vn 0.9547 -0.2975 -0.0000
vn 0.9262 -0.3771 0.0001
vn 0.7047 -0.7092 -0.0237
vn -0.0015 -1.0000 -0.0007
vn -0.0062 -1.0000 -0.0023
vn -0.0277 -0.9981 -0.0556
vn -0.0000 -1.0000 0.0007
vn 0.0000 -1.0000 -0.0033
vn 0.0042 -0.9998 -0.0196
vn 0.0000 -1.0000 0.0000
vn 0.9961 0.0680 0.0555
vn 1.0000 0.0000 0.0000
vn 1.0000 -0.0000 0.0000
vn 1.0000 0.0000 0.0000
vn 1.0000 0.0000 0.0000
vn 1.0000 0.0000 0.0000
vn 1.0000 0.0000 0.0000
vn 1.0000 0.0000 0.0000
vn 1.0000 0.0000 0.0000
vn 1.0000 0.0000 -0.0000
vn 1.0000 0.0000 0.0000
vn 1.0000 0.0000 0.0000
vn -0.0000 -0.4391 0.8984
vn 0.0000 0.0000 -1.0000
vn 0.0000 -0.5582 -0.8297
vn -0.0000 -0.0336 0.9994
vn 0.0000 -0.0087 -1.0000
vn -0.0000 -0.7006 0.7136
vn -0.0000 -0.8380 0.5457
vn -0.0000 -0.9444 0.3287
vn -0.0000 -0.9969 0.0783
vn -0.0000 -0.9847 -0.1743
vn -0.0000 -0.9169 -0.3990
vn -0.0000 -0.8144 -0.5803
vn 0.9771 0.0713 0.2007
vn 0.8872 0.0671 0.4565
vn 0.5993 0.0605 0.7982
vn 0.4045 0.0531 0.9130
vn 0.3155 0.0487 0.9477
vn 0.2586 0.0427 0.9650
vn 0.1699 0.0274 0.9851
vn 0.9799 -0.0067 0.1995
vn 0.9046 -0.0143 0.4261
vn 0.8126 -0.0156 0.5827
vn 0.7055 -0.0094 0.7087
vn 0.5798 -0.0038 0.8148
vn 0.2839 -0.0156 0.9587
vn 0.1624 -0.0224 0.9865
vn 0.1996 -0.0085 -0.9798
vn 0.4263 -0.0079 -0.9045
vn 0.5823 -0.0071 -0.8129
vn 0.7071 -0.0062 -0.7071
vn 0.8130 -0.0051 -0.5823
vn 0.9046 -0.0037 -0.4263
vn 0.9799 -0.0017 -0.1996
vn 0.1996 -0.2889 -0.9363
vn 0.4264 -0.2667 -0.8643
vn 0.5823 -0.2397 -0.7768
vn 0.7071 -0.2085 -0.6757
vn 0.8130 -0.1717 -0.5564
vn 0.9046 -0.1257 -0.4074
vn 0.9799 -0.0589 -0.1907
vn 0.1996 -0.5470 -0.8130
vn 0.4263 -0.5049 -0.7505
vn 0.5823 -0.4538 -0.6745
vn 0.7071 -0.3947 -0.5867
vn 0.8130 -0.3251 -0.4831
vn 0.9046 -0.2380 -0.3537
vn 0.9799 -0.1114 -0.1656
vn 0.1996 -0.7980 -0.5686
vn 0.4264 -0.7367 -0.5249
vn 0.5823 -0.6621 -0.4718
vn 0.7071 -0.5759 -0.4103
vn 0.8130 -0.4742 -0.3379
vn 0.9046 -0.3472 -0.2474
vn 0.9799 -0.1626 -0.1158
vn 0.1996 -0.8985 -0.3910
vn 0.4264 -0.8294 -0.3610
vn 0.5823 -0.7454 -0.3244
vn 0.7071 -0.6484 -0.2822
vn 0.8130 -0.5339 -0.2324
vn 0.9046 -0.3909 -0.1701
vn 0.9799 -0.1830 -0.0797
vn 0.1996 -0.9649 -0.1709
vn 0.4263 -0.8907 -0.1577
vn 0.5823 -0.8005 -0.1418
vn 0.7071 -0.6963 -0.1233
vn 0.8130 -0.5734 -0.1015
vn 0.9046 -0.4198 -0.0743
vn 0.9799 -0.1966 -0.0348
vn 0.1996 -0.9769 0.0768
vn 0.4264 -0.9018 0.0709
vn 0.5823 -0.8105 0.0637
vn 0.7071 -0.7050 0.0554
vn 0.8130 -0.5805 0.0456
vn 0.9046 -0.4250 0.0334
vn 0.9799 -0.1990 0.0156
vn 0.1996 -0.9254 0.3221
vn 0.4263 -0.8543 0.2973
vn 0.5823 -0.7678 0.2672
vn 0.7071 -0.6678 0.2324
vn 0.8130 -0.5500 0.1914
vn 0.9046 -0.4027 0.1401
vn 0.9799 -0.1885 0.0656
vn 0.1996 -0.8211 0.5347
vn 0.4263 -0.7580 0.4936
vn 0.5823 -0.6813 0.4436
vn 0.7071 -0.5926 0.3859
vn 0.8130 -0.4880 0.3178
vn 0.9046 -0.3573 0.2327
vn 0.9799 -0.1673 0.1089
vn 0.1996 -0.6865 0.6992
vn 0.4263 -0.6337 0.6455
vn 0.5823 -0.5696 0.5801
vn 0.7071 -0.4954 0.5046
vn 0.8130 -0.4080 0.4155
vn 0.9046 -0.2987 0.3042
vn 0.9799 -0.1398 0.1424
vn 0.9799 -0.0877 0.1793
vn 0.9046 -0.1872 0.3830
vn 0.8130 -0.2557 0.5232
vn 0.7071 -0.3105 0.6353
vn 0.5823 -0.3570 0.7304
vn 0.4263 -0.3972 0.8127
vn 0.1996 -0.4303 0.8804
vn 0.0368 0.0328 0.9988
vn 0.1137 -0.0644 0.9914
vn 0.4127 -0.2244 0.8828
vn 0.5540 -0.3137 0.7711
vn 0.6047 -0.2395 0.7596
vn 0.5390 -0.2985 0.7876
vn 0.7271 -0.4055 0.5540
vn 0.7457 -0.3172 0.5859
vn 0.7882 -0.2584 0.5585
vn 0.7463 -0.3189 0.5843
vn 0.7975 -0.2132 0.5644
vn 0.6046 -0.1883 0.7740
vn 0.7771 -0.2466 0.5790
vn 0.6983 -0.3761 0.6090
vn 0.8360 -0.4787 0.2683
vn 0.8696 -0.3615 0.3364
vn 0.9110 -0.2904 0.2928
vn 0.8956 -0.3256 0.3033
vn 0.8674 -0.4797 0.1325
vn 0.9317 -0.2105 0.2960
vn 0.9052 -0.2816 0.3182
vn 0.6809 -0.2442 0.6905
vn 0.8895 -0.3151 0.3310
vn 0.9046 -0.2799 0.3214
vn 0.8173 -0.4501 0.3598
vn 0.9211 -0.3784 0.0919
vn 0.9477 -0.3023 0.1023
vn 0.9176 -0.3836 0.1044
vn 0.9653 -0.2054 0.1611
vn 0.9513 -0.2904 0.1036
vn 0.9188 -0.3840 0.0917
vn 0.9419 -0.3002 0.1507
vn 0.8372 -0.5356 0.1101
vn 0.8797 -0.4633 0.1067
vn 0.8387 -0.5362 0.0947
vn 0.8339 -0.5410 0.1092
vn 0.8797 -0.4633 0.1069
vn 0.8406 -0.5332 0.0951
vn 0.8841 -0.4579 0.0931
vn 0.9699 -0.2220 0.1005
vn 0.9513 -0.2159 0.2202
vn 0.9477 -0.3023 0.1022
vn 0.9210 -0.3784 0.0922
vn 0.9503 -0.2977 0.0913
vn 0.9739 -0.1806 0.1378
vn 0.9748 -0.2104 0.0741
vn 0.0538 -0.0875 0.9947
vn 0.1910 -0.3559 0.9148
vn 0.0389 -0.1528 0.9875
vn 0.2455 -0.3289 0.9119
vn 0.2988 -0.3297 0.8956
vn 0.3674 -0.5463 0.7527
vn 0.3952 -0.4938 0.7746
vn 0.3453 -0.5358 0.7705
vn 0.2807 -0.6163 0.7358
vn 0.2144 -0.6865 0.6948
vn 0.1535 -0.7556 0.6368
vn 0.2225 -0.6931 0.6856
vn 0.2918 -0.6258 0.7233
vn 0.3764 -0.4767 0.7944
vn 0.3918 -0.5681 0.7237
vn 0.4587 -0.7051 0.5408
vn 0.3238 -0.8272 0.4593
vn 0.3859 -0.7788 0.4945
vn 0.3034 -0.8192 0.4866
vn 0.2688 -0.8886 0.3716
vn 0.1571 -0.9418 0.2971
vn 0.2323 -0.8656 0.4436
vn 0.3827 -0.7765 0.5006
vn 0.3239 -0.8272 0.4591
vn 0.3890 -0.7776 0.4940
vn 0.4562 -0.7028 0.5458
vn 0.5111 -0.8189 0.2609
vn 0.2954 -0.9400 0.1707
vn 0.3618 -0.9116 0.1950
vn 0.3117 -0.7481 0.5859
vn 0.3126 -0.9407 0.1314
vn 0.2117 -0.9733 0.0887
vn 0.2813 -0.9328 0.2255
vn 0.4413 -0.8472 0.2959
vn 0.3835 -0.9157 0.1204
vn 0.3168 -0.9440 0.0925
vn 0.4719 -0.8469 0.2451
vn 0.3972 -0.9174 0.0259
vn 0.5153 -0.8208 0.2463
vn 0.5480 -0.8316 0.0898
vn 0.4596 -0.8879 0.0188
vn 0.5535 -0.8321 0.0359
vn 0.5397 -0.8372 0.0881
vn 0.4932 -0.8615 -0.1207
vn 0.4130 -0.9107 0.0000
vn 0.5433 -0.8329 0.1057
vn 0.5119 -0.8521 0.1090
vn 0.4202 -0.9028 0.0919
vn 0.5147 -0.8515 0.1000
vn 0.3007 -0.9537 -0.0031
vn 0.3771 -0.9261 0.0104
vn 0.2963 -0.9550 0.0125
vn 0.2489 -0.9685 0.0043
vn 0.3770 -0.9261 0.0106
vn 0.3007 -0.9537 -0.0031
vn 0.3831 -0.9237 -0.0056
vn 0.5459 -0.8360 0.0563
vn 0.5064 -0.8623 0.0003
vn 0.4862 -0.8211 0.2992
vn 0.4642 -0.8857 -0.0082
vn 0.5914 -0.8037 0.0658
vn 0.5378 -0.8377 -0.0946
vn 0.5675 -0.8234 -0.0049
vn 0.0311 -0.0298 0.9991
vn 0.1761 -0.1803 0.9677
vn 0.2933 -0.3009 0.9074
vn 0.4136 -0.4208 0.8074
vn 0.5557 -0.5620 0.6127
vn 0.6661 -0.6711 0.3256
vn 0.7047 -0.7092 0.0201
vn 0.0375 0.0002 0.9993
vn 0.1627 0.0015 0.9867
vn 0.4287 0.0028 0.9034
vn 0.7110 0.0030 0.7032
vn 0.8787 0.0007 0.4773
vn 0.7677 -0.0001 0.6408
vn 0.9453 0.0004 0.3261
vn 0.9949 0.0000 0.1005
vn 0.0127 -0.9935 0.1127
vn 0.0383 -0.9542 0.2966
vn 0.0540 -0.8439 0.5337
vn 0.0853 -0.8526 0.5155
vn -0.0215 -0.8552 0.5179
vn 0.0835 -0.8422 0.5327
vn 0.0556 -0.8537 0.5177
vn -0.0071 0.0692 0.9976
vn 0.0825 -0.7969 0.5984
vn 0.0604 -0.6874 0.7237
vn 0.0266 -0.3337 0.9423
vn 0.0313 -0.3395 0.9401
vn 0.0099 -0.1816 0.9833
vn 0.0562 -0.2605 0.9638
vn -0.0000 -0.9549 0.2968
vn -0.0000 -0.9936 0.1127
vn 0.0000 -0.9549 0.2968
vn -0.0000 -0.8551 0.5185
vn 0.0002 -0.6874 0.7263
vn 0.0089 -0.2434 0.9699
vn 0.0190 -0.2495 0.9682
vn 0.0199 -0.1358 0.9905
vn 0.0221 -0.3170 0.9482
vn -0.0000 -0.9549 0.2968
vn 0.0000 -0.9936 0.1127
vn -0.0000 -0.9549 0.2968
vn 0.0000 -0.8551 0.5185
vn -0.0000 -0.6887 0.7250
vn -0.0004 -0.3338 0.9427
vn -0.0009 -0.3397 0.9405
vn -0.0009 -0.1816 0.9834
vn -0.0008 -0.2609 0.9654
vn 0.0032 -0.9987 0.0501
vn 0.0121 -0.9549 0.2968
vn -0.0008 -0.9936 0.1127
vn 0.0046 -0.9243 0.3816
vn 0.0058 -0.9548 0.2971
vn 0.0614 -0.9531 0.2963
vn -0.0001 -0.9243 0.3816
vn -0.0055 -0.8551 0.5185
vn 0.0005 -0.7490 0.6626
vn 0.0100 -0.7708 0.6370
vn 0.0608 -0.7694 0.6358
vn 0.0068 -0.7490 0.6625
vn -0.0080 -0.6874 0.7262
vn 0.0101 -0.2434 0.9699
vn -0.0134 -0.2495 0.9683
vn -0.0311 -0.1357 0.9903
vn -0.0210 -0.3170 0.9482
vn 0.9124 -0.3987 -0.0922
vn 0.8624 -0.4827 -0.1523
vn 0.8420 -0.5299 -0.1016
vn 0.8864 -0.4524 -0.0982
vn 0.7941 -0.5994 -0.1008
vn 0.7379 -0.6674 -0.1005
vn 0.7946 -0.5991 -0.0986
vn 0.8429 -0.5284 -0.1016
vn 0.8864 -0.4524 -0.0982
vn 0.8426 -0.5294 -0.0983
vn 0.9499 -0.2944 -0.1051
vn 0.9222 -0.3726 -0.1036
vn 0.9508 -0.2935 -0.0991
vn 0.9623 -0.2521 -0.1024
vn 0.9218 -0.3768 -0.0910
vn 0.9499 -0.2964 -0.0993
vn 0.9171 -0.3848 -0.1043
vn 0.7407 -0.6592 -0.1292
vn 0.7923 -0.6045 -0.0828
vn 0.8425 -0.5274 -0.1098
vn 0.8047 -0.5914 -0.0529
vn 0.8558 -0.5153 -0.0457
vn 0.8925 -0.4452 0.0725
vn 0.8500 -0.5219 0.0716
vn 0.8692 -0.4925 -0.0449
vn 0.8060 -0.5895 -0.0528
vn 0.8175 -0.4800 -0.3182
vn 0.8517 -0.4727 -0.2263
vn 0.8069 -0.4968 -0.3194
vn 0.8759 -0.3462 -0.3362
vn 0.8312 -0.3988 -0.3875
vn 0.7349 -0.5292 -0.4242
vn 0.6521 -0.5890 -0.4773
vn 0.7033 -0.5274 -0.4768
vn 0.7454 -0.4640 -0.4787
vn 0.7859 -0.3981 -0.4732
vn 0.7564 -0.4991 -0.4228
vn 0.9090 -0.2811 -0.3077
vn 0.8784 -0.2953 -0.3757
vn 0.7642 -0.2861 -0.5781
vn 0.8838 -0.2815 -0.3738
vn 0.9330 -0.2055 -0.2955
vn 0.8256 -0.4453 -0.3466
vn 0.8919 -0.3536 -0.2819
vn 0.9109 -0.2890 -0.2947
vn 0.8792 -0.3660 -0.3050
vn 0.7262 -0.6083 -0.3204
vn 0.6637 -0.6359 -0.3939
vn 0.7454 -0.5852 -0.3193
vn 0.7084 -0.6405 -0.2965
vn 0.7050 -0.6864 -0.1784
vn 0.7083 -0.6406 -0.2964
vn 0.7085 -0.6404 -0.2964
vn 0.6962 -0.5673 -0.4398
vn 0.7084 -0.6405 -0.2966
vn 0.8089 -0.5099 -0.2927
vn 0.8482 -0.4414 -0.2927
vn 0.8045 -0.5129 -0.2995
vn 0.7621 -0.5925 -0.2610
vn 0.7262 -0.6717 -0.1467
vn 0.7336 -0.6268 -0.2626
vn 0.7612 -0.5762 -0.2975
vn 0.6706 -0.3823 -0.6357
vn 0.7704 -0.4079 -0.4900
vn 0.6537 -0.4065 -0.6382
vn 0.7025 -0.3182 -0.6365
vn 0.7715 -0.3369 -0.5397
vn 0.6677 -0.3388 -0.6629
vn 0.6299 -0.4460 -0.6359
vn 0.6558 -0.4035 -0.6380
vn 0.6942 -0.3465 -0.6310
vn 0.6581 -0.4078 -0.6329
vn 0.7989 -0.2851 -0.5296
vn 0.7389 -0.2532 -0.6245
vn 0.6375 -0.4695 -0.6108
vn 0.6763 -0.5583 -0.4805
vn 0.6430 -0.4713 -0.6037
vn 0.7592 -0.4173 -0.4995
vn 0.6390 -0.3804 -0.6686
vn 0.7684 -0.4030 -0.4972
vn 0.7315 -0.4900 -0.4741
vn 0.6414 -0.4648 -0.6104
vn 0.7542 -0.4754 -0.4530
vn 0.6801 -0.5583 -0.4752
vn 0.6382 -0.5460 -0.5428
vn 0.6808 -0.5259 -0.5099
vn 0.6303 -0.5825 -0.5133
vn 0.5587 -0.3230 -0.7639
vn 0.5153 -0.3741 -0.7710
vn 0.5495 -0.3015 -0.7792
vn 0.5902 -0.2488 -0.7680
vn 0.5272 -0.3902 -0.7548
vn 0.5272 -0.2818 -0.8016
vn 0.5451 -0.3700 -0.7523
vn 0.5299 -0.4072 -0.7439
vn 0.4155 -0.2499 -0.8746
vn 0.3678 -0.2998 -0.8802
vn 0.4056 -0.2293 -0.8848
vn 0.4379 -0.1593 -0.8848
vn 0.4859 -0.1020 -0.8680
vn 0.4529 -0.1762 -0.8740
vn 0.3677 -0.2998 -0.8803
vn 0.4156 -0.2500 -0.8745
vn 0.3729 -0.3256 -0.8689
vn 0.2333 -0.1649 -0.9583
vn 0.3002 -0.0970 -0.9489
vn 0.2271 -0.1577 -0.9610
vn 0.3030 -0.2780 -0.9115
vn 0.2287 -0.1911 -0.9545
vn 0.0721 -0.0340 -0.9968
vn 0.0844 -0.0559 -0.9949
vn 0.2554 -0.1483 -0.9554
vn 0.0773 -0.0649 -0.9949
vn 0.0808 -0.0711 -0.9942
vn 0.1733 -0.0827 -0.9814
vn 0.6071 -0.7928 -0.0540
vn 0.4924 -0.8691 -0.0469
vn 0.5258 -0.8458 0.0902
vn 0.4741 -0.8792 -0.0463
vn 0.6064 -0.7933 -0.0540
vn 0.5320 -0.8380 -0.1210
vn 0.6154 -0.7850 -0.0710
vn 0.6649 -0.7383 -0.1131
vn 0.3912 -0.9144 -0.1042
vn 0.3033 -0.9477 -0.0997
vn 0.3843 -0.9185 -0.0928
vn 0.2226 -0.9697 -0.1005
vn 0.1308 -0.9867 -0.0964
vn 0.2214 -0.9696 -0.1039
vn 0.3007 -0.9485 -0.0996
vn 0.3808 -0.9188 -0.1036
vn 0.3015 -0.9477 -0.1050
vn 0.5375 -0.8374 -0.0989
vn 0.4608 -0.8820 -0.0988
vn 0.5367 -0.8376 -0.1017
vn 0.6070 -0.7885 -0.0992
vn 0.6683 -0.7370 -0.1005
vn 0.6072 -0.7881 -0.1009
vn 0.4608 -0.8820 -0.0988
vn 0.5379 -0.8368 -0.1017
vn 0.4593 -0.8830 -0.0962
vn 0.6321 -0.7200 -0.2865
vn 0.6323 -0.7199 -0.2862
vn 0.6696 -0.7345 -0.1099
vn 0.5943 -0.7522 -0.2846
vn 0.6408 -0.7013 -0.3123
vn 0.6212 -0.6445 -0.4458
vn 0.6270 -0.7209 -0.2953
vn 0.6420 -0.7073 -0.2959
vn 0.7304 -0.6588 -0.1802
vn 0.6420 -0.7064 -0.2981
vn 0.6408 -0.7078 -0.2972
vn 0.5213 -0.8014 -0.2933
vn 0.4499 -0.8435 -0.2933
vn 0.5149 -0.8031 -0.2999
vn 0.5822 -0.7298 -0.3585
vn 0.5893 -0.6522 -0.4768
vn 0.5978 -0.7166 -0.3594
vn 0.5823 -0.7564 -0.2980
vn 0.3750 -0.8708 -0.3180
vn 0.2966 -0.9042 -0.3074
vn 0.3653 -0.8246 -0.4320
vn 0.3604 -0.8857 -0.2927
vn 0.2168 -0.9075 -0.3598
vn 0.1310 -0.9448 -0.3004
vn 0.2426 -0.9160 -0.3196
vn 0.2647 -0.8391 -0.4753
vn 0.3322 -0.8100 -0.4833
vn 0.2608 -0.8931 -0.3666
vn 0.5374 -0.7142 -0.4484
vn 0.4430 -0.7283 -0.5228
vn 0.4055 -0.7817 -0.4739
vn 0.4714 -0.7403 -0.4793
vn 0.5342 -0.6979 -0.4770
vn 0.5891 -0.6521 -0.4772
vn 0.5345 -0.7164 -0.4483
vn 0.4551 -0.8029 -0.3851
vn 0.4052 -0.7540 -0.5170
vn 0.4080 -0.8629 -0.2983
vn 0.3083 -0.8511 -0.4248
vn 0.4115 -0.8441 -0.3438
vn 0.4396 -0.8259 -0.3530
vn 0.5271 -0.8050 -0.2723
vn 0.4753 -0.8476 -0.2360
vn 0.4871 -0.7971 -0.3568
vn 0.4958 -0.6590 -0.5657
vn 0.5891 -0.6523 -0.4768
vn 0.5347 -0.6425 -0.5489
vn 0.4106 -0.6580 -0.6312
vn 0.4814 -0.7035 -0.5227
vn 0.3819 -0.6556 -0.6514
vn 0.5555 -0.6412 -0.5294
vn 0.4597 -0.6190 -0.6368
vn 0.3073 -0.7093 -0.6344
vn 0.2370 -0.6961 -0.6777
vn 0.1771 -0.7496 -0.6378
vn 0.2264 -0.7248 -0.6507
vn 0.3235 -0.7601 -0.5636
vn 0.4176 -0.6518 -0.6331
vn 0.3571 -0.6879 -0.6319
vn 0.4131 -0.6486 -0.6393
vn 0.4598 -0.6190 -0.6367
vn 0.3553 -0.6787 -0.6428
vn 0.4238 -0.6852 -0.5924
vn 0.4260 -0.5154 -0.7436
vn 0.3350 -0.5500 -0.7650
vn 0.3845 -0.5058 -0.7722
vn 0.2287 -0.6052 -0.7625
vn 0.3142 -0.5386 -0.7818
vn 0.3846 -0.5059 -0.7721
vn 0.3347 -0.5497 -0.7654
vn 0.3358 -0.3731 -0.8649
vn 0.2573 -0.4093 -0.8754
vn 0.3021 -0.3649 -0.8806
vn 0.1909 -0.4403 -0.8773
vn 0.2372 -0.3977 -0.8863
vn 0.3022 -0.3650 -0.8806
vn 0.2572 -0.4092 -0.8755
vn 0.1922 -0.2278 -0.9546
vn 0.2147 -0.2481 -0.9447
vn 0.2798 -0.3953 -0.8749
vn 0.1593 -0.2262 -0.9610
vn 0.1255 -0.2750 -0.9532
vn 0.1667 -0.2329 -0.9581
vn 0.0829 -0.0628 -0.9946
vn 0.0821 -0.0589 -0.9949
vn 0.1029 -0.2817 -0.9540
vn 0.0850 -0.1722 -0.9814
vn 0.7028 -0.7023 -0.1135
vn 0.6322 -0.6319 -0.4484
vn 0.6752 -0.6752 -0.2968
vn 0.6329 -0.6325 -0.4466
vn 0.6752 -0.6752 -0.2968
vn 0.6402 -0.6497 -0.4100
vn 0.6752 -0.6752 -0.2968
vn 0.6809 -0.7101 -0.1794
vn 0.6752 -0.6752 -0.2968
vn 0.6752 -0.6752 -0.2968
vn 0.6520 -0.6131 -0.4462
vn 0.6752 -0.6752 -0.2968
vn 0.6752 -0.6752 -0.2968
vn 0.7089 -0.6948 -0.1213
vn 0.6752 -0.6752 -0.2968
vn 0.6752 -0.6752 -0.2968
vn 0.6214 -0.6214 -0.4772
vn 0.5858 -0.5857 -0.5602
vn 0.6228 -0.6223 -0.4742
vn 0.5817 -0.5843 -0.5658
vn 0.6209 -0.6213 -0.4780
vn 0.5805 -0.5807 -0.5707
vn 0.4697 -0.4718 -0.7462
vn 0.4692 -0.4710 -0.7470
vn 0.3540 -0.3540 -0.8657
vn 0.2070 -0.2069 -0.9562
vn 0.2180 -0.2210 -0.9506
vn 0.3359 -0.3375 -0.8793
vn 0.2304 -0.2315 -0.9452
vn 0.2115 -0.2073 -0.9551
vn 0.0732 -0.0736 -0.9946
vn 0.0716 -0.0715 -0.9949
vn 0.1905 -0.1915 -0.9628
vn 0.0707 -0.0712 -0.9950
vn 0.0727 -0.0737 -0.9946
vn 0.1269 -0.1275 -0.9837
vn 0.9977 -0.0000 -0.0684
vn 0.9549 -0.0000 -0.2968
vn 0.9728 -0.0000 -0.2316
vn 0.9549 -0.0000 -0.2968
vn 0.9452 -0.0001 -0.3266
vn 0.8131 -0.0001 -0.5821
vn 0.4814 -0.0010 -0.8765
vn 0.2797 -0.0007 -0.9601
vn 0.4693 0.0011 -0.8830
vn 0.3186 -0.0003 -0.9479
vn 0.2457 0.0007 -0.9693
vn 0.2968 -0.0000 -0.9549
vn 0.4534 -0.0022 -0.8913
vn 0.2968 -0.0000 -0.9549
vn 0.2460 0.0007 -0.9693
vn 0.2881 -0.0160 -0.9575
vn 0.4513 -0.0161 -0.8922
vn 0.2834 -0.0138 -0.9589
vn 0.2818 -0.0159 -0.9593
vn 0.4735 -0.0490 -0.8794
vn 0.2990 -0.0479 -0.9530
vn 0.3009 -0.0462 -0.9525
vn 0.4657 -0.0452 -0.8838
vn 0.5173 -0.0065 -0.8558
vn 0.4626 -0.0051 -0.8865
vn 0.3029 -0.0028 -0.9530
vn 0.4603 -0.0057 -0.8877
vn 0.5403 -0.0010 -0.8414
vn 0.4591 -0.0008 -0.8884
vn 0.3041 0.0016 -0.9526
vn 0.4773 -0.0000 -0.8787
vn 0.0795 -0.0000 -0.9968
vn 0.0896 -0.0004 -0.9960
vn 0.1015 -0.0016 -0.9948
vn 0.2743 -0.0065 -0.9616
vn 0.0989 -0.0003 -0.9951
vn 0.0944 0.0001 -0.9955
vn 0.1753 -0.0000 -0.9845
vn 0.0000 -0.9961 -0.0878
vn 0.0000 -0.9949 -0.1005
vn -0.0000 -0.9949 -0.1005
vn 0.0000 -0.9949 -0.1005
vn 0.0336 -0.9944 -0.1004
vn 0.0000 -0.9949 -0.1005
vn 0.0000 -0.9949 -0.1005
vn -0.0006 -0.9961 -0.0878
vn 0.0000 -1.0000 0.0000
vn 0.0000 -0.9961 -0.0882
vn -0.0000 -0.9549 -0.2968
vn 0.0000 -0.9549 -0.2968
vn -0.0000 -0.9549 -0.2968
vn 0.0000 -0.9549 -0.2968
vn 0.0341 -0.9544 -0.2966
vn -0.0000 -0.9549 -0.2968
vn -0.0000 -0.9549 -0.2968
vn -0.0000 -0.9549 -0.2968
vn -0.0022 -0.9668 -0.2557
vn -0.0000 -0.9949 -0.1005
vn -0.0000 -0.9767 -0.2146
vn 0.0044 -0.9549 -0.2968
vn -0.0000 -0.8787 -0.4773
vn 0.0053 -0.8863 -0.4631
vn 0.0342 -0.9539 -0.2982
vn 0.0025 -0.8863 -0.4631
vn 0.0000 -0.8787 -0.4773
vn 0.0811 -0.8840 -0.4605
vn 0.0168 -0.8647 -0.5019
vn 0.0019 -0.8752 -0.4838
vn 0.0286 -0.8747 -0.4838
vn -0.0000 -0.8787 -0.4773
vn -0.0028 -0.7598 -0.6502
vn 0.0008 -0.8716 -0.4902
vn 0.0000 -0.8787 -0.4773
vn -0.0000 -0.7931 -0.6091
vn 0.0000 -0.8787 -0.4773
vn 0.0000 -0.7934 -0.6087
vn 0.0001 -0.7517 -0.6595
vn 0.0001 -0.5289 -0.8487
vn 0.0001 -0.2958 -0.9552
vn 0.0001 -0.1616 -0.9869
vn 0.0000 -0.0997 -0.9950
vn -0.0000 -0.0000 -1.0000
vn -0.0000 0.0000 -1.0000
vn 0.0000 0.0000 -1.0000
vn 0.0000 1.0000 0.0029
vn -0.0000 1.0000 0.0029
vn 0.0014 1.0000 0.0000
vn 0.0000 -0.0000 -1.0000
vn -0.9995 0.0000 0.0308
vn -0.9757 0.2193 0.0000
vn -0.9890 0.1482 -0.0001
vn -0.9756 0.2198 -0.0006
vn -0.9541 0.2995 0.0001
vn -0.9250 0.3799 -0.0005
vn -0.9545 0.2981 -0.0005
vn -0.9764 0.2139 0.0301
vn -0.9663 0.2569 0.0176
vn -0.8878 0.4603 0.0006
vn -0.8447 0.5353 -0.0005
vn -0.8891 0.4578 -0.0006
vn -0.8131 0.5822 0.0001
vn -0.8457 0.5337 -0.0004
vn -0.8895 0.4569 0.0007
vn -0.8452 0.5345 0.0009
vn -0.9550 0.2967 -0.0009
vn -0.9263 0.3768 -0.0008
vn -0.9552 0.2958 0.0003
vn -0.9630 0.2696 -0.0006
vn -0.9263 0.3768 -0.0008
vn -0.9547 0.2975 0.0003
vn -0.9253 0.3793 0.0005
vn -0.6107 0.7919 0.0001
vn -0.6722 0.7404 0.0000
vn -0.6105 0.7920 -0.0002
vn -0.5394 0.8421 0.0001
vn -0.4624 0.8867 -0.0001
vn -0.5399 0.8417 -0.0002
vn -0.6414 0.7670 0.0188
vn -0.6023 0.7982 0.0049
vn -0.3816 0.9243 0.0004
vn -0.3006 0.9537 -0.0001
vn -0.3829 0.9238 -0.0002
vn -0.2119 0.9773 -0.0001
vn -0.3015 0.9535 -0.0001
vn -0.3833 0.9236 0.0004
vn -0.3010 0.9536 0.0005
vn -0.5406 0.8413 -0.0004
vn -0.4640 0.8858 -0.0003
vn -0.5410 0.8410 0.0003
vn -0.5995 0.8004 0.0001
vn -0.4641 0.8858 -0.0003
vn -0.5402 0.8416 0.0003
vn -0.4628 0.8865 0.0004
vn -0.7053 0.7085 0.0261
vn 0.0000 0.2949 -0.9555
vn -0.4086 0.0001 0.9127
vn -0.3815 0.9244 0.0001
vn -0.3003 0.9538 -0.0000
vn -0.3818 0.9243 -0.0000
vn -0.2119 0.9773 -0.0000
vn -0.3005 0.9538 -0.0000
vn -0.3819 0.9242 0.0001
vn -0.3004 0.9538 0.0001
vn -0.5393 0.8421 -0.0001
vn -0.4624 0.8867 -0.0000
vn -0.5394 0.8420 0.0000
vn -0.6104 0.7921 -0.0001
vn -0.6722 0.7404 0.0000
vn -0.6103 0.7922 0.0000
vn -0.4624 0.8867 -0.0000
vn -0.5392 0.8422 0.0000
vn -0.4621 0.8869 0.0001
vn -0.2119 0.9773 -0.0000
vn -0.3003 0.9538 -0.0000
vn -0.3815 0.9244 0.0000
vn -0.3001 0.9539 0.0000
vn -0.2195 0.9756 -0.0022
vn -0.4629 0.8864 -0.0004
vn -0.5408 0.8412 -0.0003
vn -0.4653 0.8852 0.0003
vn -0.5675 0.8234 0.0002
vn -0.5423 0.8402 -0.0003
vn -0.4653 0.8852 0.0003
vn -0.5415 0.8407 0.0004
vn -0.3012 0.9536 -0.0006
vn -0.3843 0.9232 -0.0005
vn -0.3019 0.9533 0.0001
vn -0.2220 0.9750 0.0000
vn -0.3834 0.9236 0.0002
vn -0.3003 0.9539 0.0001
vn -0.3809 0.9246 -0.0005
vn -0.5795 0.8149 -0.0105
vn -0.6195 0.7848 -0.0184
vn -0.6005 0.7996 0.0094
vn -0.4817 0.8761 0.0193
vn -0.5236 0.8518 -0.0158
vn -0.6105 0.7920 0.0003
vn -0.6722 0.7404 -0.0000
vn -0.5402 0.8416 0.0002
vn -0.6109 0.7917 -0.0001
vn -0.4738 0.8806 -0.0095
vn -0.5933 0.8047 -0.0189
vn -0.5551 0.8316 0.0157
vn -0.0710 0.0763 0.9946
vn -0.0000 0.0000 1.0000
vn -1.0000 0.0000 -0.0079
vn -0.9773 0.2118 0.0019
vn -0.9858 0.1679 -0.0050
vn -0.9546 0.2974 -0.0164
vn -0.9747 0.2188 0.0463
vn -0.9481 0.3178 -0.0000
vn -0.9134 0.4064 -0.0244
vn -0.9757 0.2191 -0.0000
vn -0.9548 0.2974 0.0001
vn -0.9757 0.2192 0.0001
vn -0.9889 0.1484 0.0000
vn -0.9548 0.2971 0.0001
vn -0.9757 0.2191 -0.0000
vn -0.9547 0.2972 0.0164
vn -0.9250 0.3768 0.0490
vn -0.9481 0.3178 -0.0000
vn -0.9684 0.2483 -0.0230
vn -0.9261 0.3772 0.0001
vn -0.9548 0.2973 -0.0000
vn -0.8896 0.4567 0.0001
vn -0.8462 0.5329 0.0001
vn -0.8892 0.4575 -0.0001
vn -0.7976 0.6032 0.0000
vn -0.7342 0.6790 0.0000
vn -0.7975 0.6034 -0.0002
vn -0.8459 0.5334 0.0001
vn -0.8892 0.4575 -0.0001
vn -0.8460 0.5331 -0.0001
vn -0.9546 0.2978 0.0002
vn -0.9258 0.3781 0.0001
vn -0.9546 0.2980 -0.0000
vn -0.9756 0.2196 0.0002
vn -0.9889 0.1484 0.0000
vn -0.9757 0.2193 -0.0000
vn -0.9259 0.3779 -0.0001
vn -0.9547 0.2975 -0.0000
vn -0.9262 0.3771 0.0001
vn -0.7047 0.7092 -0.0237
vn 0.0015 1.0000 -0.0007
vn 0.0062 1.0000 -0.0023
vn 0.0277 0.9981 -0.0556
vn 0.0000 1.0000 0.0007
vn -0.0000 1.0000 -0.0033
vn -0.0042 0.9998 -0.0196
vn 0.0000 1.0000 0.0000
vn -0.9961 -0.0680 0.0555
vn -1.0000 0.0000 0.0000
vn -1.0000 -0.0000 0.0000
vn -1.0000 0.0000 0.0000
vn -1.0000 0.0000 0.0000
vn -1.0000 0.0000 0.0000
vn -1.0000 0.0000 -0.0000
vn -1.0000 0.0000 0.0000
vn -1.0000 0.0000 0.0000
vn -1.0000 0.0000 0.0000
vn -1.0000 0.0000 0.0000
vn -1.0000 0.0000 0.0000
vn 0.0000 0.4391 0.8984
vn -0.0000 -0.0000 -1.0000
vn 0.0000 0.5582 -0.8297
vn 0.0000 0.0336 0.9994
vn 0.0000 0.0087 -1.0000
vn 0.0000 0.7006 0.7136
vn 0.0000 0.8380 0.5457
vn 0.0000 0.9444 0.3287
vn 0.0000 0.9969 0.0783
vn 0.0000 0.9847 -0.1743
vn 0.0000 0.9169 -0.3990
vn 0.0000 0.8144 -0.5803
vn -0.9771 -0.0713 0.2007
vn -0.8872 -0.0671 0.4565
vn -0.5993 -0.0605 0.7982
vn -0.4045 -0.0531 0.9130
vn -0.3155 -0.0487 0.9477
vn -0.2586 -0.0427 0.9650
vn -0.1699 -0.0274 0.9851
vn -0.9799 0.0067 0.1995
vn -0.9046 0.0143 0.4261
vn -0.8126 0.0156 0.5827
vn -0.7055 0.0094 0.7087
vn -0.5798 0.0038 0.8148
vn -0.2839 0.0156 0.9587
vn -0.1624 0.0224 0.9865
vn -0.1996 0.0085 -0.9798
vn -0.4263 0.0079 -0.9045
vn -0.5823 0.0071 -0.8129
vn -0.7071 0.0062 -0.7071
vn -0.8130 0.0051 -0.5823
vn -0.9046 0.0037 -0.4263
vn -0.9799 0.0017 -0.1996
vn -0.1996 0.2889 -0.9363
vn -0.4264 0.2667 -0.8643
vn -0.5823 0.2397 -0.7768
vn -0.7071 0.2085 -0.6757
vn -0.8130 0.1717 -0.5564
vn -0.9046 0.1257 -0.4074
vn -0.9799 0.0589 -0.1907
vn -0.1996 0.5470 -0.8130
vn -0.4263 0.5049 -0.7505
vn -0.5823 0.4538 -0.6745
vn -0.7071 0.3947 -0.5867
vn -0.8130 0.3251 -0.4831
vn -0.9046 0.2380 -0.3537
vn -0.9799 0.1114 -0.1656
vn -0.1996 0.7980 -0.5686
vn -0.4264 0.7367 -0.5249
vn -0.5823 0.6621 -0.4718
vn -0.7071 0.5759 -0.4103
vn -0.8130 0.4742 -0.3379
vn -0.9046 0.3472 -0.2474
vn -0.9799 0.1626 -0.1158
vn -0.1996 0.8985 -0.3910
vn -0.4264 0.8294 -0.3610
vn -0.5823 0.7454 -0.3244
vn -0.7071 0.6484 -0.2822
vn -0.8130 0.5339 -0.2324
vn -0.9046 0.3909 -0.1701
vn -0.9799 0.1830 -0.0797
vn -0.1996 0.9649 -0.1709
vn -0.4263 0.8907 -0.1577
vn -0.5823 0.8005 -0.1418
vn -0.7071 0.6963 -0.1233
vn -0.8130 0.5734 -0.1015
vn -0.9046 0.4198 -0.0743
vn -0.9799 0.1966 -0.0348
vn -0.1996 0.9769 0.0768
vn -0.4264 0.9018 0.0709
vn -0.5823 0.8105 0.0637
vn -0.7071 0.7050 0.0554
vn -0.8130 0.5805 0.0456
vn -0.9046 0.4250 0.0334
vn -0.9799 0.1990 0.0156
vn -0.1996 0.9254 0.3221
vn -0.4263 0.8543 0.2973
vn -0.5823 0.7678 0.2672
vn -0.7071 0.6678 0.2324
vn -0.8130 0.5500 0.1914
vn -0.9046 0.4027 0.1401
vn -0.9799 0.1885 0.0656
vn -0.1996 0.8211 0.5347
vn -0.4263 0.7580 0.4936
vn -0.5823 0.6813 0.4436
vn -0.7071 0.5926 0.3859
vn -0.8130 0.4880 0.3178
vn -0.9046 0.3573 0.2327
vn -0.9799 0.1673 0.1089
vn -0.1996 0.6865 0.6992
vn -0.4263 0.6337 0.6455
vn -0.5823 0.5696 0.5801
vn -0.7071 0.4954 0.5046
vn -0.8130 0.4080 0.4155
vn -0.9046 0.2987 0.3042
vn -0.9799 0.1398 0.1424
vn -0.9799 0.0877 0.1793
vn -0.9046 0.1872 0.3830
vn -0.8130 0.2557 0.5232
vn -0.7071 0.3105 0.6353
vn -0.5823 0.3570 0.7304
vn -0.4263 0.3972 0.8127
vn -0.1996 0.4303 0.8804
vn -0.0368 -0.0328 0.9988
vn -0.1137 0.0644 0.9914
vn -0.4127 0.2244 0.8828
vn -0.5540 0.3137 0.7711
vn -0.6047 0.2395 0.7596
vn -0.5390 0.2985 0.7876
vn -0.7271 0.4055 0.5540
vn -0.7457 0.3172 0.5859
vn -0.7882 0.2584 0.5585
vn -0.7463 0.3189 0.5843
vn -0.7975 0.2132 0.5644
vn -0.6046 0.1883 0.7740
vn -0.7771 0.2466 0.5790
vn -0.6983 0.3761 0.6090
vn -0.8360 0.4787 0.2683
vn -0.8696 0.3615 0.3364
vn -0.9110 0.2904 0.2928
vn -0.8956 0.3256 0.3033
vn -0.8674 0.4797 0.1325
vn -0.9317 0.2105 0.2960
vn -0.9052 0.2816 0.3182
vn -0.6809 0.2442 0.6905
vn -0.8895 0.3151 0.3310
vn -0.9046 0.2799 0.3214
vn -0.8173 0.4501 0.3598
vn -0.9211 0.3784 0.0919
vn -0.9477 0.3023 0.1023
vn -0.9176 0.3836 0.1044
vn -0.9653 0.2054 0.1611
vn -0.9513 0.2904 0.1036
vn -0.9188 0.3840 0.0917
vn -0.9419 0.3002 0.1507
vn -0.8372 0.5356 0.1101
vn -0.8797 0.4633 0.1067
vn -0.8387 0.5362 0.0947
vn -0.8339 0.5410 0.1092
vn -0.8797 0.4633 0.1069
vn -0.8406 0.5332 0.0951
vn -0.8841 0.4579 0.0931
vn -0.9699 0.2220 0.1005
vn -0.9513 0.2159 0.2202
vn -0.9477 0.3023 0.1022
vn -0.9210 0.3784 0.0922
vn -0.9503 0.2977 0.0913
vn -0.9739 0.1806 0.1378
vn -0.9748 0.2104 0.0741
vn -0.0538 0.0875 0.9947
vn -0.1910 0.3559 0.9148
vn -0.0389 0.1528 0.9875
vn -0.2455 0.3289 0.9119
vn -0.2988 0.3297 0.8956
vn -0.3674 0.5463 0.7527
vn -0.3952 0.4938 0.7746
vn -0.3453 0.5358 0.7705
vn -0.2807 0.6163 0.7358
vn -0.2144 0.6865 0.6948
vn -0.1535 0.7556 0.6368
vn -0.2225 0.6931 0.6856
vn -0.2918 0.6258 0.7233
vn -0.3764 0.4767 0.7944
vn -0.3918 0.5681 0.7237
vn -0.4587 0.7051 0.5408
vn -0.3238 0.8272 0.4593
vn -0.3859 0.7788 0.4945
vn -0.3034 0.8192 0.4866
vn -0.2688 0.8886 0.3716
vn -0.1571 0.9418 0.2971
vn -0.2323 0.8656 0.4436
vn -0.3827 0.7765 0.5006
vn -0.3239 0.8272 0.4591
vn -0.3890 0.7776 0.4940
vn -0.4562 0.7028 0.5458
vn -0.5111 0.8189 0.2609
vn -0.2954 0.9400 0.1707
vn -0.3618 0.9116 0.1950
vn -0.3117 0.7481 0.5859
vn -0.3126 0.9407 0.1314
vn -0.2117 0.9733 0.0887
vn -0.2813 0.9328 0.2255
vn -0.4413 0.8472 0.2959
vn -0.3835 0.9157 0.1204
vn -0.3168 0.9440 0.0925
vn -0.4719 0.8469 0.2451
vn -0.3972 0.9174 0.0259
vn -0.5153 0.8208 0.2463
vn -0.5480 0.8316 0.0898
vn -0.4596 0.8879 0.0188
vn -0.5535 0.8321 0.0359
vn -0.5397 0.8372 0.0881
vn -0.4932 0.8615 -0.1207
vn -0.4130 0.9107 0.0000
vn -0.5433 0.8329 0.1057
vn -0.5119 0.8521 0.1090
vn -0.4202 0.9028 0.0919
vn -0.5147 0.8515 0.1000
vn -0.3007 0.9537 -0.0031
vn -0.3771 0.9261 0.0104
vn -0.2963 0.9550 0.0125
vn -0.2489 0.9685 0.0043
vn -0.3770 0.9261 0.0106
vn -0.3007 0.9537 -0.0031
vn -0.3831 0.9237 -0.0056
vn -0.5459 0.8360 0.0563
vn -0.5064 0.8623 0.0003
vn -0.4862 0.8211 0.2992
vn -0.4642 0.8857 -0.0082
vn -0.5914 0.8037 0.0658
vn -0.5378 0.8377 -0.0946
vn -0.5675 0.8234 -0.0049
vn -0.0311 0.0298 0.9991
vn -0.1761 0.1803 0.9677
vn -0.2933 0.3009 0.9074
vn -0.4136 0.4208 0.8074
vn -0.5557 0.5620 0.6127
vn -0.6661 0.6711 0.3256
vn -0.7047 0.7092 0.0201
vn -0.0375 -0.0002 0.9993
vn -0.1627 -0.0015 0.9867
vn -0.4287 -0.0028 0.9034
vn -0.7110 -0.0030 0.7032
vn -0.8787 -0.0007 0.4773
vn -0.7677 0.0001 0.6408
vn -0.9453 -0.0004 0.3261
vn -0.9949 -0.0000 0.1005
vn -0.0127 0.9935 0.1127
vn -0.0383 0.9542 0.2966
vn -0.0540 0.8439 0.5337
vn -0.0853 0.8526 0.5155
vn 0.0215 0.8552 0.5179
vn -0.0835 0.8422 0.5327
vn -0.0556 0.8537 0.5177
vn 0.0071 -0.0692 0.9976
vn -0.0825 0.7969 0.5984
vn -0.0604 0.6874 0.7237
vn -0.0266 0.3337 0.9423
vn -0.0313 0.3395 0.9401
vn -0.0099 0.1816 0.9833
vn -0.0562 0.2605 0.9638
vn 0.0000 0.9549 0.2968
vn 0.0000 0.9936 0.1127
vn -0.0000 0.9549 0.2968
vn 0.0000 0.8551 0.5185
vn -0.0002 0.6874 0.7263
vn -0.0089 0.2434 0.9699
vn -0.0190 0.2495 0.9682
vn -0.0199 0.1358 0.9905
vn -0.0221 0.3170 0.9482
vn 0.0000 0.9549 0.2968
vn -0.0000 0.9936 0.1127
vn 0.0000 0.9549 0.2968
vn -0.0000 0.8551 0.5185
vn 0.0000 0.6887 0.7250
vn 0.0004 0.3338 0.9427
vn 0.0009 0.3397 0.9405
vn 0.0009 0.1816 0.9834
vn 0.0008 0.2609 0.9654
vn -0.0032 0.9987 0.0501
vn -0.0121 0.9549 0.2968
vn 0.0008 0.9936 0.1127
vn -0.0046 0.9243 0.3816
vn -0.0058 0.9548 0.2971
vn -0.0614 0.9531 0.2963
vn 0.0001 0.9243 0.3816
vn 0.0055 0.8551 0.5185
vn -0.0005 0.7490 0.6626
vn -0.0100 0.7708 0.6370
vn -0.0608 0.7694 0.6358
vn -0.0068 0.7490 0.6625
vn 0.0080 0.6874 0.7262
vn -0.0101 0.2434 0.9699
vn 0.0134 0.2495 0.9683
vn 0.0311 0.1357 0.9903
vn 0.0210 0.3170 0.9482
vn -0.9124 0.3987 -0.0922
vn -0.8624 0.4827 -0.1523
vn -0.8420 0.5299 -0.1016
vn -0.8864 0.4524 -0.0982
vn -0.7941 0.5994 -0.1008
vn -0.7379 0.6674 -0.1005
vn -0.7946 0.5991 -0.0986
vn -0.8429 0.5284 -0.1016
vn -0.8864 0.4524 -0.0982
vn -0.8426 0.5294 -0.0983
vn -0.9499 0.2944 -0.1051
vn -0.9222 0.3726 -0.1036
vn -0.9508 0.2935 -0.0991
vn -0.9623 0.2521 -0.1024
vn -0.9218 0.3768 -0.0910
vn -0.9499 0.2964 -0.0993
vn -0.9171 0.3848 -0.1043
vn -0.7407 0.6592 -0.1292
vn -0.7923 0.6045 -0.0828
vn -0.8425 0.5274 -0.1098
vn -0.8047 0.5914 -0.0529
vn -0.8558 0.5153 -0.0457
vn -0.8925 0.4452 0.0725
vn -0.8500 0.5219 0.0716
vn -0.8692 0.4925 -0.0449
vn -0.8060 0.5895 -0.0528
vn -0.8175 0.4800 -0.3182
vn -0.8517 0.4727 -0.2263
vn -0.8069 0.4968 -0.3194
vn -0.8759 0.3462 -0.3362
vn -0.8312 0.3988 -0.3875
vn -0.7349 0.5292 -0.4242
vn -0.6521 0.5890 -0.4773
vn -0.7033 0.5274 -0.4768
vn -0.7454 0.4640 -0.4787
vn -0.7859 0.3981 -0.4732
vn -0.7564 0.4991 -0.4228
vn -0.9090 0.2811 -0.3077
vn -0.8784 0.2953 -0.3757
vn -0.7642 0.2861 -0.5781
vn -0.8838 0.2815 -0.3738
vn -0.9330 0.2055 -0.2955
vn -0.8256 0.4453 -0.3466
vn -0.8919 0.3536 -0.2819
vn -0.9109 0.2890 -0.2947
vn -0.8792 0.3660 -0.3050
vn -0.7262 0.6083 -0.3204
vn -0.6637 0.6359 -0.3939
vn -0.7454 0.5852 -0.3193
vn -0.7084 0.6405 -0.2965
vn -0.7050 0.6864 -0.1784
vn -0.7083 0.6406 -0.2964
vn -0.7085 0.6404 -0.2964
vn -0.6962 0.5673 -0.4398
vn -0.7084 0.6405 -0.2966
vn -0.8089 0.5099 -0.2927
vn -0.8482 0.4414 -0.2927
vn -0.8045 0.5129 -0.2995
vn -0.7621 0.5925 -0.2610
vn -0.7262 0.6717 -0.1467
vn -0.7336 0.6268 -0.2626
vn -0.7612 0.5762 -0.2975
vn -0.6706 0.3823 -0.6357
vn -0.7704 0.4079 -0.4900
vn -0.6537 0.4065 -0.6382
vn -0.7025 0.3182 -0.6365
vn -0.7715 0.3369 -0.5397
vn -0.6677 0.3388 -0.6629
vn -0.6299 0.4460 -0.6359
vn -0.6558 0.4035 -0.6380
vn -0.6942 0.3465 -0.6310
vn -0.6581 0.4078 -0.6329
vn -0.7989 0.2851 -0.5296
vn -0.7389 0.2532 -0.6245
vn -0.6375 0.4695 -0.6108
vn -0.6763 0.5583 -0.4805
vn -0.6430 0.4713 -0.6037
vn -0.7592 0.4173 -0.4995
vn -0.6390 0.3804 -0.6686
vn -0.7684 0.4030 -0.4972
vn -0.7315 0.4900 -0.4741
vn -0.6414 0.4648 -0.6104
vn -0.7542 0.4754 -0.4530
vn -0.6801 0.5583 -0.4752
vn -0.6382 0.5460 -0.5428
vn -0.6808 0.5259 -0.5099
vn -0.6303 0.5825 -0.5133
vn -0.5587 0.3230 -0.7639
vn -0.5153 0.3741 -0.7710
vn -0.5495 0.3015 -0.7792
vn -0.5902 0.2488 -0.7680
vn -0.5272 0.3902 -0.7548
vn -0.5272 0.2818 -0.8016
vn -0.5451 0.3700 -0.7523
vn -0.5299 0.4072 -0.7439
vn -0.4155 0.2499 -0.8746
vn -0.3678 0.2998 -0.8802
vn -0.4056 0.2293 -0.8848
vn -0.4379 0.1593 -0.8848
vn -0.4859 0.1020 -0.8680
vn -0.4529 0.1762 -0.8740
vn -0.3677 0.2998 -0.8803
vn -0.4156 0.2500 -0.8745
vn -0.3729 0.3256 -0.8689
vn -0.2333 0.1649 -0.9583
vn -0.3002 0.0970 -0.9489
vn -0.2271 0.1577 -0.9610
vn -0.3030 0.2780 -0.9115
vn -0.2287 0.1911 -0.9545
vn -0.0721 0.0340 -0.9968
vn -0.0844 0.0559 -0.9949
vn -0.2554 0.1483 -0.9554
vn -0.0773 0.0649 -0.9949
vn -0.0808 0.0711 -0.9942
vn -0.1733 0.0827 -0.9814
vn -0.6071 0.7928 -0.0540
vn -0.4924 0.8691 -0.0469
vn -0.5258 0.8458 0.0902
vn -0.4741 0.8792 -0.0463
vn -0.6064 0.7933 -0.0540
vn -0.5320 0.8380 -0.1210
vn -0.6154 0.7850 -0.0710
vn -0.6649 0.7383 -0.1131
vn -0.3912 0.9144 -0.1042
vn -0.3033 0.9477 -0.0997
vn -0.3843 0.9185 -0.0928
vn -0.2226 0.9697 -0.1005
vn -0.1308 0.9867 -0.0964
vn -0.2214 0.9696 -0.1039
vn -0.3007 0.9485 -0.0996
vn -0.3808 0.9188 -0.1036
vn -0.3015 0.9477 -0.1050
vn -0.5375 0.8374 -0.0989
vn -0.4608 0.8820 -0.0988
vn -0.5367 0.8376 -0.1017
vn -0.6070 0.7885 -0.0992
vn -0.6683 0.7370 -0.1005
vn -0.6072 0.7881 -0.1009
vn -0.4608 0.8820 -0.0988
vn -0.5379 0.8368 -0.1017
vn -0.4593 0.8830 -0.0962
vn -0.6321 0.7200 -0.2865
vn -0.6323 0.7199 -0.2862
vn -0.6696 0.7345 -0.1099
vn -0.5943 0.7522 -0.2846
vn -0.6408 0.7013 -0.3123
vn -0.6212 0.6445 -0.4458
vn -0.6270 0.7209 -0.2953
vn -0.6420 0.7073 -0.2959
vn -0.7304 0.6588 -0.1802
vn -0.6420 0.7064 -0.2981
vn -0.6408 0.7078 -0.2972
vn -0.5213 0.8014 -0.2933
vn -0.4499 0.8435 -0.2933
vn -0.5149 0.8031 -0.2999
vn -0.5822 0.7298 -0.3585
vn -0.5893 0.6522 -0.4768
vn -0.5978 0.7166 -0.3594
vn -0.5823 0.7564 -0.2980
vn -0.3750 0.8708 -0.3180
vn -0.2966 0.9042 -0.3074
vn -0.3653 0.8246 -0.4320
vn -0.3604 0.8857 -0.2927
vn -0.2168 0.9075 -0.3598
vn -0.1310 0.9448 -0.3004
vn -0.2426 0.9160 -0.3196
vn -0.2647 0.8391 -0.4753
vn -0.3322 0.8100 -0.4833
vn -0.2608 0.8931 -0.3666
vn -0.5374 0.7142 -0.4484
vn -0.4430 0.7283 -0.5228
vn -0.4055 0.7817 -0.4739
vn -0.4714 0.7403 -0.4793
vn -0.5342 0.6979 -0.4770
vn -0.5891 0.6521 -0.4772
vn -0.5345 0.7164 -0.4483
vn -0.4551 0.8029 -0.3851
vn -0.4052 0.7540 -0.5170
vn -0.4080 0.8629 -0.2983
vn -0.3083 0.8511 -0.4248
vn -0.4115 0.8441 -0.3438
vn -0.4396 0.8259 -0.3530
vn -0.5271 0.8050 -0.2723
vn -0.4753 0.8476 -0.2360
vn -0.4871 0.7971 -0.3568
vn -0.4958 0.6590 -0.5657
vn -0.5891 0.6523 -0.4768
vn -0.5347 0.6425 -0.5489
vn -0.4106 0.6580 -0.6312
vn -0.4814 0.7035 -0.5227
vn -0.3819 0.6556 -0.6514
vn -0.5555 0.6412 -0.5294
vn -0.4597 0.6190 -0.6368
vn -0.3073 0.7093 -0.6344
vn -0.2370 0.6961 -0.6777
vn -0.1771 0.7496 -0.6378
vn -0.2264 0.7248 -0.6507
vn -0.3235 0.7601 -0.5636
vn -0.4176 0.6518 -0.6331
vn -0.3571 0.6879 -0.6319
vn -0.4131 0.6486 -0.6393
vn -0.4598 0.6190 -0.6367
vn -0.3553 0.6787 -0.6428
vn -0.4238 0.6852 -0.5924
vn -0.4260 0.5154 -0.7436
vn -0.3350 0.5500 -0.7650
vn -0.3845 0.5058 -0.7722
vn -0.2287 0.6052 -0.7625
vn -0.3142 0.5386 -0.7818
vn -0.3846 0.5059 -0.7721
vn -0.3347 0.5497 -0.7654
vn -0.3358 0.3731 -0.8649
vn -0.2573 0.4093 -0.8754
vn -0.3021 0.3649 -0.8806
vn -0.1909 0.4403 -0.8773
vn -0.2372 0.3977 -0.8863
vn -0.3022 0.3650 -0.8806
vn -0.2572 0.4092 -0.8755
vn -0.1922 0.2278 -0.9546
vn -0.2147 0.2481 -0.9447
vn -0.2798 0.3953 -0.8749
vn -0.1593 0.2262 -0.9610
vn -0.1255 0.2750 -0.9532
vn -0.1667 0.2329 -0.9581
vn -0.0829 0.0628 -0.9946
vn -0.0821 0.0589 -0.9949
vn -0.1029 0.2817 -0.9540
vn -0.0850 0.1722 -0.9814
vn -0.7028 0.7023 -0.1135
vn -0.6322 0.6319 -0.4484
vn -0.6752 0.6752 -0.2968
vn -0.6329 0.6325 -0.4466
vn -0.6752 0.6752 -0.2968
vn -0.6402 0.6497 -0.4100
vn -0.6752 0.6752 -0.2968
vn -0.6809 0.7101 -0.1794
vn -0.6752 0.6752 -0.2968
vn -0.6752 0.6752 -0.2968
vn -0.6520 0.6131 -0.4462
vn -0.6752 0.6752 -0.2968
vn -0.6752 0.6752 -0.2968
vn -0.7089 0.6948 -0.1213
vn -0.6752 0.6752 -0.2968
vn -0.6752 0.6752 -0.2968
vn -0.6214 0.6214 -0.4772
vn -0.5858 0.5857 -0.5602
vn -0.6228 0.6223 -0.4742
vn -0.5817 0.5843 -0.5658
vn -0.6209 0.6213 -0.4780
vn -0.5805 0.5807 -0.5707
vn -0.4697 0.4718 -0.7462
vn -0.4692 0.4710 -0.7470
vn -0.3540 0.3540 -0.8657
vn -0.2070 0.2069 -0.9562
vn -0.2180 0.2210 -0.9506
vn -0.3359 0.3375 -0.8793
vn -0.2304 0.2315 -0.9452
vn -0.2115 0.2073 -0.9551
vn -0.0732 0.0736 -0.9946
vn -0.0716 0.0715 -0.9949
vn -0.1905 0.1915 -0.9628
vn -0.0707 0.0712 -0.9950
vn -0.0727 0.0737 -0.9946
vn -0.1269 0.1275 -0.9837
vn -0.9977 0.0000 -0.0684
vn -0.9549 0.0000 -0.2968
vn -0.9728 0.0000 -0.2316
vn -0.9549 0.0000 -0.2968
vn -0.9452 0.0001 -0.3266
vn -0.8131 0.0001 -0.5821
vn -0.4814 0.0010 -0.8765
vn -0.2797 0.0007 -0.9601
vn -0.4693 -0.0011 -0.8830
vn -0.3186 0.0003 -0.9479
vn -0.2457 -0.0007 -0.9693
vn -0.2968 0.0000 -0.9549
vn -0.4534 0.0022 -0.8913
vn -0.2968 0.0000 -0.9549
vn -0.2460 -0.0007 -0.9693
vn -0.2881 0.0160 -0.9575
vn -0.4513 0.0161 -0.8922
vn -0.2834 0.0138 -0.9589
vn -0.2818 0.0159 -0.9593
vn -0.4735 0.0490 -0.8794
vn -0.2990 0.0479 -0.9530
vn -0.3009 0.0462 -0.9525
vn -0.4657 0.0452 -0.8838
vn -0.5173 0.0065 -0.8558
vn -0.4626 0.0051 -0.8865
vn -0.3029 0.0028 -0.9530
vn -0.4603 0.0057 -0.8877
vn -0.5403 0.0010 -0.8414
vn -0.4591 0.0008 -0.8884
vn -0.3041 -0.0016 -0.9526
vn -0.4773 0.0000 -0.8787
vn -0.0795 0.0000 -0.9968
vn -0.0896 0.0004 -0.9960
vn -0.1015 0.0016 -0.9948
vn -0.2743 0.0065 -0.9616
vn -0.0989 0.0003 -0.9951
vn -0.0944 -0.0001 -0.9955
vn -0.1753 0.0000 -0.9845
vn -0.0000 0.9961 -0.0878
vn -0.0000 0.9949 -0.1005
vn 0.0000 0.9949 -0.1005
vn -0.0000 0.9949 -0.1005
vn -0.0336 0.9944 -0.1004
vn -0.0000 0.9949 -0.1005
vn -0.0000 0.9949 -0.1005
vn 0.0006 0.9961 -0.0878
vn -0.0000 1.0000 0.0000
vn -0.0000 0.9961 -0.0882
vn 0.0000 0.9549 -0.2968
vn -0.0000 0.9549 -0.2968
vn 0.0000 0.9549 -0.2968
vn -0.0000 0.9549 -0.2968
vn -0.0341 0.9544 -0.2966
vn 0.0000 0.9549 -0.2968
vn 0.0000 0.9549 -0.2968
vn 0.0000 0.9549 -0.2968
vn 0.0022 0.9668 -0.2557
vn 0.0000 0.9949 -0.1005
vn 0.0000 0.9767 -0.2146
vn -0.0044 0.9549 -0.2968
vn 0.0000 0.8787 -0.4773
vn -0.0053 0.8863 -0.4631
vn -0.0342 0.9539 -0.2982
vn -0.0025 0.8863 -0.4631
vn -0.0000 0.8787 -0.4773
vn -0.0811 0.8840 -0.4605
vn -0.0168 0.8647 -0.5019
vn -0.0019 0.8752 -0.4838
vn -0.0286 0.8747 -0.4838
vn 0.0000 0.8787 -0.4773
vn 0.0028 0.7598 -0.6502
vn -0.0008 0.8716 -0.4902
vn -0.0000 0.8787 -0.4773
vn 0.0000 0.7931 -0.6091
vn -0.0000 0.8787 -0.4773
vn -0.0000 0.7934 -0.6087
vn -0.0001 0.7517 -0.6595
vn -0.0001 0.5289 -0.8487
vn -0.0001 0.2958 -0.9552
vn -0.0001 0.1616 -0.9869
vn -0.0000 0.0997 -0.9950
vn 0.0000 0.0000 -1.0000
vn 0.0000 0.0000 -1.0000
vn -0.0000 -0.0000 -1.0000
vn 0.0000 1.0000 0.0029
vn 0.0003 1.0000 0.0026
vn -0.0014 1.0000 0.0000
vn -0.0000 -0.0000 -1.0000
vn 0.9995 -0.0000 0.0308
vn 0.9253 0.3793 0.0005
vn 0.9547 0.2975 0.0003
vn 0.9263 0.3768 -0.0008
vn 0.9630 0.2696 -0.0006
vn 0.9552 0.2958 0.0003
vn 0.9263 0.3768 -0.0008
vn 0.9550 0.2967 -0.0009
vn 0.8452 0.5345 0.0009
vn 0.8895 0.4569 0.0007
vn 0.8457 0.5337 -0.0004
vn 0.8131 0.5822 0.0001
vn 0.8891 0.4578 -0.0006
vn 0.8447 0.5353 -0.0005
vn 0.8878 0.4603 0.0006
vn 0.9663 0.2569 0.0176
vn 0.9764 0.2139 0.0301
vn 0.9545 0.2981 -0.0005
vn 0.9250 0.3799 -0.0005
vn 0.9541 0.2995 0.0001
vn 0.9756 0.2198 -0.0006
vn 0.9890 0.1482 -0.0001
vn 0.9757 0.2193 0.0000
vn 0.4628 0.8865 0.0004
vn 0.5402 0.8416 0.0003
vn 0.4641 0.8858 -0.0003
vn 0.5995 0.8004 0.0001
vn 0.5410 0.8410 0.0003
vn 0.4640 0.8858 -0.0003
vn 0.5406 0.8413 -0.0004
vn 0.3010 0.9536 0.0005
vn 0.3833 0.9236 0.0004
vn 0.3015 0.9535 -0.0001
vn 0.2119 0.9773 -0.0001
vn 0.3829 0.9238 -0.0002
vn 0.3006 0.9537 -0.0001
vn 0.3816 0.9243 0.0004
vn 0.6023 0.7982 0.0049
vn 0.6414 0.7670 0.0188
vn 0.5399 0.8417 -0.0002
vn 0.4624 0.8867 -0.0001
vn 0.5394 0.8421 0.0001
vn 0.6105 0.7920 -0.0002
vn 0.6722 0.7404 0.0000
vn 0.6107 0.7919 0.0001
vn 0.7053 0.7085 0.0261
vn 0.0000 0.2949 -0.9555
vn 0.4053 0.0002 0.9142
vn 0.2195 0.9756 -0.0022
vn 0.3001 0.9539 0.0000
vn 0.3815 0.9244 0.0000
vn 0.3003 0.9538 -0.0000
vn 0.2119 0.9773 -0.0000
vn 0.4621 0.8869 0.0001
vn 0.5392 0.8422 0.0000
vn 0.4624 0.8867 -0.0000
vn 0.6103 0.7922 0.0000
vn 0.6722 0.7404 0.0000
vn 0.6104 0.7921 -0.0001
vn 0.5394 0.8420 0.0000
vn 0.4624 0.8867 -0.0000
vn 0.5393 0.8421 -0.0001
vn 0.3004 0.9538 0.0001
vn 0.3819 0.9242 0.0001
vn 0.3005 0.9538 -0.0000
vn 0.2119 0.9773 -0.0000
vn 0.3818 0.9243 -0.0000
vn 0.3003 0.9538 -0.0000
vn 0.3815 0.9244 0.0001
vn 0.3839 0.9234 -0.0007
vn 0.3013 0.9535 -0.0004
vn 0.3832 0.9237 0.0016
vn 0.2489 0.9685 0.0006
vn 0.3008 0.9537 -0.0004
vn 0.3832 0.9237 0.0016
vn 0.3011 0.9536 0.0018
vn 0.5419 0.8404 -0.0014
vn 0.4643 0.8857 -0.0010
vn 0.5417 0.8406 0.0010
vn 0.5675 0.8233 -0.0007
vn 0.4646 0.8855 0.0013
vn 0.5422 0.8403 0.0010
vn 0.4654 0.8851 -0.0010
vn 0.2409 0.9691 -0.0540
vn 0.3015 0.9535 0.0010
vn 0.3842 0.9233 0.0009
vn 0.3019 0.9533 -0.0002
vn 0.2220 0.9750 -0.0000
vn 0.0710 0.0763 0.9946
vn 0.0000 0.0000 1.0000
vn 1.0000 0.0006 -0.0050
vn 0.8897 0.4565 0.0004
vn 0.8455 0.5340 -0.0003
vn 0.8702 0.4926 -0.0104
vn 0.9145 0.4047 0.0011
vn 0.8402 0.5423 0.0013
vn 0.8454 0.5341 0.0031
vn 0.8873 0.4589 0.0467
vn 0.8611 0.5085 0.0033
vn 0.8443 0.5359 0.0014
vn 0.9553 0.2956 0.0014
vn 0.9250 0.3798 0.0039
vn 0.9541 0.2994 0.0045
vn 0.9773 0.2120 0.0020
vn 0.9238 0.3829 0.0013
vn 0.9548 0.2972 0.0002
vn 0.9264 0.3766 -0.0004
vn 0.8394 0.5436 0.0001
vn 0.8456 0.5339 -0.0001
vn 0.8896 0.4568 0.0001
vn 0.8461 0.5330 0.0002
vn 0.8084 0.5884 -0.0141
vn 0.7546 0.6558 -0.0237
vn 0.7047 0.7092 -0.0237
vn -0.0062 1.0000 -0.0023
vn -0.0015 1.0000 -0.0007
vn -0.0000 1.0000 0.0007
vn 0.0000 1.0000 0.0000
vn 0.0042 0.9998 -0.0196
vn 0.0000 1.0000 -0.0033
vn -0.0277 0.9981 -0.0556
vn 1.0000 -0.0000 -0.0000
vn 0.9961 -0.0680 0.0555
vn 1.0000 -0.0000 0.0000
vn 1.0000 0.0000 -0.0000
vn 1.0000 0.0000 0.0000
vn 1.0000 0.0000 0.0000
vn 1.0000 0.0000 0.0000
vn 1.0000 0.0000 0.0000
vn 1.0000 -0.0000 -0.0000
vn 1.0000 0.0000 0.0000
vn 1.0000 0.0000 0.0000
vn 1.0000 0.0000 0.0000
vn -0.0000 0.4391 0.8984
vn 0.0000 -0.0000 -1.0000
vn -0.0000 0.5582 -0.8297
vn -0.0000 0.0336 0.9994
vn 0.0000 0.0087 -1.0000
vn -0.0000 0.7006 0.7136
vn -0.0000 0.8380 0.5457
vn -0.0000 0.9444 0.3287
vn -0.0000 0.9969 0.0783
vn -0.0000 0.9847 -0.1744
vn -0.0000 0.9169 -0.3990
vn -0.0000 0.8144 -0.5803
vn 0.9771 -0.0713 0.2007
vn 0.9020 -0.0658 0.4267
vn 0.7441 -0.0563 0.6657
vn 0.5156 -0.0521 0.8553
vn 0.3788 -0.0497 0.9242
vn 0.2833 -0.0438 0.9580
vn 0.1622 -0.0268 0.9864
vn 0.9799 0.0067 0.1995
vn 0.9046 0.0143 0.4261
vn 0.8126 0.0156 0.5827
vn 0.7055 0.0094 0.7087
vn 0.5798 0.0038 0.8148
vn 0.4249 0.0131 0.9052
vn 0.1991 0.0213 0.9797
vn 0.1996 0.0085 -0.9798
vn 0.4263 0.0079 -0.9045
vn 0.5823 0.0071 -0.8129
vn 0.7071 0.0062 -0.7071
vn 0.8130 0.0051 -0.5823
vn 0.9046 0.0037 -0.4263
vn 0.9799 0.0017 -0.1996
vn 0.1996 0.2889 -0.9363
vn 0.4263 0.2667 -0.8643
vn 0.5823 0.2397 -0.7768
vn 0.7071 0.2085 -0.6757
vn 0.8130 0.1717 -0.5564
vn 0.9046 0.1257 -0.4074
vn 0.9799 0.0589 -0.1907
vn 0.1996 0.5470 -0.8130
vn 0.4263 0.5049 -0.7505
vn 0.5823 0.4538 -0.6745
vn 0.7071 0.3947 -0.5867
vn 0.8130 0.3251 -0.4831
vn 0.9046 0.2380 -0.3537
vn 0.9799 0.1114 -0.1656
vn 0.1996 0.7980 -0.5686
vn 0.4264 0.7367 -0.5249
vn 0.5823 0.6621 -0.4718
vn 0.7071 0.5759 -0.4103
vn 0.8130 0.4742 -0.3379
vn 0.9046 0.3472 -0.2474
vn 0.9799 0.1626 -0.1158
vn 0.1996 0.8985 -0.3910
vn 0.4263 0.8294 -0.3610
vn 0.5823 0.7454 -0.3244
vn 0.7071 0.6484 -0.2822
vn 0.8130 0.5339 -0.2324
vn 0.9046 0.3909 -0.1701
vn 0.9799 0.1830 -0.0797
vn 0.1996 0.9649 -0.1709
vn 0.4264 0.8907 -0.1577
vn 0.5823 0.8005 -0.1418
vn 0.7071 0.6963 -0.1233
vn 0.8130 0.5734 -0.1015
vn 0.9046 0.4198 -0.0743
vn 0.9799 0.1966 -0.0348
vn 0.1996 0.9769 0.0768
vn 0.4263 0.9018 0.0709
vn 0.5823 0.8105 0.0637
vn 0.7071 0.7049 0.0554
vn 0.8130 0.5805 0.0456
vn 0.9046 0.4250 0.0334
vn 0.9799 0.1990 0.0156
vn 0.1996 0.9254 0.3221
vn 0.4263 0.8543 0.2973
vn 0.5823 0.7678 0.2672
vn 0.7071 0.6678 0.2324
vn 0.8130 0.5500 0.1914
vn 0.9046 0.4027 0.1401
vn 0.9799 0.1885 0.0656
vn 0.1996 0.8211 0.5347
vn 0.4263 0.7580 0.4936
vn 0.5823 0.6813 0.4436
vn 0.7071 0.5926 0.3859
vn 0.8130 0.4880 0.3178
vn 0.9046 0.3573 0.2327
vn 0.9799 0.1673 0.1089
vn 0.1996 0.6865 0.6992
vn 0.4264 0.6337 0.6455
vn 0.5823 0.5696 0.5801
vn 0.7071 0.4954 0.5046
vn 0.8130 0.4080 0.4155
vn 0.9046 0.2987 0.3042
vn 0.9799 0.1398 0.1424
vn 0.9799 0.0877 0.1793
vn 0.9046 0.1872 0.3830
vn 0.8130 0.2557 0.5232
vn 0.7071 0.3105 0.6353
vn 0.5823 0.3570 0.7304
vn 0.4264 0.3972 0.8127
vn 0.1996 0.4303 0.8803
vn 0.0368 -0.0328 0.9988
vn 0.1137 0.0644 0.9914
vn 0.4127 0.2244 0.8828
vn 0.7089 0.3110 0.6331
vn 0.4585 0.2460 0.8540
vn 0.9254 0.3212 0.2014
vn 0.8755 0.1423 0.4618
vn 0.4471 0.2168 0.8678
vn 0.8736 0.3593 0.3283
vn 0.6778 0.3635 0.6391
vn 0.6894 0.2747 0.6703
vn 0.9269 0.2064 0.3134
vn 0.8720 0.2549 0.4179
vn 0.8221 0.3322 0.4624
vn 0.8348 0.2699 0.4798
vn 0.8752 0.2348 0.4230
vn 0.7811 0.4258 0.4568
vn 0.8064 0.3397 0.4840
vn 0.8848 0.2936 0.3619
vn 0.8517 0.2325 0.4696
vn 0.8451 0.2710 0.4607
vn 0.6805 0.3099 0.6639
vn 0.9748 0.2104 0.0741
vn 0.9739 0.1806 0.1378
vn 0.9503 0.2977 0.0913
vn 0.9210 0.3784 0.0922
vn 0.9477 0.3023 0.1022
vn 0.9513 0.2159 0.2202
vn 0.9699 0.2220 0.1005
vn 0.8841 0.4579 0.0931
vn 0.8406 0.5332 0.0951
vn 0.8797 0.4633 0.1069
vn 0.8339 0.5410 0.1092
vn 0.8387 0.5362 0.0947
vn 0.8797 0.4633 0.1067
vn 0.8372 0.5356 0.1101
vn 0.9419 0.3002 0.1507
vn 0.9188 0.3840 0.0917
vn 0.9513 0.2904 0.1036
vn 0.9653 0.2054 0.1611
vn 0.9176 0.3836 0.1044
vn 0.9477 0.3023 0.1023
vn 0.9211 0.3784 0.0919
vn 0.0538 0.0875 0.9947
vn 0.1910 0.3559 0.9148
vn 0.2988 0.3297 0.8956
vn 0.2455 0.3289 0.9119
vn 0.0389 0.1528 0.9875
vn 0.3918 0.5681 0.7237
vn 0.3764 0.4767 0.7944
vn 0.2918 0.6258 0.7233
vn 0.2225 0.6931 0.6856
vn 0.1535 0.7556 0.6368
vn 0.2144 0.6865 0.6948
vn 0.2807 0.6163 0.7358
vn 0.3453 0.5358 0.7705
vn 0.3952 0.4938 0.7746
vn 0.3674 0.5463 0.7527
vn 0.4562 0.7028 0.5458
vn 0.3890 0.7776 0.4940
vn 0.3239 0.8272 0.4591
vn 0.3827 0.7765 0.5006
vn 0.2323 0.8656 0.4436
vn 0.1571 0.9418 0.2971
vn 0.2688 0.8886 0.3716
vn 0.3034 0.8192 0.4866
vn 0.3859 0.7788 0.4945
vn 0.3238 0.8272 0.4593
vn 0.4587 0.7051 0.5408
vn 0.5153 0.8208 0.2463
vn 0.3972 0.9174 0.0259
vn 0.4719 0.8469 0.2451
vn 0.3168 0.9440 0.0925
vn 0.3835 0.9157 0.1204
vn 0.4413 0.8472 0.2959
vn 0.2813 0.9328 0.2255
vn 0.2117 0.9733 0.0887
vn 0.3126 0.9407 0.1314
vn 0.3117 0.7481 0.5859
vn 0.3618 0.9116 0.1950
vn 0.2954 0.9400 0.1707
vn 0.5111 0.8189 0.2609
vn 0.5675 0.8234 -0.0049
vn 0.5378 0.8377 -0.0946
vn 0.5914 0.8037 0.0658
vn 0.4642 0.8857 -0.0082
vn 0.4862 0.8211 0.2992
vn 0.5064 0.8623 0.0003
vn 0.5459 0.8360 0.0563
vn 0.3831 0.9237 -0.0056
vn 0.3007 0.9537 -0.0031
vn 0.3770 0.9261 0.0106
vn 0.2489 0.9685 0.0043
vn 0.2963 0.9550 0.0125
vn 0.3771 0.9261 0.0104
vn 0.3007 0.9537 -0.0031
vn 0.5147 0.8515 0.1000
vn 0.4202 0.9028 0.0919
vn 0.5119 0.8521 0.1090
vn 0.5433 0.8329 0.1057
vn 0.4130 0.9107 0.0000
vn 0.4932 0.8615 -0.1207
vn 0.5397 0.8372 0.0881
vn 0.5535 0.8321 0.0359
vn 0.4596 0.8879 0.0188
vn 0.5480 0.8316 0.0898
vn 0.0311 0.0298 0.9991
vn 0.1761 0.1803 0.9677
vn 0.2933 0.3009 0.9074
vn 0.4136 0.4208 0.8074
vn 0.5557 0.5620 0.6127
vn 0.6661 0.6711 0.3256
vn 0.7047 0.7092 0.0201
vn 0.0375 -0.0002 0.9993
vn 0.1627 -0.0015 0.9867
vn 0.4287 -0.0028 0.9034
vn 0.7110 -0.0030 0.7032
vn 0.7677 0.0001 0.6408
vn 0.8787 -0.0007 0.4773
vn 0.9453 -0.0004 0.3261
vn 0.9949 -0.0000 0.1005
vn 0.0761 0.8969 0.4357
vn -0.0274 0.8812 0.4719
vn 0.0716 0.8957 0.4388
vn 0.0463 0.6571 0.7524
vn 0.0231 0.9932 0.1140
vn 0.0765 0.7302 0.6789
vn 0.0909 0.7438 0.6622
vn -0.0593 0.7234 0.6879
vn 0.0858 0.7660 0.6371
vn 0.0554 0.7619 0.6453
vn -0.0622 0.7439 0.6654
vn 0.0872 0.7703 0.6316
vn -0.0183 0.5761 0.8172
vn 0.0293 0.5326 0.8458
vn 0.0368 0.4251 0.9044
vn 0.0158 0.2415 0.9703
vn 0.0780 0.5150 0.8536
vn 0.0000 0.9549 0.2968
vn -0.0000 0.9936 0.1127
vn -0.0000 0.9549 0.2968
vn -0.0000 0.8551 0.5185
vn 0.0000 0.6888 0.7250
vn -0.0010 0.3382 0.9411
vn 0.0108 0.3442 0.9388
vn 0.0164 0.1840 0.9828
vn 0.0271 0.2581 0.9657
vn -0.0000 0.9549 0.2968
vn 0.0000 0.9936 0.1127
vn -0.0000 0.9549 0.2968
vn 0.0000 0.8551 0.5185
vn -0.0000 0.6887 0.7250
vn -0.0004 0.3338 0.9427
vn -0.0009 0.3397 0.9405
vn -0.0009 0.1816 0.9834
vn -0.0008 0.2609 0.9654
vn -0.0008 0.9936 0.1127
vn 0.0121 0.9549 0.2968
vn 0.0032 0.9987 0.0501
vn -0.0055 0.8551 0.5185
vn -0.0001 0.9243 0.3816
vn 0.0614 0.9531 0.2963
vn 0.0058 0.9548 0.2971
vn 0.0046 0.9243 0.3816
vn -0.0080 0.6874 0.7262
vn 0.0068 0.7490 0.6625
vn 0.0608 0.7694 0.6358
vn 0.0100 0.7708 0.6370
vn 0.0005 0.7490 0.6626
vn 0.0101 0.2434 0.9699
vn -0.0134 0.2495 0.9683
vn -0.0311 0.1357 0.9903
vn -0.0210 0.3170 0.9482
vn 0.9695 0.2418 -0.0401
vn 0.9579 0.2853 -0.0318
vn 0.9274 0.3729 -0.0301
vn 0.9564 0.2894 -0.0392
vn 0.9643 0.2563 -0.0661
vn 0.8885 0.4589 -0.0015
vn 0.8451 0.5347 0.0010
vn 0.8892 0.4574 0.0014
vn 0.8131 0.5822 -0.0003
vn 0.8457 0.5337 0.0009
vn 0.8895 0.4569 -0.0015
vn 0.8454 0.5342 -0.0019
vn 0.9551 0.2964 0.0021
vn 0.9263 0.3768 0.0017
vn 0.9552 0.2958 -0.0006
vn 0.9630 0.2696 0.0013
vn 0.9263 0.3768 0.0018
vn 0.9549 0.2969 -0.0006
vn 0.9257 0.3783 -0.0011
vn 0.9095 0.3887 -0.1474
vn 0.8699 0.3940 -0.2968
vn 0.9313 0.3458 -0.1147
vn 0.9195 0.2938 -0.2611
vn 0.8632 0.3494 -0.3644
vn 0.9106 0.3221 -0.2590
vn 0.9324 0.2056 -0.2972
vn 0.9098 0.2890 -0.2979
vn 0.8840 0.3658 -0.2910
vn 0.9122 0.2875 -0.2920
vn 0.8288 0.5364 -0.1593
vn 0.8452 0.4415 -0.3012
vn 0.8069 0.5129 -0.2929
vn 0.8047 0.5824 -0.1150
vn 0.7379 0.6674 -0.1005
vn 0.7902 0.5940 -0.1510
vn 0.8609 0.4328 -0.2675
vn 0.9072 0.4063 -0.1089
vn 0.8389 0.4611 -0.2892
vn 0.8409 0.5261 -0.1266
vn 0.8887 0.4586 0.0028
vn 0.8526 0.5063 -0.1292
vn 0.9505 0.2131 -0.2263
vn 0.9349 0.2038 -0.2906
vn 0.9508 0.2646 -0.1612
vn 0.9227 0.3733 -0.0958
vn 0.9506 0.2932 -0.1022
vn 0.9555 0.2461 -0.1623
vn 0.8244 0.2918 -0.4850
vn 0.7369 0.4669 -0.4889
vn 0.7759 0.4050 -0.4837
vn 0.7442 0.4729 -0.4717
vn 0.6904 0.5287 -0.4938
vn 0.6521 0.5890 -0.4772
vn 0.7039 0.5279 -0.4753
vn 0.7758 0.4050 -0.4838
vn 0.7478 0.4659 -0.4730
vn 0.7863 0.3984 -0.4723
vn 0.7790 0.2974 -0.5520
vn 0.8654 0.2641 -0.4258
vn 0.9264 0.1984 -0.3201
vn 0.6926 0.2889 -0.6610
vn 0.6357 0.4068 -0.6560
vn 0.6610 0.3325 -0.6727
vn 0.6419 0.4050 -0.6511
vn 0.6270 0.4436 -0.6403
vn 0.6842 0.3322 -0.6492
vn 0.6596 0.4066 -0.6321
vn 0.6798 0.3348 -0.6526
vn 0.7789 0.2871 -0.5576
vn 0.4673 0.1572 -0.8700
vn 0.6411 0.2132 -0.7372
vn 0.4711 0.0974 -0.8767
vn 0.4700 0.2115 -0.8569
vn 0.5821 0.2459 -0.7751
vn 0.4375 0.1715 -0.8827
vn 0.5047 0.3407 -0.7932
vn 0.3685 0.2353 -0.8994
vn 0.5001 0.3627 -0.7863
vn 0.5734 0.3036 -0.7609
vn 0.4684 0.2257 -0.8542
vn 0.5858 0.3290 -0.7407
vn 0.4797 0.0964 -0.8721
vn 0.5575 0.2244 -0.7992
vn 0.2655 0.1171 -0.9570
vn 0.3956 0.2005 -0.8963
vn 0.2570 0.1026 -0.9610
vn 0.2335 0.0877 -0.9684
vn 0.3458 0.2328 -0.9090
vn 0.2307 0.1582 -0.9601
vn 0.3400 0.2822 -0.8971
vn 0.3929 0.2284 -0.8907
vn 0.2637 0.1473 -0.9533
vn 0.3872 0.2176 -0.8960
vn 0.3245 0.0984 -0.9408
vn 0.4601 0.0476 -0.8866
vn 0.2807 0.0720 -0.9571
vn 0.4559 0.1626 -0.8751
vn 0.3252 0.0794 -0.9423
vn 0.4625 0.1748 -0.8692
vn 0.4723 0.0934 -0.8765
vn 0.2990 0.0492 -0.9530
vn 0.4075 0.1175 -0.9056
vn 0.1109 0.0342 -0.9932
vn 0.1104 0.0560 -0.9923
vn 0.2017 0.1492 -0.9680
vn 0.2729 0.0835 -0.9584
vn 0.0985 0.0424 -0.9942
vn 0.0939 0.0424 -0.9947
vn 0.1747 0.0824 -0.9812
vn 0.4593 0.8830 -0.0962
vn 0.5379 0.8368 -0.1017
vn 0.4608 0.8820 -0.0988
vn 0.6072 0.7881 -0.1009
vn 0.6683 0.7370 -0.1005
vn 0.6070 0.7885 -0.0992
vn 0.5367 0.8376 -0.1017
vn 0.4608 0.8820 -0.0988
vn 0.5375 0.8374 -0.0989
vn 0.3015 0.9477 -0.1050
vn 0.3808 0.9188 -0.1036
vn 0.3007 0.9485 -0.0996
vn 0.2214 0.9696 -0.1039
vn 0.1308 0.9867 -0.0964
vn 0.2226 0.9697 -0.1005
vn 0.3843 0.9185 -0.0928
vn 0.3033 0.9477 -0.0997
vn 0.3912 0.9144 -0.1042
vn 0.6649 0.7383 -0.1131
vn 0.6154 0.7850 -0.0710
vn 0.5320 0.8380 -0.1210
vn 0.6064 0.7933 -0.0540
vn 0.4741 0.8792 -0.0463
vn 0.5258 0.8458 0.0902
vn 0.4924 0.8691 -0.0469
vn 0.6071 0.7928 -0.0540
vn 0.4871 0.7971 -0.3568
vn 0.4753 0.8476 -0.2360
vn 0.5271 0.8050 -0.2723
vn 0.4396 0.8259 -0.3530
vn 0.4115 0.8441 -0.3438
vn 0.3083 0.8511 -0.4248
vn 0.4080 0.8629 -0.2983
vn 0.4052 0.7540 -0.5170
vn 0.4551 0.8029 -0.3851
vn 0.5345 0.7164 -0.4483
vn 0.5891 0.6521 -0.4772
vn 0.5342 0.6979 -0.4770
vn 0.4714 0.7403 -0.4793
vn 0.4055 0.7817 -0.4739
vn 0.4430 0.7283 -0.5228
vn 0.5374 0.7142 -0.4484
vn 0.2608 0.8931 -0.3666
vn 0.3322 0.8100 -0.4833
vn 0.2647 0.8391 -0.4753
vn 0.2426 0.9160 -0.3196
vn 0.1310 0.9448 -0.3004
vn 0.2168 0.9075 -0.3598
vn 0.3604 0.8857 -0.2927
vn 0.3653 0.8246 -0.4320
vn 0.2966 0.9042 -0.3074
vn 0.3750 0.8708 -0.3180
vn 0.5823 0.7564 -0.2980
vn 0.5978 0.7166 -0.3594
vn 0.5893 0.6522 -0.4768
vn 0.5822 0.7298 -0.3585
vn 0.5149 0.8031 -0.2999
vn 0.4499 0.8435 -0.2933
vn 0.5213 0.8014 -0.2933
vn 0.6408 0.7078 -0.2972
vn 0.6420 0.7064 -0.2981
vn 0.7304 0.6588 -0.1802
vn 0.6420 0.7073 -0.2959
vn 0.6270 0.7209 -0.2953
vn 0.6212 0.6445 -0.4458
vn 0.6408 0.7013 -0.3123
vn 0.5943 0.7522 -0.2846
vn 0.6696 0.7345 -0.1099
vn 0.6323 0.7199 -0.2862
vn 0.6321 0.7200 -0.2865
vn 0.4238 0.6852 -0.5924
vn 0.3553 0.6787 -0.6428
vn 0.4598 0.6190 -0.6367
vn 0.4131 0.6486 -0.6393
vn 0.3571 0.6879 -0.6319
vn 0.4176 0.6518 -0.6331
vn 0.3235 0.7601 -0.5636
vn 0.2264 0.7248 -0.6507
vn 0.1771 0.7496 -0.6378
vn 0.2370 0.6961 -0.6777
vn 0.3073 0.7093 -0.6344
vn 0.4597 0.6190 -0.6368
vn 0.5555 0.6412 -0.5294
vn 0.3819 0.6556 -0.6514
vn 0.4814 0.7035 -0.5227
vn 0.4106 0.6580 -0.6312
vn 0.5347 0.6425 -0.5489
vn 0.5891 0.6523 -0.4768
vn 0.4958 0.6590 -0.5657
vn 0.3347 0.5497 -0.7654
vn 0.3846 0.5059 -0.7721
vn 0.3142 0.5386 -0.7818
vn 0.2287 0.6052 -0.7625
vn 0.3845 0.5058 -0.7722
vn 0.3350 0.5500 -0.7650
vn 0.4260 0.5154 -0.7436
vn 0.2572 0.4092 -0.8755
vn 0.3022 0.3650 -0.8806
vn 0.2372 0.3977 -0.8863
vn 0.1909 0.4403 -0.8773
vn 0.3021 0.3649 -0.8806
vn 0.2573 0.4093 -0.8754
vn 0.3358 0.3731 -0.8649
vn 0.1667 0.2329 -0.9581
vn 0.1255 0.2750 -0.9532
vn 0.1593 0.2262 -0.9610
vn 0.2798 0.3953 -0.8749
vn 0.2147 0.2481 -0.9447
vn 0.1922 0.2278 -0.9546
vn 0.1029 0.2817 -0.9540
vn 0.0821 0.0589 -0.9949
vn 0.0829 0.0628 -0.9946
vn 0.0850 0.1722 -0.9814
vn 0.6995 0.7027 -0.1297
vn 0.6752 0.6752 -0.2968
vn 0.6491 0.6392 -0.4125
vn 0.6759 0.6729 -0.3007
vn 0.7139 0.6772 -0.1782
vn 0.6789 0.6714 -0.2971
vn 0.6793 0.6711 -0.2971
vn 0.6198 0.6488 -0.4416
vn 0.6786 0.6736 -0.2928
vn 0.6752 0.6752 -0.2968
vn 0.6952 0.7106 -0.1082
vn 0.6752 0.6752 -0.2968
vn 0.6752 0.6752 -0.2968
vn 0.6967 0.6967 -0.1709
vn 0.6752 0.6752 -0.2968
vn 0.6962 0.6957 -0.1770
vn 0.5805 0.5807 -0.5707
vn 0.6209 0.6213 -0.4780
vn 0.5817 0.5843 -0.5658
vn 0.6228 0.6223 -0.4742
vn 0.5858 0.5857 -0.5602
vn 0.6214 0.6214 -0.4772
vn 0.4697 0.4718 -0.7462
vn 0.4684 0.4706 -0.7477
vn 0.3483 0.3495 -0.8698
vn 0.2239 0.2203 -0.9494
vn 0.2976 0.2833 -0.9117
vn 0.2069 0.2122 -0.9551
vn 0.3450 0.3450 -0.8729
vn 0.2345 0.2340 -0.9435
vn 0.3434 0.3433 -0.8742
vn 0.0726 0.0731 -0.9947
vn 0.2014 0.2014 -0.9586
vn 0.0712 0.0707 -0.9950
vn 0.0768 0.0750 -0.9942
vn 0.2032 0.2038 -0.9577
vn 0.0710 0.0710 -0.9949
vn 0.1956 0.1955 -0.9610
vn 0.1269 0.1275 -0.9837
vn 0.9977 0.0000 -0.0681
vn 0.9727 0.0000 -0.2321
vn 0.9549 0.0000 -0.2968
vn 0.9728 0.0000 -0.2318
vn 0.9458 -0.0000 -0.3248
vn 0.8136 0.0001 -0.5815
vn 0.5038 0.0000 -0.8638
vn 0.4628 0.0001 -0.8865
vn 0.2968 0.0000 -0.9549
vn 0.4535 -0.0004 -0.8912
vn 0.5396 0.0010 -0.8419
vn 0.1644 0.0000 -0.9864
vn 0.0802 -0.0000 -0.9968
vn 0.1325 -0.0011 -0.9912
vn 0.1661 -0.0007 -0.9861
vn 0.4322 0.0007 -0.9018
vn 0.1756 0.0000 -0.9845
vn 0.0341 0.9954 -0.0892
vn 0.0026 0.9990 -0.0442
vn 0.0026 0.9990 -0.0442
vn 0.0017 0.9993 -0.0378
vn 0.0000 1.0000 -0.0000
vn -0.0000 0.9549 -0.2968
vn 0.0342 0.9544 -0.2965
vn -0.0000 0.9549 -0.2968
vn 0.0000 0.9549 -0.2968
vn 0.0284 0.9477 -0.3180
vn 0.0889 0.9837 -0.1563
vn 0.0505 0.9531 -0.2983
vn 0.0065 0.9858 -0.1679
vn 0.0000 0.9549 -0.2968
vn 0.0247 0.9987 -0.0444
vn 0.0155 0.9548 -0.2967
vn -0.0063 0.9858 -0.1680
vn 0.0022 0.9668 -0.2556
vn 0.0010 0.9927 -0.1203
vn 0.0000 0.9949 -0.1005
vn 0.0336 0.9944 -0.1003
vn -0.0011 0.9927 -0.1203
vn -0.0065 0.9667 -0.2556
vn 0.0000 0.9949 -0.1005
vn 0.0000 0.9767 -0.2147
vn 0.0000 0.9949 -0.1005
vn 0.0000 0.9949 -0.1005
vn -0.0000 0.9949 -0.1005
vn 0.0000 0.9949 -0.1005
vn 0.0336 0.9944 -0.1003
vn 0.0000 0.9949 -0.1005
vn 0.0000 0.9949 -0.1005
vn 0.0000 0.9767 -0.2147
vn 0.0000 0.9949 -0.1005
vn 0.0000 0.7934 -0.6087
vn 0.0000 0.8787 -0.4773
vn -0.0000 0.7931 -0.6091
vn 0.0000 0.8787 -0.4773
vn 0.0008 0.8716 -0.4902
vn -0.0028 0.7598 -0.6502
vn -0.0000 0.8787 -0.4773
vn 0.0286 0.8747 -0.4838
vn 0.0019 0.8752 -0.4838
vn 0.0168 0.8647 -0.5019
vn 0.0811 0.8840 -0.4605
vn 0.0000 0.8787 -0.4773
vn 0.0025 0.8863 -0.4631
vn 0.0342 0.9539 -0.2982
vn 0.0053 0.8863 -0.4631
vn -0.0000 0.8787 -0.4773
vn 0.0001 0.7517 -0.6595
vn 0.0001 0.5289 -0.8487
vn 0.0001 0.2958 -0.9552
vn 0.0001 0.1616 -0.9869
vn 0.0000 0.0997 -0.9950
vn -0.0000 0.0000 -1.0000
vn -0.0000 0.0000 -1.0000
vn 0.0000 0.0000 1.0000
vn 0.0000 0.0000 1.0000
vn 0.0000 0.0000 1.0000
vn 0.0000 0.0000 1.0000
vn 0.0000 0.0000 1.0000
vn 0.0000 0.0000 1.0000
vn 0.0000 0.0000 1.0000
vn 0.0000 0.0000 1.0000
vn 0.0000 0.0000 1.0000
vn 0.0000 0.0000 1.0000
vn 0.0000 0.0000 1.0000
vn 0.0000 0.0000 1.0000
vn 0.0000 0.0000 1.0000
vn 0.0000 0.0000 1.0000
vn 0.0000 0.0000 1.0000
vn 0.0000 0.0000 1.0000
vn 0.0000 0.0000 1.0000
vn 0.0000 0.0000 1.0000
vn 0.0000 0.0000 1.0000
vn 0.0000 0.0000 1.0000
vn 0.0000 0.0000 1.0000
vn 0.0000 0.0000 1.0000
vn 0.0000 0.0000 1.0000
vn 0.0000 0.0000 1.0000
vn 0.0000 0.0000 1.0000
vn 0.0000 0.0000 1.0000
vn 0.0000 0.0000 1.0000
vn 0.0000 0.0000 1.0000
vn 0.0000 0.0000 1.0000
vn 0.0000 0.0000 1.0000
vn 0.0000 0.0000 1.0000
vn 0.0000 0.0000 1.0000
vn 0.0000 0.0000 1.0000
vn 0.0000 0.0000 1.0000
vn 0.0000 0.0000 1.0000
vn 0.0000 0.0000 1.0000
vn 0.0000 0.0000 1.0000
vn 0.0000 0.0000 1.0000
vn 0.0000 0.0000 1.0000
vn 0.0000 0.0000 1.0000
vn 0.0000 0.0000 1.0000
vn 0.0000 0.0000 1.0000
vn 0.0000 0.0000 1.0000
vn 0.0000 0.0000 1.0000
vn 0.0000 0.0000 1.0000
vn 0.0000 0.0000 1.0000
vn 0.0000 0.0000 1.0000
vn 0.0000 0.0000 1.0000
vn 0.0000 0.0000 1.0000
vn 0.0000 0.0000 1.0000
vn 0.0000 0.0000 1.0000
vn 0.0000 0.0000 1.0000
vn 0.0000 0.0000 1.0000
vn 0.0000 0.0000 1.0000
vn 0.0000 0.0000 1.0000
vn 0.0000 0.0000 1.0000
vn 0.0000 0.0000 1.0000
vn 0.0000 0.0000 1.0000
vn 0.0000 0.0000 1.0000
vn 0.0000 0.0000 1.0000
vn 0.0000 0.0000 1.0000
vn 0.0000 0.0000 1.0000
vn 0.0000 0.0000 1.0000
vn 0.0000 0.0000 1.0000
vn 0.0000 0.0000 1.0000
vn 0.0000 0.0000 1.0000
vn 0.0000 0.0000 1.0000
vn 0.0000 0.0000 1.0000
vn 0.0000 0.0000 1.0000
vn 0.0000 0.0000 1.0000
vn 0.0000 0.0000 1.0000
vn 0.0000 0.0000 1.0000
vn 0.0000 0.0000 1.0000
vn 0.0000 0.0000 1.0000
vn 0.0000 0.0000 1.0000
vn 0.0000 0.0000 1.0000
vn 0.0000 0.0000 1.0000
vn 0.0000 0.0000 1.0000
vn 0.0000 0.0000 1.0000
vn 0.0000 0.0000 1.0000
vn 0.0000 0.0000 1.0000
vn 0.0000 0.0000 1.0000
vn 0.0000 0.0000 1.0000
vn 0.0000 0.0000 1.0000
vn 0.0000 0.0000 1.0000
vn 0.0000 0.0000 1.0000
vn 0.0000 0.0000 1.0000
vn 0.0000 0.0000 1.0000
vn 0.0000 0.0000 1.0000
vn 0.0000 0.0000 1.0000
vn 0.0000 0.0000 1.0000
vn 0.0000 0.0000 1.0000
vn 0.0000 0.0000 1.0000
vn 0.0000 0.0000 1.0000
vn 0.0000 0.0000 1.0000
vn 0.0000 0.0000 1.0000
vn 0.0000 0.0000 1.0000
vn 0.0000 0.0000 1.0000
vn 0.0000 0.0000 1.0000
vn 0.0000 0.0000 1.0000
vn 0.0000 -0.0000 1.0000
vn 0.0000 -0.0000 1.0000
vn 0.0000 -0.0000 1.0000
vn 0.0000 -0.0000 1.0000
vn 0.0000 -0.0000 1.0000
vn 0.0000 -0.0000 1.0000
vn 0.0000 -0.0000 1.0000
vn 0.0000 -0.0000 1.0000
vn 0.0000 -0.0000 1.0000
vn 0.0000 -0.0000 1.0000
vn 0.0000 -0.0000 1.0000
vn 0.0000 -0.0000 1.0000
vn 0.0000 -0.0000 1.0000
vn 0.0000 -0.0000 1.0000
vn 0.0000 -0.0000 1.0000
vn 0.0000 -0.0000 1.0000
vn 0.0000 -0.0000 1.0000
vn 0.0000 -0.0000 1.0000
vn 0.0000 -0.0000 1.0000
vn 0.0000 -0.0000 1.0000
vn 0.0000 -0.0000 1.0000
vn 0.0000 -0.0000 1.0000
vn 0.0000 -0.0000 1.0000
vn 0.0000 -0.0000 1.0000
vn 0.0000 -0.0000 1.0000
vn 0.0000 -0.0000 1.0000
vn 0.0000 -0.0000 1.0000
vn 0.0000 -0.0000 1.0000
vn 0.0000 -0.0000 1.0000
vn 0.0000 -0.0000 1.0000
vn 0.0000 -0.0000 1.0000
vn 0.0000 -0.0000 1.0000
vn 0.0000 -0.0000 1.0000
vn 0.0000 -0.0000 1.0000
vn 0.0000 -0.0000 1.0000
vn 0.0000 -0.0000 1.0000
vn 0.0000 -0.0000 1.0000
vn 0.0000 -0.0000 1.0000
vn 0.0000 -0.0000 1.0000
vn 0.0000 -0.0000 1.0000
vn 0.0000 -0.0000 1.0000
vn 0.0000 -0.0000 1.0000
vn 0.0000 -0.0000 1.0000
vn 0.0000 -0.0000 1.0000
vn 0.0000 -0.0000 1.0000
vn 0.0000 -0.0000 1.0000
vn 0.0000 -0.0000 1.0000
vn 0.0000 -0.0000 1.0000
vn 0.0000 -0.0000 1.0000
vn 0.0000 -0.0000 1.0000
vn 0.0000 -0.0000 1.0000
vn 0.0000 -0.0000 1.0000
vn 0.0000 -0.0000 1.0000
vn 0.0000 -0.0000 1.0000
vn 0.0000 -0.0000 1.0000
vn 0.0000 -0.0000 1.0000
vn 0.0000 -0.0000 1.0000
vn 0.0000 -0.0000 1.0000
vn 0.0000 -0.0000 1.0000
vn 0.0000 -0.0000 1.0000
vn 0.0000 -0.0000 1.0000
vn 0.0000 -0.0000 1.0000
vn 0.0000 -0.0000 1.0000
vn 0.0000 -0.0000 1.0000
vn 0.0000 -0.0000 1.0000
vn 0.0000 -0.0000 1.0000
vn 0.0000 -0.0000 1.0000
vn 0.0000 -0.0000 1.0000
vn 0.0000 -0.0000 1.0000
vn 0.0000 -0.0000 1.0000
vn 0.0000 -0.0000 1.0000
vn 0.0000 -0.0000 1.0000
vn 0.0000 -0.0000 1.0000
vn 0.0000 -0.0000 1.0000
vn 0.0000 -0.0000 1.0000
vn 0.0000 -0.0000 1.0000
vn 0.0000 -0.0000 1.0000
vn 0.0000 -0.0000 1.0000
vn 0.0000 -0.0000 1.0000
vn 0.0000 -0.0000 1.0000
vn 0.0000 -0.0000 1.0000
vn 0.0000 -0.0000 1.0000
vn 0.0000 -0.0000 1.0000
vn 0.0000 -0.0000 1.0000
vn 0.0000 -0.0000 1.0000
vn 0.0000 -0.0000 1.0000
vn 0.0000 -0.0000 1.0000
vn 0.0000 -0.0000 1.0000
vn 0.0000 -0.0000 1.0000
vn 0.0000 -0.0000 1.0000
vn 0.0000 -0.0000 1.0000
vn 0.0000 -0.0000 1.0000
vn 0.0000 -0.0000 1.0000
vn 0.0000 -0.0000 1.0000
vn 0.0000 -0.0000 1.0000
vn 0.0000 -0.0000 1.0000
vn 0.0000 -0.0000 1.0000
vn 0.0000 -0.0000 1.0000
vn 0.0000 -0.0000 1.0000
vn 0.0000 -0.0000 1.0000
vn 0.0000 0.0000 1.0000
vn 0.0000 0.0000 1.0000
vn 0.0000 0.0000 1.0000
vn 0.0000 0.0000 1.0000
vn 0.0000 0.0000 1.0000
vn 0.0000 0.0000 1.0000
vn 0.0000 0.0000 1.0000
vn 0.0000 0.0000 1.0000
vn 0.0000 0.0000 1.0000
vn 0.0000 0.0000 1.0000
vn 0.0000 0.0000 1.0000
vn 0.0000 0.0000 1.0000
vn 0.0000 0.0000 1.0000
vn 0.0000 0.0000 1.0000
vn 0.0000 0.0000 1.0000
vn 0.0000 0.0000 1.0000
vn 0.0000 0.0000 1.0000
vn 0.0000 0.0000 1.0000
vn 0.0000 0.0000 1.0000
vn 0.0000 0.0000 1.0000
vn 0.0000 0.0000 1.0000
vn 0.0000 0.0000 1.0000
vn 0.0000 0.0000 1.0000
vn 0.0000 0.0000 1.0000
vn 0.0000 0.0000 1.0000
vn 0.0000 0.0000 1.0000
vn 0.0000 0.0000 1.0000
vn 0.0000 0.0000 1.0000
vn 0.0000 0.0000 1.0000
vn 0.0000 0.0000 1.0000
vn 0.0000 0.0000 1.0000
vn 0.0000 0.0000 1.0000
vn 0.0000 0.0000 1.0000
vn 0.0000 0.0000 1.0000
vn 0.0000 0.0000 1.0000
vn 0.0000 0.0000 1.0000
vn 0.0000 0.0000 1.0000
vn 0.0000 0.0000 1.0000
vn 0.0000 0.0000 1.0000
vn 0.0000 0.0000 1.0000
vn 0.0000 0.0000 1.0000
vn 0.0000 0.0000 1.0000
vn 0.0000 0.0000 1.0000
vn 0.0000 0.0000 1.0000
vn 0.0000 0.0000 1.0000
vn 0.0000 0.0000 1.0000
vn 0.0000 0.0000 1.0000
vn 0.0000 0.0000 1.0000
vn 0.0000 0.0000 1.0000
vn 0.0000 0.0000 1.0000
vn 0.0000 0.0000 1.0000
vn 0.0000 0.0000 1.0000
vn 0.0000 0.0000 1.0000
vn 0.0000 0.0000 1.0000
vn 0.0000 0.0000 1.0000
vn 0.0000 0.0000 1.0000
vn 0.0000 0.0000 1.0000
vn 0.0000 0.0000 1.0000
vn 0.0000 0.0000 1.0000
vn 0.0000 0.0000 1.0000
vn 0.0000 0.0000 1.0000
vn 0.0000 0.0000 1.0000
vn 0.0000 0.0000 1.0000
vn 0.0000 0.0000 1.0000
vn 0.0000 0.0000 1.0000
vn 0.0000 0.0000 1.0000
vn 0.0000 0.0000 1.0000
vn 0.0000 0.0000 1.0000
vn 0.0000 0.0000 1.0000
vn 0.0000 0.0000 1.0000
vn 0.0000 0.0000 1.0000
vn 0.0000 0.0000 1.0000
vn 0.0000 0.0000 1.0000
vn 0.0000 0.0000 1.0000
vn 0.0000 0.0000 1.0000
vn 0.0000 0.0000 1.0000
vn 0.0000 0.0000 1.0000
vn 0.0000 0.0000 1.0000
vn 0.0000 0.0000 1.0000
vn 0.0000 0.0000 1.0000
vn 0.0000 0.0000 1.0000
vn 0.0000 0.0000 1.0000
vn 0.0000 0.0000 1.0000
vn 0.0000 0.0000 1.0000
vn 0.0000 0.0000 1.0000
vn 0.0000 0.0000 1.0000
vn 0.0000 0.0000 1.0000
vn 0.0000 0.0000 1.0000
vn 0.0000 0.0000 1.0000
vn 0.0000 0.0000 1.0000
vn 0.0000 0.0000 1.0000
vn 0.0000 0.0000 1.0000
vn 0.0000 0.0000 1.0000
vn 0.0000 0.0000 1.0000
vn 0.0000 0.0000 1.0000
vn 0.0000 0.0000 1.0000
vn 0.0000 0.0000 1.0000
vn 0.0000 0.0000 1.0000
vn 0.0000 0.0000 1.0000
vn 0.0000 0.0000 1.0000
vn 0.0000 0.0000 1.0000
vn 0.0000 0.0000 1.0000
vn 0.0000 0.0000 1.0000
vn 0.0000 0.0000 1.0000
vn 0.0000 0.0000 1.0000
vn 0.0000 0.0000 1.0000
vn 0.0000 0.0000 1.0000
vn 0.0000 0.0000 1.0000
vn 0.0000 0.0000 1.0000
vn 0.0000 0.0000 1.0000
vn 0.0000 0.0000 1.0000
vn 0.0000 0.0000 1.0000
vn 0.0000 0.0000 1.0000
vn 0.0000 0.0000 1.0000
vn 0.0000 0.0000 1.0000
vn 0.0000 0.0000 1.0000
vn 0.0000 0.0000 1.0000
vn 0.0000 0.0000 1.0000
vn 0.0000 0.0000 1.0000
vn 0.0000 0.0000 1.0000
vn 0.0000 0.0000 1.0000
vn 0.0000 0.0000 1.0000
vn 0.0000 0.0000 1.0000
vn 0.0000 0.0000 1.0000
vn 0.0000 0.0000 1.0000
vn 0.0000 0.0000 1.0000
vn 0.0000 0.0000 1.0000
vn 0.0000 0.0000 1.0000
vn 0.0000 0.0000 1.0000
vn 0.0000 0.0000 1.0000
vn 0.0000 0.0000 1.0000
vn 0.0000 0.0000 1.0000
vn 0.0000 0.0000 1.0000
vn 0.0000 0.0000 1.0000
vn 0.0000 0.0000 1.0000
vn 0.0000 0.0000 1.0000
vn 0.0000 0.0000 1.0000
vn 0.0000 0.0000 1.0000
vn 0.0000 0.0000 1.0000
vn 0.0000 0.0000 1.0000
vn 0.0000 0.0000 1.0000
vn 0.0000 0.0000 1.0000
vn 0.0000 0.0000 1.0000
vn 0.0000 0.0000 1.0000
vn 0.0000 0.0000 1.0000
vn 0.0000 0.0000 1.0000
vn 0.0000 0.0000 1.0000
vn 0.0000 0.0000 1.0000
vn 0.0000 0.0000 1.0000
vn 0.0000 0.0000 1.0000
vn 0.0000 0.0000 1.0000
vn 0.0000 0.0000 1.0000
vn 0.0000 0.0000 1.0000
vn 0.0000 0.0000 1.0000
vn 0.0000 0.0000 1.0000
vn 0.0000 0.0000 1.0000
vn 0.0000 0.0000 1.0000
vn 0.0000 0.0000 1.0000
vn 0.0000 0.0000 1.0000
vn 0.0000 0.0000 1.0000
vn 0.0000 0.0000 1.0000
vn 0.0000 0.0000 1.0000
vn 0.0000 0.0000 1.0000
vn 0.0000 0.0000 1.0000
vn 0.0000 0.0000 1.0000
vn 0.0000 0.0000 1.0000
vn 0.0000 0.0000 1.0000
vn 0.0000 0.0000 1.0000
vn 0.0000 0.0000 1.0000
vn 0.0000 0.0000 1.0000
vn 0.0000 0.0000 1.0000
vn 0.0000 0.0000 1.0000
vn 0.0000 0.0000 1.0000
vn 0.0000 0.0000 1.0000
vn 0.0000 0.0000 1.0000
vn 0.0000 0.0000 1.0000
vn 0.0000 0.0000 1.0000
vn 0.0000 0.0000 1.0000
vn 0.0000 0.0000 1.0000
vn 0.0000 0.0000 1.0000
vn 0.0000 0.0000 1.0000
vn 0.0000 0.0000 1.0000
vn 0.0000 0.0000 1.0000
vn 0.0000 0.0000 1.0000
vn 0.0000 0.0000 1.0000
vn 0.0000 0.0000 1.0000
vn 0.0000 0.0000 1.0000
vn 0.0000 0.0000 1.0000
vn 0.0000 0.0000 1.0000
vn 0.0000 0.0000 1.0000
vn 0.0000 0.0000 1.0000
vn 0.0000 0.0000 1.0000
vn 0.0000 0.0000 1.0000
vn 0.0000 0.0000 1.0000
vn 0.0000 0.0000 1.0000
vn 0.0000 0.0000 1.0000
vn 0.0000 0.0000 1.0000
vn 0.0000 0.0000 1.0000
vn 0.0000 0.0000 1.0000
vn 0.0000 0.0000 1.0000
vn 0.0000 0.0000 1.0000
vn 0.0000 0.0000 1.0000
vn 0.0000 0.0000 1.0000
vn 0.0000 0.0000 1.0000
vn 0.0000 0.0000 1.0000
vn 0.0000 0.0000 1.0000
vn 0.0000 0.0000 1.0000
vn 0.0000 0.0000 1.0000
vn 0.0000 0.0000 1.0000
vn 0.0000 0.0000 1.0000
vn 0.0000 0.0000 1.0000
vn 0.0000 0.0000 1.0000
vn 0.0000 0.0000 1.0000
vn 0.0000 0.0000 1.0000
vn 0.0000 0.0000 1.0000
vn 0.0000 0.0000 1.0000
vn 0.0000 0.0000 1.0000
vn 0.0000 0.0000 1.0000
vn 0.0000 0.0000 1.0000
vn 0.0000 0.0000 1.0000
vn 0.0000 0.0000 1.0000
vn 0.0000 0.0000 1.0000
vn 0.0000 0.0000 1.0000
vn 0.0000 0.0000 1.0000
vn 0.0000 0.0000 1.0000
vn 0.0000 0.0000 1.0000
vn 0.0000 0.0000 1.0000
vn 0.0000 0.0000 1.0000
vn 0.0000 0.0000 1.0000
vn 0.0000 0.0000 1.0000
vn 0.0000 0.0000 1.0000
vn 0.0000 0.0000 1.0000
vn 0.0000 0.0000 1.0000
vn 0.0000 0.0000 1.0000
vn 0.0000 0.0000 1.0000
vn 0.0000 0.0000 1.0000
vn 0.0000 0.0000 1.0000
vn 0.0000 0.0000 1.0000
vn 0.0000 0.0000 1.0000
vn 0.0000 0.0000 1.0000
vn 0.0000 0.0000 1.0000
vn 0.0000 0.0000 1.0000
vn 0.0000 0.0000 1.0000
vn 0.0000 0.0000 1.0000
vn 0.0000 0.0000 1.0000
vn 0.0000 0.0000 1.0000
vn 0.0000 0.0000 1.0000
vn 0.0000 0.0000 1.0000
vn 0.0000 0.0000 1.0000
vn 0.0000 0.0000 1.0000
vn 0.0000 0.0000 1.0000
vn 0.0000 0.0000 1.0000
vn 0.0000 0.0000 1.0000
vn 0.0000 0.0000 1.0000
vn 0.0000 0.0000 1.0000
vn 0.0000 0.0000 1.0000
vn 0.0000 0.0000 1.0000
vn 0.0000 0.0000 1.0000
vn 0.0000 0.0000 1.0000
vn 0.0000 0.0000 1.0000
vn 0.0000 0.0000 1.0000
vn 0.0000 0.0000 1.0000
vn 0.0000 0.0000 1.0000
vn 0.0000 0.0000 1.0000
vn 0.0000 0.0000 1.0000
vn 0.0000 0.0000 1.0000
vn 0.0000 0.0000 1.0000
vn 0.0000 0.0000 1.0000
vn 0.0000 0.0000 1.0000
vn 0.0000 0.0000 1.0000
vn 0.0000 0.0000 1.0000
vn 0.0000 0.0000 1.0000
vn 0.0000 0.0000 1.0000
vn 0.0000 0.0000 1.0000
vn 0.0000 0.0000 1.0000
vn 0.0000 0.0000 1.0000
vn 0.0000 0.0000 1.0000
vn 0.0000 0.0000 1.0000
vn 0.0000 0.0000 1.0000
vn 0.0000 0.0000 1.0000
vn 0.0000 0.0000 1.0000
vn 0.0000 0.0000 1.0000
vn 0.0000 0.0000 1.0000
vn 0.0000 0.0000 1.0000
vn 0.0000 0.0000 1.0000
vn 0.0000 0.0000 1.0000
vn 0.0000 0.0000 1.0000
vn 0.0000 0.0000 1.0000
vn 0.0000 0.0000 1.0000
vn 0.0000 0.0000 1.0000
vn 0.0000 0.0000 1.0000
vn 0.0000 0.0000 1.0000
vn 0.0000 0.0000 1.0000
vn 0.0000 0.0000 1.0000
vn 0.0000 0.0000 1.0000
vn 0.0000 0.0000 1.0000
vn 0.0000 0.0000 1.0000
vn 0.0000 0.0000 1.0000
vn 0.0000 0.0000 1.0000
vn 0.0000 0.0000 1.0000
vn 0.0000 0.0000 1.0000
vn 0.0000 0.0000 1.0000
vn 0.0000 0.0000 1.0000
vn 0.0000 0.0000 1.0000
vn 0.0000 0.0000 1.0000
vn 0.0000 0.0000 1.0000
vn 0.0000 0.0000 1.0000
vn 0.0000 0.0000 1.0000
vn 0.0000 0.0000 1.0000
vn 0.0000 0.0000 1.0000
vn 0.0000 0.0000 1.0000
vn 0.0000 0.0000 1.0000
vn 0.0000 0.0000 1.0000
vn 0.0000 0.0000 1.0000
vn 0.0000 0.0000 1.0000
vn 0.0000 0.0000 1.0000
vn 0.0000 0.0000 1.0000
vn 0.0000 0.0000 1.0000
vn 0.0000 0.0000 1.0000
vn 0.0000 0.0000 1.0000
vn 0.0000 0.0000 1.0000
vn 0.0000 0.0000 1.0000
vn 0.0000 0.0000 1.0000
vn 0.0000 0.0000 1.0000
vn 0.0000 0.0000 1.0000
vn 0.0000 0.0000 1.0000
vn 0.0000 0.0000 1.0000
vn 0.0000 0.0000 1.0000
vn 0.0000 0.0000 1.0000
vn 0.0000 0.0000 1.0000
vn 0.0000 0.0000 1.0000
vn 0.0000 0.0000 1.0000
vn 0.0000 0.0000 1.0000
vn 0.0000 0.0000 1.0000
vn 0.0000 0.0000 1.0000
vn 0.0000 0.0000 1.0000
vn 0.0000 0.0000 1.0000
vn 0.0000 0.0000 1.0000
vn 0.0000 0.0000 1.0000
vn 0.0000 0.0000 1.0000
vn 0.0000 0.0000 1.0000
vn 0.0000 0.0000 1.0000
vn 0.0000 0.0000 1.0000
vn 0.0000 0.0000 1.0000
vn 0.0000 0.0000 1.0000
vn 0.0000 0.0000 1.0000
vn 0.0000 0.0000 1.0000
vn 0.0000 0.0000 1.0000
vn 0.0000 0.0000 1.0000
vn 0.0000 0.0000 1.0000
vn 0.0000 0.0000 1.0000
vn 0.0000 0.0000 1.0000
vn 0.0000 0.0000 1.0000
vn 0.0000 0.0000 1.0000
vn 0.0000 0.0000 1.0000
vn 0.0000 0.0000 1.0000
vn 0.0000 0.0000 1.0000
vn 0.0000 0.0000 1.0000
vn 0.0000 0.0000 1.0000
vn 0.0000 0.0000 1.0000
vn 0.0000 0.0000 1.0000
vn 0.0000 0.0000 1.0000
vn 0.0000 0.0000 1.0000
vn 0.0000 0.0000 1.0000
vn 0.0000 0.0000 1.0000
vn 0.0000 0.0000 1.0000
vn 0.0000 0.0000 1.0000
vn 0.0000 0.0000 1.0000
vn 0.0000 0.0000 1.0000
vn 0.0000 0.0000 1.0000
vn 0.0000 0.0000 1.0000
vn 0.0000 0.0000 1.0000
vn 0.0000 0.0000 1.0000
vn 0.0000 0.0000 1.0000
vn 0.0000 0.0000 1.0000
vn 0.0000 0.0000 1.0000
vn 0.0000 0.0000 1.0000
vn 0.0000 0.0000 1.0000
vn 0.0000 0.0000 1.0000
vn 0.0000 0.0000 1.0000
vn 0.0000 0.0000 1.0000
vn 0.0000 0.0000 1.0000
vn 0.0000 0.0000 1.0000
vn 0.0000 0.0000 1.0000
vn 0.0000 0.0000 1.0000
vn 0.0000 0.0000 1.0000
vn 0.0000 0.0000 1.0000
vn 0.0000 0.0000 1.0000
vn 0.0000 0.0000 1.0000
vn 0.0000 0.0000 1.0000
vn 0.0000 0.0000 1.0000
vn 0.0000 0.0000 1.0000
vn 0.0000 0.0000 1.0000
vn 0.0000 0.0000 1.0000
vn 0.0000 0.0000 1.0000
vn 0.0000 0.0000 1.0000
vn 0.0000 0.0000 1.0000
vn 0.0000 0.0000 1.0000
vn 0.0000 0.0000 1.0000
vn 0.0000 0.0000 1.0000
vn -0.0000 0.0000 1.0000
vn -0.0000 0.0000 1.0000
vn -0.0000 0.0000 1.0000
vn -0.0000 0.0000 1.0000
vn -0.0000 0.0000 1.0000
vn -0.0000 0.0000 1.0000
vn -0.0000 0.0000 1.0000
vn -0.0000 0.0000 1.0000
vn -0.0000 0.0000 1.0000
vn -0.0000 0.0000 1.0000
vn -0.0000 0.0000 1.0000
vn -0.0000 0.0000 1.0000
vn -0.0000 0.0000 1.0000
vn -0.0000 0.0000 1.0000
vn -0.0000 0.0000 1.0000
vn -0.0000 0.0000 1.0000
vn -0.0000 0.0000 1.0000
vn -0.0000 0.0000 1.0000
vn -0.0000 0.0000 1.0000
vn -0.0000 0.0000 1.0000
vn -0.0000 0.0000 1.0000
vn -0.0000 0.0000 1.0000
vn -0.0000 0.0000 1.0000
vn -0.0000 0.0000 1.0000
vn -0.0000 0.0000 1.0000
vn -0.0000 0.0000 1.0000
vn -0.0000 0.0000 1.0000
vn -0.0000 0.0000 1.0000
vn -0.0000 0.0000 1.0000
vn -0.0000 0.0000 1.0000
vn -0.0000 0.0000 1.0000
vn -0.0000 0.0000 1.0000
vn -0.0000 0.0000 1.0000
vn -0.0000 0.0000 1.0000
vn -0.0000 0.0000 1.0000
vn -0.0000 0.0000 1.0000
vn -0.0000 0.0000 1.0000
vn -0.0000 0.0000 1.0000
vn -0.0000 0.0000 1.0000
vn -0.0000 0.0000 1.0000
vn -0.0000 0.0000 1.0000
vn -0.0000 0.0000 1.0000
vn -0.0000 0.0000 1.0000
vn -0.0000 0.0000 1.0000
vn -0.0000 0.0000 1.0000
vn -0.0000 0.0000 1.0000
vn -0.0000 0.0000 1.0000
vn -0.0000 0.0000 1.0000
vn -0.0000 0.0000 1.0000
vn -0.0000 0.0000 1.0000
vn -0.0000 0.0000 1.0000
vn -0.0000 0.0000 1.0000
vn -0.0000 0.0000 1.0000
vn -0.0000 0.0000 1.0000
vn -0.0000 0.0000 1.0000
vn -0.0000 0.0000 1.0000
vn -0.0000 0.0000 1.0000
vn -0.0000 0.0000 1.0000
vn -0.0000 0.0000 1.0000
vn -0.0000 0.0000 1.0000
vn -0.0000 0.0000 1.0000
vn -0.0000 0.0000 1.0000
vn -0.0000 0.0000 1.0000
vn -0.0000 0.0000 1.0000
vn -0.0000 0.0000 1.0000
vn -0.0000 0.0000 1.0000
vn -0.0000 0.0000 1.0000
vn -0.0000 0.0000 1.0000
vn -0.0000 0.0000 1.0000
vn -0.0000 0.0000 1.0000
vn -0.0000 0.0000 1.0000
vn -0.0000 0.0000 1.0000
vn -0.0000 0.0000 1.0000
vn -0.0000 0.0000 1.0000
vn -0.0000 0.0000 1.0000
vn -0.0000 0.0000 1.0000
vn -0.0000 0.0000 1.0000
vn -0.0000 0.0000 1.0000
vn -0.0000 0.0000 1.0000
vn -0.0000 0.0000 1.0000
vn -0.0000 0.0000 1.0000
vn -0.0000 0.0000 1.0000
vn -0.0000 0.0000 1.0000
vn -0.0000 0.0000 1.0000
vn -0.0000 0.0000 1.0000
vn -0.0000 0.0000 1.0000
vn -0.0000 0.0000 1.0000
vn -0.0000 0.0000 1.0000
vn -0.0000 0.0000 1.0000
vn -0.0000 0.0000 1.0000
vn -0.0000 0.0000 1.0000
vn -0.0000 0.0000 1.0000
vn -0.0000 0.0000 1.0000
vn -0.0000 0.0000 1.0000
vn -0.0000 0.0000 1.0000
vn -0.0000 0.0000 1.0000
vn -0.0000 0.0000 1.0000
vn -0.0000 0.0000 1.0000
vn -0.0000 0.0000 1.0000
vn -0.0000 0.0000 1.0000
vn 0.0000 0.0000 1.0000
vn 0.0000 0.0000 1.0000
vn 0.0000 0.0000 1.0000
vn 0.0000 0.0000 1.0000
vn 0.0000 0.0000 1.0000
vn 0.0000 0.0000 1.0000
vn 0.0000 0.0000 1.0000
vn 0.0000 0.0000 1.0000
vn 0.0000 0.0000 1.0000
vn 0.0000 0.0000 1.0000
vn 0.0000 0.0000 1.0000
vn 0.0000 0.0000 1.0000
vn 0.0000 0.0000 1.0000
vn 0.0000 0.0000 1.0000
vn 0.0000 0.0000 1.0000
vn 0.0000 0.0000 1.0000
vn 0.0000 0.0000 1.0000
vn 0.0000 0.0000 1.0000
vn 0.0000 0.0000 1.0000
vn 0.0000 0.0000 1.0000
vn 0.0000 0.0000 1.0000
vn 0.0000 0.0000 1.0000
vn 0.0000 0.0000 1.0000
vn 0.0000 0.0000 1.0000
vn 0.0000 0.0000 1.0000
vn 0.0000 0.0000 1.0000
vn 0.0000 0.0000 1.0000
vn 0.0000 0.0000 1.0000
vn 0.0000 0.0000 1.0000
vn 0.0000 0.0000 1.0000
vn 0.0000 0.0000 1.0000
vn 0.0000 0.0000 1.0000
vn 0.0000 0.0000 1.0000
vn 0.0000 0.0000 1.0000
vn 0.0000 0.0000 1.0000
vn 0.0000 0.0000 1.0000
vn 0.0000 0.0000 1.0000
vn 0.0000 0.0000 1.0000
vn 0.0000 0.0000 1.0000
vn 0.0000 0.0000 1.0000
vn 0.0000 0.0000 1.0000
vn 0.0000 0.0000 1.0000
vn 0.0000 0.0000 1.0000
vn 0.0000 0.0000 1.0000
vn 0.0000 0.0000 1.0000
vn 0.0000 0.0000 1.0000
vn 0.0000 0.0000 1.0000
vn 0.0000 0.0000 1.0000
vn 0.0000 0.0000 1.0000
vn 0.0000 0.0000 1.0000
vn 0.0000 0.0000 1.0000
vn 0.0000 0.0000 1.0000
vn 0.0000 0.0000 1.0000
vn 0.0000 0.0000 1.0000
vn 0.0000 0.0000 1.0000
vn 0.0000 0.0000 1.0000
vn 0.0000 0.0000 1.0000
vn 0.0000 0.0000 1.0000
vn 0.0000 0.0000 1.0000
vn 0.0000 0.0000 1.0000
vn 0.0000 0.0000 1.0000
vn 0.0000 0.0000 1.0000
vn 0.0000 0.0000 1.0000
vn 0.0000 0.0000 1.0000
vn 0.0000 0.0000 1.0000
vn 0.0000 0.0000 1.0000
vn 0.0000 0.0000 1.0000
vn 0.0000 0.0000 1.0000
vn 0.0000 0.0000 1.0000
vn 0.0000 0.0000 1.0000
vn 0.0000 0.0000 1.0000
vn 0.0000 0.0000 1.0000
vn 0.0000 0.0000 1.0000
vn 0.0000 0.0000 1.0000
vn 0.0000 0.0000 1.0000
vn 0.0000 0.0000 1.0000
vn 0.0000 0.0000 1.0000
vn 0.0000 0.0000 1.0000
vn 0.0000 0.0000 1.0000
vn 0.0000 0.0000 1.0000
vn 0.0000 0.0000 1.0000
vn 0.0000 0.0000 1.0000
vn 0.0000 0.0000 1.0000
vn 0.0000 0.0000 1.0000
vn 0.0000 0.0000 1.0000
vn 0.0000 0.0000 1.0000
vn 0.0000 0.0000 1.0000
vn 0.0000 0.0000 1.0000
vn 0.0000 0.0000 1.0000
vn 0.0000 0.0000 1.0000
vn 0.0000 0.0000 1.0000
vn 0.0000 0.0000 1.0000
vn 0.0000 0.0000 1.0000
vn 0.0000 0.0000 1.0000
vn 0.0000 0.0000 1.0000
vn 0.0000 0.0000 1.0000
vn 0.0000 0.0000 1.0000
vn 0.0000 0.0000 1.0000
vn 0.0000 0.0000 1.0000
vn 0.0000 0.0000 1.0000
o Plane.001
s 0
f 164/1/1 157/1/1 12/1/1
f 241/1/2 9/1/2 8/1/2
f 223/1/3 258/1/3 31/1/3
f 8/1/4 214/1/4 231/1/4
f 241/1/5 8/1/5 231/1/5
f 4/1/6 250/1/6 240/1/6
f 1433/1/7 2903/1/7 2435/1/7
f 2903/1/8 2023/1/8 2435/1/8
f 2435/1/9 1707/1/9 1433/1/9
f 2023/1/10 2904/1/10 2436/1/10
f 3/1/11 3347/1/11 2904/1/11
f 3347/1/12 2436/1/12 2904/1/12
f 2436/1/13 3348/1/13 2435/1/13
f 3348/1/14 1707/1/14 2435/1/14
f 2435/1/15 2023/1/15 2436/1/15
f 2024/1/16 2905/1/16 2437/1/16
f 1707/1/17 3349/1/17 2905/1/17
f 3349/1/18 2437/1/18 2905/1/18
f 2437/1/19 3350/1/19 2906/1/19
f 3350/1/20 4/1/20 2906/1/20
f 2906/1/21 2024/1/21 2437/1/21
f 1707/1/22 2905/1/22 2438/1/22
f 2905/1/23 2024/1/23 2438/1/23
f 2438/1/24 1433/1/24 1707/1/24
f 1708/1/25 2025/1/25 2023/1/25
f 3/1/26 2904/1/26 2025/1/26
f 2904/1/27 2023/1/27 2025/1/27
f 2023/1/28 2903/1/28 2439/1/28
f 2903/1/29 1433/1/29 2439/1/29
f 2439/1/30 1708/1/30 2023/1/30
f 3/1/31 2025/1/31 232/1/31
f 2025/1/32 1708/1/32 232/1/32
f 1434/1/33 2907/1/33 2440/1/33
f 2907/1/34 2026/1/34 2440/1/34
f 2440/1/35 1709/1/35 1434/1/35
f 2/1/36 2441/1/36 2026/1/36
f 2441/1/37 3351/1/37 2440/1/37
f 3351/1/38 1709/1/38 2440/1/38
f 2440/1/39 2026/1/39 2441/1/39
f 2027/1/40 2908/1/40 2442/1/40
f 1709/1/41 3352/1/41 2908/1/41
f 3352/1/42 2442/1/42 2908/1/42
f 2442/1/43 3353/1/43 2909/1/43
f 3353/1/44 1/1/44 2909/1/44
f 2909/1/45 2027/1/45 2442/1/45
f 1709/1/46 2908/1/46 2443/1/46
f 2908/1/47 2027/1/47 2443/1/47
f 2443/1/48 1434/1/48 1709/1/48
f 2/1/49 2026/1/49 1710/1/49
f 2026/1/50 2907/1/50 2444/1/50
f 2907/1/51 1434/1/51 2444/1/51
f 2444/1/52 1710/1/52 2026/1/52
f 1710/1/53 223/1/53 2/1/53
f 3/1/54 213/1/54 1/1/54
f 187/1/55 188/1/55 40/1/55
f 19/1/56 45/1/56 16/1/56
f 164/1/57 13/1/57 173/1/57
f 2445/1/58 2911/1/58 2910/1/58
f 2911/1/59 2028/1/59 2910/1/59
f 2910/1/60 1435/1/60 2445/1/60
f 2028/1/61 2911/1/61 1711/1/61
f 2911/1/62 2445/1/62 1711/1/62
f 1/1/63 2912/1/63 2028/1/63
f 2912/1/64 2282/1/64 2028/1/64
f 2282/1/65 2716/1/65 2910/1/65
f 2716/1/66 1435/1/66 2910/1/66
f 2910/1/67 2028/1/67 2282/1/67
f 1/1/68 2028/1/68 141/1/68
f 2028/1/69 1711/1/69 141/1/69
f 1435/1/70 2715/1/70 2446/1/70
f 2715/1/71 1898/1/71 2446/1/71
f 2446/1/72 1607/1/72 1435/1/72
f 14/1/73 2284/1/73 1898/1/73
f 2284/1/74 3155/1/74 2446/1/74
f 3155/1/75 1607/1/75 2446/1/75
f 2446/1/76 1898/1/76 2284/1/76
f 1711/1/77 2913/1/77 2283/1/77
f 1607/1/78 3154/1/78 2913/1/78
f 3154/1/79 2283/1/79 2913/1/79
f 2283/1/80 141/1/80 1711/1/80
f 1607/1/81 2913/1/81 2445/1/81
f 2913/1/82 1711/1/82 2445/1/82
f 2445/1/83 1435/1/83 1607/1/83
f 140/1/84 12/1/84 157/1/84
f 38/1/85 17/1/85 10/1/85
f 4/1/86 172/1/86 5/1/86
f 1436/1/87 2914/1/87 2447/1/87
f 2914/1/88 2029/1/88 2447/1/88
f 2447/1/89 1707/1/89 1436/1/89
f 2029/1/90 2915/1/90 2437/1/90
f 4/1/91 3350/1/91 2915/1/91
f 3350/1/92 2437/1/92 2915/1/92
f 2437/1/93 3349/1/93 2447/1/93
f 3349/1/94 1707/1/94 2447/1/94
f 2447/1/95 2029/1/95 2437/1/95
f 1900/1/96 2916/1/96 2436/1/96
f 1707/1/97 3348/1/97 2916/1/97
f 3348/1/98 2436/1/98 2916/1/98
f 2436/1/99 3347/1/99 2286/1/99
f 3347/1/100 3/1/100 2286/1/100
f 2286/1/101 1900/1/101 2436/1/101
f 1707/1/102 2916/1/102 2448/1/102
f 2916/1/103 1900/1/103 2448/1/103
f 2448/1/104 1436/1/104 1707/1/104
f 2917/1/105 3354/1/105 2449/1/105
f 3354/1/106 1436/1/106 2449/1/106
f 2030/1/107 3355/1/107 2917/1/107
f 3355/1/108 3479/1/108 3354/1/108
f 3479/1/109 1436/1/109 3354/1/109
f 3354/1/110 2917/1/110 3355/1/110
f 2030/1/111 2917/1/111 1712/1/111
f 2917/1/112 2449/1/112 1712/1/112
f 4/1/113 2915/1/113 2030/1/113
f 2915/1/114 2029/1/114 2030/1/114
f 2914/1/115 3356/1/115 2029/1/115
f 3356/1/116 2030/1/116 2029/1/116
f 1436/1/117 3479/1/117 2914/1/117
f 3479/1/118 3355/1/118 2914/1/118
f 2030/1/119 3356/1/119 3355/1/119
f 3356/1/120 2914/1/120 3355/1/120
f 4/1/121 2030/1/121 165/1/121
f 2030/1/122 1712/1/122 165/1/122
f 141/1/123 3/1/123 1/1/123
f 31/1/124 15/1/124 197/1/124
f 69/1/125 85/1/125 60/1/125
f 11/1/126 149/1/126 206/1/126
f 61/1/127 20/1/127 18/1/127
f 222/1/128 7/1/128 259/1/128
f 27/1/129 68/1/129 19/1/129
f 53/1/130 18/1/130 17/1/130
f 28/1/131 45/1/131 29/1/131
f 133/1/132 21/1/132 20/1/132
f 124/1/133 22/1/133 21/1/133
f 116/1/134 23/1/134 22/1/134
f 108/1/135 24/1/135 23/1/135
f 24/1/136 92/1/136 25/1/136
f 25/1/137 84/1/137 26/1/137
f 26/1/138 76/1/138 27/1/138
f 29/1/139 32/1/139 31/1/139
f 32/1/140 33/1/140 31/1/140
f 33/1/141 34/1/141 31/1/141
f 34/1/142 35/1/142 31/1/142
f 35/1/143 36/1/143 31/1/143
f 36/1/144 37/1/144 31/1/144
f 37/1/145 30/1/145 31/1/145
f 186/1/146 187/1/146 41/1/146
f 185/1/147 186/1/147 42/1/147
f 184/1/148 185/1/148 42/1/148
f 183/1/149 184/1/149 182/1/149
f 43/1/150 180/1/150 183/1/150
f 43/1/151 38/1/151 180/1/151
f 52/1/152 39/1/152 181/1/152
f 39/1/153 55/1/153 40/1/153
f 40/1/154 56/1/154 41/1/154
f 41/1/155 57/1/155 42/1/155
f 42/1/156 58/1/156 182/1/156
f 182/1/157 59/1/157 43/1/157
f 43/1/158 53/1/158 38/1/158
f 60/1/159 54/1/159 52/1/159
f 62/1/160 55/1/160 54/1/160
f 63/1/161 56/1/161 55/1/161
f 64/1/162 57/1/162 56/1/162
f 65/1/163 58/1/163 57/1/163
f 58/1/164 67/1/164 59/1/164
f 59/1/165 61/1/165 53/1/165
f 29/1/166 51/1/166 32/1/166
f 32/1/167 50/1/167 33/1/167
f 33/1/168 49/1/168 34/1/168
f 34/1/169 48/1/169 35/1/169
f 35/1/170 47/1/170 36/1/170
f 36/1/171 46/1/171 37/1/171
f 37/1/172 44/1/172 30/1/172
f 45/1/173 70/1/173 51/1/173
f 51/1/174 71/1/174 50/1/174
f 50/1/175 72/1/175 49/1/175
f 49/1/176 73/1/176 48/1/176
f 48/1/177 74/1/177 47/1/177
f 47/1/178 75/1/178 46/1/178
f 46/1/179 69/1/179 44/1/179
f 68/1/180 78/1/180 70/1/180
f 70/1/181 79/1/181 71/1/181
f 71/1/182 80/1/182 72/1/182
f 72/1/183 81/1/183 73/1/183
f 73/1/184 82/1/184 74/1/184
f 74/1/185 83/1/185 75/1/185
f 75/1/186 77/1/186 69/1/186
f 84/1/187 78/1/187 76/1/187
f 86/1/188 79/1/188 78/1/188
f 87/1/189 80/1/189 79/1/189
f 88/1/190 81/1/190 80/1/190
f 89/1/191 82/1/191 81/1/191
f 90/1/192 83/1/192 82/1/192
f 91/1/193 77/1/193 83/1/193
f 84/1/194 94/1/194 86/1/194
f 86/1/195 95/1/195 87/1/195
f 87/1/196 96/1/196 88/1/196
f 88/1/197 97/1/197 89/1/197
f 89/1/198 98/1/198 90/1/198
f 90/1/199 99/1/199 91/1/199
f 91/1/200 93/1/200 85/1/200
f 92/1/201 102/1/201 94/1/201
f 94/1/202 103/1/202 95/1/202
f 95/1/203 104/1/203 96/1/203
f 96/1/204 105/1/204 97/1/204
f 97/1/205 106/1/205 98/1/205
f 98/1/206 107/1/206 99/1/206
f 99/1/207 101/1/207 93/1/207
f 100/1/208 110/1/208 102/1/208
f 102/1/209 111/1/209 103/1/209
f 103/1/210 112/1/210 104/1/210
f 104/1/211 113/1/211 105/1/211
f 105/1/212 114/1/212 106/1/212
f 106/1/213 115/1/213 107/1/213
f 107/1/214 109/1/214 101/1/214
f 116/1/215 110/1/215 108/1/215
f 118/1/216 111/1/216 110/1/216
f 119/1/217 112/1/217 111/1/217
f 120/1/218 113/1/218 112/1/218
f 121/1/219 114/1/219 113/1/219
f 122/1/220 115/1/220 114/1/220
f 123/1/221 109/1/221 115/1/221
f 124/1/222 118/1/222 116/1/222
f 126/1/223 119/1/223 118/1/223
f 127/1/224 120/1/224 119/1/224
f 128/1/225 121/1/225 120/1/225
f 129/1/226 122/1/226 121/1/226
f 130/1/227 123/1/227 122/1/227
f 131/1/228 117/1/228 123/1/228
f 124/1/229 139/1/229 126/1/229
f 126/1/230 138/1/230 127/1/230
f 127/1/231 137/1/231 128/1/231
f 128/1/232 136/1/232 129/1/232
f 129/1/233 135/1/233 130/1/233
f 130/1/234 134/1/234 131/1/234
f 131/1/235 132/1/235 125/1/235
f 60/1/236 134/1/236 62/1/236
f 62/1/237 135/1/237 63/1/237
f 63/1/238 136/1/238 64/1/238
f 64/1/239 137/1/239 65/1/239
f 65/1/240 138/1/240 66/1/240
f 66/1/241 139/1/241 67/1/241
f 67/1/242 133/1/242 61/1/242
f 187/1/243 40/1/243 41/1/243
f 164/1/244 163/1/244 157/1/244
f 166/1/245 162/1/245 163/1/245
f 167/1/246 161/1/246 162/1/246
f 161/1/247 1608/1/247 1437/1/247
f 1608/1/248 169/1/248 1437/1/248
f 1437/1/249 160/1/249 161/1/249
f 160/1/250 1609/1/250 1438/1/250
f 2031/1/251 2918/1/251 1901/1/251
f 2918/1/252 1609/1/252 1901/1/252
f 1901/1/253 170/1/253 2031/1/253
f 1609/1/254 2918/1/254 2450/1/254
f 2918/1/255 2031/1/255 2450/1/255
f 2450/1/256 1438/1/256 1609/1/256
f 1438/1/257 159/1/257 160/1/257
f 159/1/258 1610/1/258 1439/1/258
f 2032/1/259 2919/1/259 2722/1/259
f 2919/1/260 3357/1/260 2722/1/260
f 3357/1/261 1610/1/261 2722/1/261
f 2722/1/262 1902/1/262 2032/1/262
f 1902/1/263 171/1/263 2032/1/263
f 1610/1/264 3357/1/264 2451/1/264
f 3357/1/265 2919/1/265 2451/1/265
f 2919/1/266 2032/1/266 2451/1/266
f 2451/1/267 1439/1/267 1610/1/267
f 1439/1/268 158/1/268 159/1/268
f 158/1/269 1439/1/269 1440/1/269
f 2033/1/270 2920/1/270 2451/1/270
f 2920/1/271 1439/1/271 2451/1/271
f 2451/1/272 2032/1/272 2033/1/272
f 2032/1/273 171/1/273 2033/1/273
f 1439/1/274 2920/1/274 2452/1/274
f 2920/1/275 2033/1/275 2452/1/275
f 2452/1/276 1440/1/276 1439/1/276
f 1440/1/277 2034/1/277 158/1/277
f 2034/1/278 1713/1/278 158/1/278
f 1713/1/279 156/1/279 158/1/279
f 140/1/280 155/1/280 149/1/280
f 142/1/281 154/1/281 155/1/281
f 143/1/282 153/1/282 154/1/282
f 1441/1/283 2035/1/283 1612/1/283
f 2035/1/284 153/1/284 1612/1/284
f 1612/1/285 1904/1/285 2036/1/285
f 1904/1/286 144/1/286 2036/1/286
f 2036/1/287 1441/1/287 1612/1/287
f 153/1/288 2035/1/288 1714/1/288
f 2035/1/289 1441/1/289 1714/1/289
f 1714/1/290 2037/1/290 153/1/290
f 152/1/291 2453/1/291 2037/1/291
f 2453/1/292 153/1/292 2037/1/292
f 1442/1/293 2039/1/293 2038/1/293
f 2039/1/294 2922/1/294 2921/1/294
f 2922/1/295 152/1/295 2921/1/295
f 2921/1/296 2038/1/296 2039/1/296
f 2038/1/297 1613/1/297 1442/1/297
f 1613/1/298 145/1/298 1442/1/298
f 1715/1/299 2454/1/299 2039/1/299
f 152/1/300 2922/1/300 2454/1/300
f 2922/1/301 2039/1/301 2454/1/301
f 1442/1/302 2455/1/302 2039/1/302
f 2455/1/303 1715/1/303 2039/1/303
f 152/1/304 2454/1/304 2040/1/304
f 2454/1/305 1715/1/305 2040/1/305
f 151/1/306 2456/1/306 2040/1/306
f 2456/1/307 152/1/307 2040/1/307
f 2041/1/308 2457/1/308 2042/1/308
f 1443/1/309 2926/1/309 2457/1/309
f 2926/1/310 2042/1/310 2457/1/310
f 2042/1/311 2925/1/311 2923/1/311
f 2925/1/312 151/1/312 2923/1/312
f 2923/1/313 2041/1/313 2042/1/313
f 2457/1/314 2924/1/314 1443/1/314
f 2924/1/315 1614/1/315 1443/1/315
f 2041/1/316 2726/1/316 2457/1/316
f 1614/1/317 2924/1/317 2726/1/317
f 2924/1/318 2457/1/318 2726/1/318
f 1614/1/319 146/1/319 1443/1/319
f 1716/1/320 2043/1/320 2042/1/320
f 151/1/321 2925/1/321 2043/1/321
f 2925/1/322 2042/1/322 2043/1/322
f 2042/1/323 2926/1/323 2458/1/323
f 2926/1/324 1443/1/324 2458/1/324
f 2458/1/325 1716/1/325 2042/1/325
f 151/1/326 2043/1/326 150/1/326
f 2043/1/327 1716/1/327 150/1/327
f 1444/1/328 2462/1/328 2459/1/328
f 2462/1/329 2044/1/329 2459/1/329
f 2459/1/330 1615/1/330 1444/1/330
f 150/1/331 2292/1/331 2044/1/331
f 2292/1/332 2727/1/332 2459/1/332
f 2727/1/333 1615/1/333 2459/1/333
f 2459/1/334 2044/1/334 2292/1/334
f 2045/1/335 2460/1/335 147/1/335
f 2460/1/336 1615/1/336 147/1/336
f 1615/1/337 2460/1/337 2461/1/337
f 2460/1/338 2045/1/338 2461/1/338
f 2461/1/339 2927/1/339 1615/1/339
f 2927/1/340 1444/1/340 1615/1/340
f 150/1/341 2044/1/341 1717/1/341
f 2044/1/342 2462/1/342 1717/1/342
f 1444/1/343 2928/1/343 2462/1/343
f 2928/1/344 1717/1/344 2462/1/344
f 1717/1/345 148/1/345 150/1/345
f 157/1/346 142/1/346 140/1/346
f 163/1/347 143/1/347 142/1/347
f 162/1/348 144/1/348 143/1/348
f 161/1/349 145/1/349 144/1/349
f 160/1/350 146/1/350 145/1/350
f 159/1/351 147/1/351 146/1/351
f 158/1/352 141/1/352 147/1/352
f 173/1/353 166/1/353 164/1/353
f 179/1/354 167/1/354 166/1/354
f 178/1/355 168/1/355 167/1/355
f 177/1/356 169/1/356 168/1/356
f 176/1/357 170/1/357 169/1/357
f 175/1/358 171/1/358 170/1/358
f 174/1/359 165/1/359 171/1/359
f 199/1/360 1445/1/360 188/1/360
f 1445/1/361 197/1/361 188/1/361
f 199/1/362 1446/1/362 200/1/362
f 1446/1/363 2046/1/363 1618/1/363
f 187/1/364 1908/1/364 2046/1/364
f 1908/1/365 1618/1/365 2046/1/365
f 1618/1/366 200/1/366 1446/1/366
f 200/1/367 1447/1/367 201/1/367
f 1447/1/368 1718/1/368 201/1/368
f 1718/1/369 186/1/369 201/1/369
f 201/1/370 185/1/370 202/1/370
f 202/1/371 184/1/371 203/1/371
f 203/1/372 183/1/372 204/1/372
f 204/1/373 180/1/373 198/1/373
f 190/1/374 1448/1/374 205/1/374
f 207/1/375 1719/1/375 1448/1/375
f 1719/1/376 205/1/376 1448/1/376
f 196/1/377 208/1/377 207/1/377
f 208/1/378 194/1/378 209/1/378
f 209/1/379 193/1/379 210/1/379
f 210/1/380 192/1/380 211/1/380
f 211/1/381 191/1/381 212/1/381
f 212/1/382 189/1/382 206/1/382
f 197/1/383 1449/1/383 190/1/383
f 196/1/384 1720/1/384 1449/1/384
f 1720/1/385 190/1/385 1449/1/385
f 199/1/386 195/1/386 196/1/386
f 200/1/387 194/1/387 195/1/387
f 201/1/388 193/1/388 194/1/388
f 202/1/389 192/1/389 193/1/389
f 203/1/390 191/1/390 192/1/390
f 204/1/391 189/1/391 191/1/391
f 205/1/392 150/1/392 148/1/392
f 1450/1/393 1721/1/393 150/1/393
f 1721/1/394 151/1/394 150/1/394
f 207/1/395 1722/1/395 1450/1/395
f 1722/1/396 2463/1/396 1721/1/396
f 2463/1/397 151/1/397 1721/1/397
f 1721/1/398 1450/1/398 1722/1/398
f 2047/1/399 2464/1/399 1723/1/399
f 2464/1/400 151/1/400 1723/1/400
f 152/1/401 2456/1/401 2464/1/401
f 2456/1/402 151/1/402 2464/1/402
f 2464/1/403 2047/1/403 152/1/403
f 1451/1/404 2048/1/404 1723/1/404
f 152/1/405 2047/1/405 2048/1/405
f 2047/1/406 1723/1/406 2048/1/406
f 208/1/407 1724/1/407 1451/1/407
f 1724/1/408 2465/1/408 2048/1/408
f 2465/1/409 152/1/409 2048/1/409
f 2048/1/410 1451/1/410 1724/1/410
f 1725/1/411 2050/1/411 2049/1/411
f 2050/1/412 152/1/412 2049/1/412
f 2049/1/413 1452/1/413 1725/1/413
f 153/1/414 2453/1/414 2050/1/414
f 2453/1/415 152/1/415 2050/1/415
f 2050/1/416 1725/1/416 153/1/416
f 153/1/417 1725/1/417 209/1/417
f 1725/1/418 1452/1/418 209/1/418
f 210/1/419 154/1/419 153/1/419
f 211/1/420 155/1/420 154/1/420
f 212/1/421 149/1/421 155/1/421
f 140/1/422 149/1/422 11/1/422
f 232/1/423 2051/1/423 1726/1/423
f 2466/1/424 2930/1/424 2929/1/424
f 2930/1/425 2051/1/425 2929/1/425
f 1453/1/426 2933/1/426 2929/1/426
f 2933/1/427 2466/1/427 2929/1/427
f 2051/1/428 2930/1/428 1726/1/428
f 2930/1/429 2466/1/429 1726/1/429
f 1726/1/430 2052/1/430 232/1/430
f 2052/1/431 239/1/431 232/1/431
f 1453/1/432 2931/1/432 2467/1/432
f 2931/1/433 2053/1/433 2467/1/433
f 2467/1/434 1619/1/434 1453/1/434
f 242/1/435 2297/1/435 2053/1/435
f 2297/1/436 3174/1/436 2467/1/436
f 3174/1/437 1619/1/437 2467/1/437
f 2467/1/438 2053/1/438 2297/1/438
f 1726/1/439 2932/1/439 2296/1/439
f 1619/1/440 3173/1/440 2932/1/440
f 3173/1/441 2296/1/441 2932/1/441
f 2296/1/442 3171/1/442 2052/1/442
f 3171/1/443 239/1/443 2052/1/443
f 2052/1/444 1726/1/444 2296/1/444
f 1619/1/445 2932/1/445 2466/1/445
f 2932/1/446 1726/1/446 2466/1/446
f 2466/1/447 2933/1/447 1619/1/447
f 2933/1/448 1453/1/448 1619/1/448
f 1727/1/449 2055/1/449 2054/1/449
f 2055/1/450 2937/1/450 2934/1/450
f 2937/1/451 239/1/451 2934/1/451
f 2934/1/452 2054/1/452 2055/1/452
f 2054/1/453 2935/1/453 2468/1/453
f 2935/1/454 1454/1/454 2468/1/454
f 2468/1/455 1727/1/455 2054/1/455
f 2055/1/456 2936/1/456 2469/1/456
f 238/1/457 3358/1/457 2936/1/457
f 3358/1/458 2469/1/458 2936/1/458
f 2469/1/459 3359/1/459 2937/1/459
f 3359/1/460 239/1/460 2937/1/460
f 2937/1/461 2055/1/461 2469/1/461
f 1727/1/462 2470/1/462 2055/1/462
f 238/1/463 2936/1/463 2470/1/463
f 2936/1/464 2055/1/464 2470/1/464
f 1454/1/465 2938/1/465 2471/1/465
f 2938/1/466 2056/1/466 2471/1/466
f 2471/1/467 2939/1/467 1454/1/467
f 2939/1/468 1620/1/468 1454/1/468
f 243/1/469 1911/1/469 2056/1/469
f 1911/1/470 2299/1/470 2471/1/470
f 1620/1/471 2939/1/471 2299/1/471
f 2939/1/472 2471/1/472 2299/1/472
f 2471/1/473 2056/1/473 1911/1/473
f 1727/1/474 2472/1/474 2298/1/474
f 1620/1/475 2735/1/475 2472/1/475
f 2735/1/476 2298/1/476 2472/1/476
f 2298/1/477 3176/1/477 2470/1/477
f 3176/1/478 238/1/478 2470/1/478
f 2470/1/479 1727/1/479 2298/1/479
f 2472/1/480 2940/1/480 1620/1/480
f 2940/1/481 1454/1/481 1620/1/481
f 1727/1/482 2468/1/482 2472/1/482
f 1454/1/483 2940/1/483 2468/1/483
f 2940/1/484 2472/1/484 2468/1/484
f 238/1/485 2473/1/485 2057/1/485
f 2473/1/486 1728/1/486 2057/1/486
f 237/1/487 1739/1/487 2057/1/487
f 1739/1/488 238/1/488 2057/1/488
f 2474/1/489 2941/1/489 1728/1/489
f 2058/1/490 2943/1/490 2941/1/490
f 2943/1/491 1728/1/491 2941/1/491
f 1455/1/492 2942/1/492 2474/1/492
f 2058/1/493 2941/1/493 2942/1/493
f 2941/1/494 2474/1/494 2942/1/494
f 237/1/495 2057/1/495 2058/1/495
f 1728/1/496 2943/1/496 2057/1/496
f 2943/1/497 2058/1/497 2057/1/497
f 1621/1/498 2059/1/498 244/1/498
f 2059/1/499 1455/1/499 244/1/499
f 2058/1/500 2475/1/500 2300/1/500
f 1621/1/501 2736/1/501 2475/1/501
f 2736/1/502 2300/1/502 2475/1/502
f 2300/1/503 237/1/503 2058/1/503
f 2475/1/504 2944/1/504 1621/1/504
f 1455/1/505 2059/1/505 2944/1/505
f 2059/1/506 1621/1/506 2944/1/506
f 2058/1/507 2942/1/507 2475/1/507
f 1455/1/508 2944/1/508 2942/1/508
f 2944/1/509 2475/1/509 2942/1/509
f 237/1/510 1729/1/510 236/1/510
f 1729/1/511 2476/1/511 2060/1/511
f 2476/1/512 1456/1/512 2060/1/512
f 2060/1/513 236/1/513 1729/1/513
f 245/1/514 1622/1/514 1456/1/514
f 1622/1/515 2061/1/515 1456/1/515
f 236/1/516 2060/1/516 2061/1/516
f 2060/1/517 1456/1/517 2061/1/517
f 236/1/518 1730/1/518 235/1/518
f 1457/1/519 2062/1/519 1730/1/519
f 2062/1/520 235/1/520 1730/1/520
f 1457/1/521 2063/1/521 1623/1/521
f 246/1/522 1913/1/522 2063/1/522
f 1913/1/523 1623/1/523 2063/1/523
f 1623/1/524 2064/1/524 1457/1/524
f 235/1/525 2062/1/525 2064/1/525
f 2062/1/526 1457/1/526 2064/1/526
f 234/1/527 2065/1/527 1731/1/527
f 2065/1/528 235/1/528 1731/1/528
f 1731/1/529 1458/1/529 234/1/529
f 247/1/530 1624/1/530 1458/1/530
f 1624/1/531 234/1/531 1458/1/531
f 233/1/532 2066/1/532 1732/1/532
f 2066/1/533 2477/1/533 1732/1/533
f 2477/1/534 234/1/534 1732/1/534
f 1732/1/535 1459/1/535 233/1/535
f 1459/1/536 248/1/536 233/1/536
f 233/1/537 241/1/537 231/1/537
f 1460/1/538 2478/1/538 1733/1/538
f 1734/1/539 2945/1/539 2478/1/539
f 2945/1/540 1733/1/540 2478/1/540
f 223/1/541 2479/1/541 1734/1/541
f 2479/1/542 3360/1/542 2945/1/542
f 3360/1/543 1733/1/543 2945/1/543
f 2945/1/544 1734/1/544 2479/1/544
f 2067/1/545 2481/1/545 2480/1/545
f 1733/1/546 3361/1/546 2481/1/546
f 3361/1/547 2480/1/547 2481/1/547
f 2480/1/548 213/1/548 2067/1/548
f 1733/1/549 2481/1/549 1460/1/549
f 2067/1/550 2946/1/550 2481/1/550
f 2946/1/551 1460/1/551 2481/1/551
f 1734/1/552 2068/1/552 223/1/552
f 2068/1/553 230/1/553 223/1/553
f 1734/1/554 2478/1/554 2069/1/554
f 1460/1/555 2947/1/555 2478/1/555
f 2947/1/556 2069/1/556 2478/1/556
f 2069/1/557 2948/1/557 2068/1/557
f 2948/1/558 230/1/558 2068/1/558
f 2068/1/559 1734/1/559 2069/1/559
f 2070/1/560 2949/1/560 2071/1/560
f 2949/1/561 1735/1/561 2071/1/561
f 230/1/562 2950/1/562 2071/1/562
f 2950/1/563 2070/1/563 2071/1/563
f 2070/1/564 2951/1/564 2482/1/564
f 2951/1/565 1461/1/565 2482/1/565
f 1735/1/566 2949/1/566 2482/1/566
f 2949/1/567 2070/1/567 2482/1/567
f 229/1/568 2483/1/568 2071/1/568
f 2483/1/569 230/1/569 2071/1/569
f 1735/1/570 2484/1/570 2071/1/570
f 2484/1/571 229/1/571 2071/1/571
f 2485/1/572 2953/1/572 2952/1/572
f 2953/1/573 1461/1/573 2952/1/573
f 2072/1/574 3362/1/574 2952/1/574
f 3362/1/575 2485/1/575 2952/1/575
f 1625/1/576 2956/1/576 2953/1/576
f 2956/1/577 1461/1/577 2953/1/577
f 2953/1/578 2485/1/578 1625/1/578
f 2954/1/579 3363/1/579 2072/1/579
f 3363/1/580 1916/1/580 2072/1/580
f 215/1/581 2747/1/581 2954/1/581
f 1916/1/582 3363/1/582 2747/1/582
f 3363/1/583 2954/1/583 2747/1/583
f 1916/1/584 2746/1/584 2485/1/584
f 2746/1/585 1625/1/585 2485/1/585
f 2485/1/586 3362/1/586 1916/1/586
f 3362/1/587 2072/1/587 1916/1/587
f 1735/1/588 2955/1/588 2306/1/588
f 1625/1/589 3188/1/589 2955/1/589
f 3188/1/590 2306/1/590 2955/1/590
f 2306/1/591 3186/1/591 2484/1/591
f 3186/1/592 229/1/592 2484/1/592
f 2484/1/593 1735/1/593 2306/1/593
f 1625/1/594 2955/1/594 2482/1/594
f 2955/1/595 1735/1/595 2482/1/595
f 1461/1/596 2956/1/596 2482/1/596
f 2956/1/597 1625/1/597 2482/1/597
f 229/1/598 2486/1/598 2073/1/598
f 2486/1/599 1736/1/599 2073/1/599
f 2073/1/600 228/1/600 229/1/600
f 1736/1/601 2487/1/601 2074/1/601
f 1462/1/602 2957/1/602 2487/1/602
f 2957/1/603 2074/1/603 2487/1/603
f 228/1/604 2073/1/604 2074/1/604
f 2073/1/605 1736/1/605 2074/1/605
f 1462/1/606 2958/1/606 2488/1/606
f 2958/1/607 2075/1/607 2488/1/607
f 2488/1/608 1626/1/608 1462/1/608
f 2075/1/609 2959/1/609 1917/1/609
f 216/1/610 2310/1/610 2959/1/610
f 2310/1/611 1917/1/611 2959/1/611
f 1917/1/612 2751/1/612 2488/1/612
f 2751/1/613 1626/1/613 2488/1/613
f 2488/1/614 2075/1/614 1917/1/614
f 2074/1/615 2489/1/615 2309/1/615
f 1626/1/616 2749/1/616 2489/1/616
f 2749/1/617 2309/1/617 2489/1/617
f 2309/1/618 228/1/618 2074/1/618
f 1626/1/619 2489/1/619 1462/1/619
f 2074/1/620 2957/1/620 2489/1/620
f 2957/1/621 1462/1/621 2489/1/621
f 228/1/622 1737/1/622 227/1/622
f 2490/1/623 2960/1/623 1737/1/623
f 2076/1/624 2491/1/624 2960/1/624
f 2491/1/625 1737/1/625 2960/1/625
f 1463/1/626 2493/1/626 2490/1/626
f 2076/1/627 2960/1/627 2493/1/627
f 2960/1/628 2490/1/628 2493/1/628
f 1737/1/629 2491/1/629 227/1/629
f 2491/1/630 2076/1/630 227/1/630
f 2492/1/631 2961/1/631 1463/1/631
f 1627/1/632 2963/1/632 2961/1/632
f 2963/1/633 1463/1/633 2961/1/633
f 2077/1/634 2962/1/634 2492/1/634
f 1627/1/635 2961/1/635 2962/1/635
f 2961/1/636 2492/1/636 2962/1/636
f 217/1/637 1918/1/637 2077/1/637
f 1627/1/638 2962/1/638 1918/1/638
f 2962/1/639 2077/1/639 1918/1/639
f 227/1/640 2076/1/640 1627/1/640
f 2076/1/641 2493/1/641 1627/1/641
f 1463/1/642 2963/1/642 2493/1/642
f 2963/1/643 1627/1/643 2493/1/643
f 227/1/644 1464/1/644 226/1/644
f 1464/1/645 2078/1/645 1628/1/645
f 218/1/646 1919/1/646 2078/1/646
f 1919/1/647 1628/1/647 2078/1/647
f 1628/1/648 226/1/648 1464/1/648
f 226/1/649 1465/1/649 225/1/649
f 1465/1/650 2079/1/650 1629/1/650
f 219/1/651 1920/1/651 2079/1/651
f 1920/1/652 1629/1/652 2079/1/652
f 1629/1/653 225/1/653 1465/1/653
f 225/1/654 1466/1/654 224/1/654
f 1466/1/655 220/1/655 224/1/655
f 221/1/656 222/1/656 224/1/656
f 213/1/657 239/1/657 215/1/657
f 1738/1/658 2080/1/658 1923/1/658
f 2080/1/659 2964/1/659 1923/1/659
f 2964/1/660 215/1/660 1923/1/660
f 1923/1/661 1467/1/661 1738/1/661
f 2080/1/662 2495/1/662 2494/1/662
f 216/1/663 3364/1/663 2495/1/663
f 3364/1/664 2494/1/664 2495/1/664
f 2494/1/665 3365/1/665 2964/1/665
f 3365/1/666 215/1/666 2964/1/666
f 2964/1/667 2080/1/667 2494/1/667
f 216/1/668 2495/1/668 1738/1/668
f 2495/1/669 2080/1/669 1738/1/669
f 216/1/670 1738/1/670 238/1/670
f 1467/1/671 1922/1/671 1738/1/671
f 1922/1/672 238/1/672 1738/1/672
f 272/1/673 1468/1/673 237/1/673
f 238/1/674 1739/1/674 1468/1/674
f 1739/1/675 237/1/675 1468/1/675
f 272/1/676 236/1/676 218/1/676
f 218/1/677 235/1/677 219/1/677
f 220/1/678 2081/1/678 1740/1/678
f 2081/1/679 2496/1/679 1740/1/679
f 2496/1/680 219/1/680 1740/1/680
f 1740/1/681 1469/1/681 220/1/681
f 1469/1/682 234/1/682 220/1/682
f 221/1/683 1630/1/683 1741/1/683
f 1630/1/684 1921/1/684 1741/1/684
f 1921/1/685 220/1/685 1741/1/685
f 1741/1/686 1470/1/686 221/1/686
f 1470/1/687 233/1/687 221/1/687
f 221/1/688 231/1/688 214/1/688
f 240/1/689 257/1/689 242/1/689
f 243/1/690 1742/1/690 1471/1/690
f 1742/1/691 242/1/691 1471/1/691
f 1471/1/692 256/1/692 243/1/692
f 243/1/693 255/1/693 244/1/693
f 244/1/694 254/1/694 245/1/694
f 245/1/695 253/1/695 246/1/695
f 1743/1/696 2498/1/696 2497/1/696
f 2082/1/697 3366/1/697 2498/1/697
f 3366/1/698 2497/1/698 2498/1/698
f 2497/1/699 246/1/699 1743/1/699
f 2497/1/700 3480/1/700 3367/1/700
f 2965/1/701 3495/1/701 3480/1/701
f 3495/1/702 3367/1/702 3480/1/702
f 3367/1/703 246/1/703 2497/1/703
f 3367/1/704 3507/1/704 2302/1/704
f 3507/1/705 3481/1/705 2302/1/705
f 3481/1/706 247/1/706 2302/1/706
f 2302/1/707 246/1/707 3367/1/707
f 247/1/708 3481/1/708 2965/1/708
f 3481/1/709 3507/1/709 3495/1/709
f 3507/1/710 3367/1/710 3495/1/710
f 3495/1/711 2965/1/711 3481/1/711
f 247/1/712 2965/1/712 2082/1/712
f 2965/1/713 3480/1/713 3366/1/713
f 3480/1/714 2497/1/714 3366/1/714
f 3366/1/715 2082/1/715 2965/1/715
f 247/1/716 2082/1/716 1472/1/716
f 2082/1/717 2498/1/717 1472/1/717
f 2498/1/718 1743/1/718 1472/1/718
f 1472/1/719 252/1/719 247/1/719
f 248/1/720 1914/1/720 2083/1/720
f 1914/1/721 2303/1/721 2083/1/721
f 2303/1/722 247/1/722 2083/1/722
f 2083/1/723 1744/1/723 248/1/723
f 1744/1/724 1473/1/724 248/1/724
f 1473/1/725 251/1/725 248/1/725
f 248/1/726 249/1/726 241/1/726
f 260/1/727 1745/1/727 1474/1/727
f 1745/1/728 258/1/728 1474/1/728
f 1474/1/729 1927/1/729 1746/1/729
f 1927/1/730 2315/1/730 2499/1/730
f 2315/1/731 2753/1/731 3368/1/731
f 230/1/732 3496/1/732 2753/1/732
f 3496/1/733 3368/1/733 2753/1/733
f 3368/1/734 2499/1/734 2315/1/734
f 2499/1/735 1746/1/735 1927/1/735
f 1746/1/736 260/1/736 1474/1/736
f 261/1/737 2084/1/737 1747/1/737
f 2084/1/738 2500/1/738 1747/1/738
f 2500/1/739 260/1/739 1747/1/739
f 1747/1/740 1475/1/740 261/1/740
f 1475/1/741 1928/1/741 1748/1/741
f 1928/1/742 2754/1/742 2501/1/742
f 2754/1/743 3440/1/743 3369/1/743
f 229/1/744 3497/1/744 3440/1/744
f 3497/1/745 3369/1/745 3440/1/745
f 3369/1/746 2501/1/746 2754/1/746
f 2501/1/747 1748/1/747 1928/1/747
f 1748/1/748 261/1/748 1475/1/748
f 261/1/749 1748/1/749 1476/1/749
f 1748/1/750 2501/1/750 1929/1/750
f 2501/1/751 3369/1/751 2758/1/751
f 3369/1/752 3497/1/752 3442/1/752
f 3497/1/753 229/1/753 3442/1/753
f 3442/1/754 2758/1/754 3369/1/754
f 2758/1/755 1929/1/755 2501/1/755
f 1929/1/756 1476/1/756 1748/1/756
f 1476/1/757 1749/1/757 261/1/757
f 262/1/758 2502/1/758 1749/1/758
f 2502/1/759 2085/1/759 1749/1/759
f 2085/1/760 261/1/760 1749/1/760
f 228/1/761 263/1/761 262/1/761
f 227/1/762 264/1/762 263/1/762
f 226/1/763 265/1/763 264/1/763
f 225/1/764 266/1/764 265/1/764
f 224/1/765 259/1/765 266/1/765
f 214/1/766 6/1/766 222/1/766
f 188/1/767 181/1/767 39/1/767
f 188/1/768 39/1/768 40/1/768
f 184/1/769 42/1/769 182/1/769
f 186/1/770 41/1/770 42/1/770
f 182/1/771 43/1/771 183/1/771
f 8/1/772 267/1/772 6/1/772
f 268/1/773 269/1/773 267/1/773
f 270/1/774 271/1/774 269/1/774
f 6/1/775 267/1/775 7/1/775
f 9/1/776 268/1/776 8/1/776
f 268/1/777 9/1/777 270/1/777
f 421/1/778 282/1/778 414/1/778
f 498/1/779 280/1/779 506/1/779
f 258/1/780 288/1/780 286/1/780
f 471/1/781 279/1/781 488/1/781
f 498/1/782 488/1/782 279/1/782
f 276/1/783 507/1/783 277/1/783
f 1750/1/784 2086/1/784 489/1/784
f 2086/1/785 275/1/785 489/1/785
f 1750/1/786 2503/1/786 2087/1/786
f 1477/1/787 2966/1/787 2503/1/787
f 2966/1/788 2087/1/788 2503/1/788
f 2087/1/789 2967/1/789 2086/1/789
f 2967/1/790 275/1/790 2086/1/790
f 2086/1/791 1750/1/791 2087/1/791
f 1477/1/792 2504/1/792 1751/1/792
f 2088/1/793 2968/1/793 2504/1/793
f 2968/1/794 1751/1/794 2504/1/794
f 2088/1/795 2969/1/795 2505/1/795
f 276/1/796 3370/1/796 2969/1/796
f 3370/1/797 2505/1/797 2969/1/797
f 2505/1/798 3371/1/798 2968/1/798
f 3371/1/799 1751/1/799 2968/1/799
f 2968/1/800 2088/1/800 2505/1/800
f 2087/1/801 2507/1/801 2506/1/801
f 1751/1/802 3372/1/802 2507/1/802
f 3372/1/803 2506/1/803 2507/1/803
f 2506/1/804 3373/1/804 2967/1/804
f 3373/1/805 275/1/805 2967/1/805
f 2967/1/806 2087/1/806 2506/1/806
f 1751/1/807 2507/1/807 1477/1/807
f 2087/1/808 2966/1/808 2507/1/808
f 2966/1/809 1477/1/809 2507/1/809
f 480/1/810 1752/1/810 274/1/810
f 1752/1/811 2970/1/811 2508/1/811
f 2970/1/812 1478/1/812 2508/1/812
f 2508/1/813 2089/1/813 1752/1/813
f 2089/1/814 274/1/814 1752/1/814
f 1478/1/815 2509/1/815 1753/1/815
f 2090/1/816 2971/1/816 2509/1/816
f 2971/1/817 1753/1/817 2509/1/817
f 2090/1/818 2972/1/818 2510/1/818
f 273/1/819 3374/1/819 2972/1/819
f 3374/1/820 2510/1/820 2972/1/820
f 2510/1/821 3375/1/821 2971/1/821
f 3375/1/822 1753/1/822 2971/1/822
f 2971/1/823 2090/1/823 2510/1/823
f 2089/1/824 2512/1/824 2511/1/824
f 1753/1/825 3376/1/825 2512/1/825
f 3376/1/826 2511/1/826 2512/1/826
f 2511/1/827 274/1/827 2089/1/827
f 1753/1/828 2512/1/828 1478/1/828
f 2089/1/829 2508/1/829 2512/1/829
f 2508/1/830 1478/1/830 2512/1/830
f 470/1/831 275/1/831 273/1/831
f 444/1/832 297/1/832 445/1/832
f 302/1/833 19/1/833 16/1/833
f 421/1/834 283/1/834 282/1/834
f 284/1/835 2091/1/835 1754/1/835
f 2091/1/836 2973/1/836 2513/1/836
f 2973/1/837 1479/1/837 2513/1/837
f 2513/1/838 1754/1/838 2091/1/838
f 1754/1/839 405/1/839 284/1/839
f 1479/1/840 2974/1/840 2514/1/840
f 2974/1/841 2092/1/841 2514/1/841
f 2514/1/842 1641/1/842 1479/1/842
f 398/1/843 1938/1/843 2092/1/843
f 1938/1/844 2778/1/844 2514/1/844
f 2778/1/845 1641/1/845 2514/1/845
f 2514/1/846 2092/1/846 1938/1/846
f 1754/1/847 2975/1/847 2332/1/847
f 1641/1/848 2777/1/848 2975/1/848
f 2777/1/849 2332/1/849 2975/1/849
f 2332/1/850 405/1/850 1754/1/850
f 1641/1/851 2975/1/851 2513/1/851
f 2975/1/852 1754/1/852 2513/1/852
f 2513/1/853 1479/1/853 1641/1/853
f 282/1/854 397/1/854 414/1/854
f 17/1/855 295/1/855 10/1/855
f 276/1/856 429/1/856 422/1/856
f 275/1/857 2093/1/857 413/1/857
f 2093/1/858 1755/1/858 413/1/858
f 1755/1/859 2515/1/859 2094/1/859
f 1480/1/860 2976/1/860 2515/1/860
f 2976/1/861 2094/1/861 2515/1/861
f 2094/1/862 413/1/862 1755/1/862
f 1480/1/863 2768/1/863 2516/1/863
f 2768/1/864 1934/1/864 2516/1/864
f 2516/1/865 1636/1/865 1480/1/865
f 422/1/866 1935/1/866 1934/1/866
f 1935/1/867 2773/1/867 2516/1/867
f 2773/1/868 1636/1/868 2516/1/868
f 2516/1/869 1934/1/869 1935/1/869
f 2094/1/870 2517/1/870 2329/1/870
f 2517/1/871 2977/1/871 2772/1/871
f 2977/1/872 1636/1/872 2772/1/872
f 2772/1/873 2329/1/873 2517/1/873
f 2329/1/874 413/1/874 2094/1/874
f 1636/1/875 2977/1/875 1480/1/875
f 2977/1/876 2517/1/876 1480/1/876
f 2094/1/877 2976/1/877 2517/1/877
f 2976/1/878 1480/1/878 2517/1/878
f 275/1/879 398/1/879 273/1/879
f 454/1/880 285/1/880 288/1/880
f 326/1/881 317/1/881 342/1/881
f 281/1/882 463/1/882 406/1/882
f 20/1/883 318/1/883 18/1/883
f 7/1/884 479/1/884 259/1/884
f 27/1/885 325/1/885 333/1/885
f 18/1/886 310/1/886 17/1/886
f 302/1/887 28/1/887 286/1/887
f 21/1/888 390/1/888 20/1/888
f 22/1/889 381/1/889 21/1/889
f 23/1/890 373/1/890 22/1/890
f 24/1/891 365/1/891 23/1/891
f 24/1/892 349/1/892 357/1/892
f 25/1/893 341/1/893 349/1/893
f 26/1/894 333/1/894 341/1/894
f 286/1/895 288/1/895 289/1/895
f 289/1/896 288/1/896 290/1/896
f 290/1/897 288/1/897 291/1/897
f 291/1/898 288/1/898 292/1/898
f 292/1/899 288/1/899 293/1/899
f 293/1/900 288/1/900 294/1/900
f 294/1/901 288/1/901 287/1/901
f 443/1/902 298/1/902 444/1/902
f 442/1/903 299/1/903 443/1/903
f 441/1/904 299/1/904 442/1/904
f 440/1/905 439/1/905 441/1/905
f 300/1/906 440/1/906 437/1/906
f 300/1/907 437/1/907 295/1/907
f 296/1/908 309/1/908 438/1/908
f 296/1/909 312/1/909 311/1/909
f 297/1/910 313/1/910 312/1/910
f 298/1/911 314/1/911 313/1/911
f 299/1/912 315/1/912 314/1/912
f 439/1/913 316/1/913 315/1/913
f 300/1/914 310/1/914 316/1/914
f 311/1/915 317/1/915 309/1/915
f 312/1/916 319/1/916 311/1/916
f 313/1/917 320/1/917 312/1/917
f 314/1/918 321/1/918 313/1/918
f 315/1/919 322/1/919 314/1/919
f 315/1/920 324/1/920 323/1/920
f 316/1/921 318/1/921 324/1/921
f 286/1/922 308/1/922 302/1/922
f 289/1/923 307/1/923 308/1/923
f 290/1/924 306/1/924 307/1/924
f 291/1/925 305/1/925 306/1/925
f 292/1/926 304/1/926 305/1/926
f 293/1/927 303/1/927 304/1/927
f 294/1/928 301/1/928 303/1/928
f 302/1/929 327/1/929 325/1/929
f 308/1/930 328/1/930 327/1/930
f 307/1/931 329/1/931 328/1/931
f 306/1/932 330/1/932 329/1/932
f 305/1/933 331/1/933 330/1/933
f 304/1/934 332/1/934 331/1/934
f 303/1/935 326/1/935 332/1/935
f 325/1/936 335/1/936 333/1/936
f 327/1/937 336/1/937 335/1/937
f 328/1/938 337/1/938 336/1/938
f 329/1/939 338/1/939 337/1/939
f 330/1/940 339/1/940 338/1/940
f 331/1/941 340/1/941 339/1/941
f 332/1/942 334/1/942 340/1/942
f 335/1/943 341/1/943 333/1/943
f 336/1/944 343/1/944 335/1/944
f 337/1/945 344/1/945 336/1/945
f 338/1/946 345/1/946 337/1/946
f 339/1/947 346/1/947 338/1/947
f 340/1/948 347/1/948 339/1/948
f 334/1/949 348/1/949 340/1/949
f 341/1/950 351/1/950 349/1/950
f 343/1/951 352/1/951 351/1/951
f 344/1/952 353/1/952 352/1/952
f 345/1/953 354/1/953 353/1/953
f 346/1/954 355/1/954 354/1/954
f 347/1/955 356/1/955 355/1/955
f 348/1/956 350/1/956 356/1/956
f 349/1/957 359/1/957 357/1/957
f 351/1/958 360/1/958 359/1/958
f 352/1/959 361/1/959 360/1/959
f 353/1/960 362/1/960 361/1/960
f 354/1/961 363/1/961 362/1/961
f 355/1/962 364/1/962 363/1/962
f 356/1/963 358/1/963 364/1/963
f 357/1/964 367/1/964 365/1/964
f 359/1/965 368/1/965 367/1/965
f 360/1/966 369/1/966 368/1/966
f 361/1/967 370/1/967 369/1/967
f 362/1/968 371/1/968 370/1/968
f 363/1/969 372/1/969 371/1/969
f 364/1/970 366/1/970 372/1/970
f 367/1/971 373/1/971 365/1/971
f 368/1/972 375/1/972 367/1/972
f 369/1/973 376/1/973 368/1/973
f 370/1/974 377/1/974 369/1/974
f 371/1/975 378/1/975 370/1/975
f 372/1/976 379/1/976 371/1/976
f 366/1/977 380/1/977 372/1/977
f 375/1/978 381/1/978 373/1/978
f 376/1/979 383/1/979 375/1/979
f 377/1/980 384/1/980 376/1/980
f 378/1/981 385/1/981 377/1/981
f 379/1/982 386/1/982 378/1/982
f 380/1/983 387/1/983 379/1/983
f 374/1/984 388/1/984 380/1/984
f 381/1/985 396/1/985 390/1/985
f 383/1/986 395/1/986 396/1/986
f 384/1/987 394/1/987 395/1/987
f 385/1/988 393/1/988 394/1/988
f 386/1/989 392/1/989 393/1/989
f 387/1/990 391/1/990 392/1/990
f 388/1/991 389/1/991 391/1/991
f 317/1/992 391/1/992 389/1/992
f 319/1/993 392/1/993 391/1/993
f 320/1/994 393/1/994 392/1/994
f 321/1/995 394/1/995 393/1/995
f 322/1/996 395/1/996 394/1/996
f 323/1/997 396/1/997 395/1/997
f 324/1/998 390/1/998 396/1/998
f 444/1/999 298/1/999 297/1/999
f 420/1/1000 421/1/1000 414/1/1000
f 419/1/1001 423/1/1001 420/1/1001
f 418/1/1002 424/1/1002 419/1/1002
f 418/1/1003 1481/1/1003 425/1/1003
f 1481/1/1004 426/1/1004 425/1/1004
f 426/1/1005 1633/1/1005 1482/1/1005
f 1633/1/1006 417/1/1006 1482/1/1006
f 1756/1/1007 2095/1/1007 1482/1/1007
f 2095/1/1008 426/1/1008 1482/1/1008
f 426/1/1009 2095/1/1009 427/1/1009
f 2095/1/1010 1756/1/1010 427/1/1010
f 1483/1/1011 2978/1/1011 2096/1/1011
f 2978/1/1012 2097/1/1012 2096/1/1012
f 2097/1/1013 427/1/1013 2096/1/1013
f 2096/1/1014 2518/1/1014 1483/1/1014
f 2518/1/1015 1634/1/1015 1483/1/1015
f 1634/1/1016 416/1/1016 1483/1/1016
f 427/1/1017 2097/1/1017 1757/1/1017
f 2097/1/1018 2978/1/1018 2519/1/1018
f 2978/1/1019 1483/1/1019 2519/1/1019
f 2519/1/1020 1757/1/1020 2097/1/1020
f 1757/1/1021 428/1/1021 427/1/1021
f 413/1/1022 1758/1/1022 415/1/1022
f 1758/1/1023 2098/1/1023 415/1/1023
f 2098/1/1024 1484/1/1024 415/1/1024
f 1484/1/1025 2520/1/1025 1635/1/1025
f 2099/1/1026 2979/1/1026 2520/1/1026
f 2979/1/1027 1635/1/1027 2520/1/1027
f 428/1/1028 2327/1/1028 2099/1/1028
f 2327/1/1029 2770/1/1029 2099/1/1029
f 1635/1/1030 2979/1/1030 2770/1/1030
f 2979/1/1031 2099/1/1031 2770/1/1031
f 1635/1/1032 415/1/1032 1484/1/1032
f 412/1/1033 397/1/1033 406/1/1033
f 411/1/1034 399/1/1034 412/1/1034
f 410/1/1035 400/1/1035 411/1/1035
f 410/1/1036 2521/1/1036 2100/1/1036
f 2521/1/1037 409/1/1037 2100/1/1037
f 2100/1/1038 1759/1/1038 410/1/1038
f 1485/1/1039 2101/1/1039 1759/1/1039
f 2101/1/1040 410/1/1040 1759/1/1040
f 1485/1/1041 2102/1/1041 1637/1/1041
f 401/1/1042 1936/1/1042 2102/1/1042
f 1936/1/1043 1637/1/1043 2102/1/1043
f 410/1/1044 2101/1/1044 1637/1/1044
f 2101/1/1045 1485/1/1045 1637/1/1045
f 409/1/1046 2522/1/1046 2103/1/1046
f 2522/1/1047 408/1/1047 2103/1/1047
f 1760/1/1048 2523/1/1048 2103/1/1048
f 2523/1/1049 409/1/1049 2103/1/1049
f 1760/1/1050 2524/1/1050 2104/1/1050
f 2524/1/1051 1486/1/1051 2104/1/1051
f 2104/1/1052 2980/1/1052 2523/1/1052
f 2980/1/1053 409/1/1053 2523/1/1053
f 2523/1/1054 1760/1/1054 2104/1/1054
f 402/1/1055 1638/1/1055 1486/1/1055
f 1638/1/1056 2105/1/1056 1486/1/1056
f 2105/1/1057 2981/1/1057 2104/1/1057
f 409/1/1058 2980/1/1058 2981/1/1058
f 2980/1/1059 2104/1/1059 2981/1/1059
f 2104/1/1060 1486/1/1060 2105/1/1060
f 1761/1/1061 2106/1/1061 407/1/1061
f 2106/1/1062 408/1/1062 407/1/1062
f 1761/1/1063 2525/1/1063 2107/1/1063
f 1487/1/1064 2982/1/1064 2525/1/1064
f 2982/1/1065 2107/1/1065 2525/1/1065
f 2107/1/1066 2983/1/1066 2106/1/1066
f 2983/1/1067 408/1/1067 2106/1/1067
f 2106/1/1068 1761/1/1068 2107/1/1068
f 403/1/1069 1639/1/1069 1487/1/1069
f 2526/1/1070 2984/1/1070 2774/1/1070
f 2984/1/1071 1639/1/1071 2774/1/1071
f 2774/1/1072 2108/1/1072 2526/1/1072
f 1639/1/1073 2984/1/1073 1487/1/1073
f 2984/1/1074 2526/1/1074 1487/1/1074
f 2108/1/1075 2985/1/1075 2107/1/1075
f 408/1/1076 2983/1/1076 2985/1/1076
f 2983/1/1077 2107/1/1077 2985/1/1077
f 2107/1/1078 2982/1/1078 2526/1/1078
f 2982/1/1079 1487/1/1079 2526/1/1079
f 2526/1/1080 2108/1/1080 2107/1/1080
f 405/1/1081 1762/1/1081 407/1/1081
f 1762/1/1082 2986/1/1082 2527/1/1082
f 2986/1/1083 1488/1/1083 2527/1/1083
f 2527/1/1084 2109/1/1084 1762/1/1084
f 2109/1/1085 407/1/1085 1762/1/1085
f 1488/1/1086 2987/1/1086 1640/1/1086
f 2987/1/1087 2528/1/1087 1640/1/1087
f 2110/1/1088 2529/1/1088 2528/1/1088
f 2529/1/1089 1640/1/1089 2528/1/1089
f 1640/1/1090 2529/1/1090 404/1/1090
f 2529/1/1091 2110/1/1091 404/1/1091
f 2109/1/1092 2530/1/1092 2331/1/1092
f 1640/1/1093 2775/1/1093 2530/1/1093
f 2775/1/1094 2331/1/1094 2530/1/1094
f 2331/1/1095 407/1/1095 2109/1/1095
f 1640/1/1096 2530/1/1096 1488/1/1096
f 2109/1/1097 2527/1/1097 2530/1/1097
f 2527/1/1098 1488/1/1098 2530/1/1098
f 399/1/1099 414/1/1099 397/1/1099
f 400/1/1100 420/1/1100 399/1/1100
f 401/1/1101 419/1/1101 400/1/1101
f 402/1/1102 418/1/1102 401/1/1102
f 403/1/1103 417/1/1103 402/1/1103
f 404/1/1104 416/1/1104 403/1/1104
f 398/1/1105 415/1/1105 404/1/1105
f 423/1/1106 430/1/1106 421/1/1106
f 424/1/1107 436/1/1107 423/1/1107
f 425/1/1108 435/1/1108 424/1/1108
f 426/1/1109 434/1/1109 425/1/1109
f 427/1/1110 433/1/1110 426/1/1110
f 428/1/1111 432/1/1111 427/1/1111
f 422/1/1112 431/1/1112 428/1/1112
f 454/1/1113 445/1/1113 438/1/1113
f 1489/1/1114 1763/1/1114 456/1/1114
f 1763/1/1115 445/1/1115 456/1/1115
f 445/1/1116 1763/1/1116 444/1/1116
f 1489/1/1117 2111/1/1117 1763/1/1117
f 2111/1/1118 444/1/1118 1763/1/1118
f 444/1/1119 1764/1/1119 443/1/1119
f 1490/1/1120 2112/1/1120 1764/1/1120
f 2112/1/1121 443/1/1121 1764/1/1121
f 457/1/1122 1644/1/1122 1490/1/1122
f 1644/1/1123 1939/1/1123 1490/1/1123
f 443/1/1124 2112/1/1124 1939/1/1124
f 2112/1/1125 1490/1/1125 1939/1/1125
f 458/1/1126 442/1/1126 443/1/1126
f 459/1/1127 441/1/1127 442/1/1127
f 460/1/1128 440/1/1128 441/1/1128
f 461/1/1129 437/1/1129 440/1/1129
f 462/1/1130 1765/1/1130 1491/1/1130
f 1765/1/1131 464/1/1131 1491/1/1131
f 1491/1/1132 447/1/1132 462/1/1132
f 465/1/1133 453/1/1133 464/1/1133
f 465/1/1134 451/1/1134 452/1/1134
f 466/1/1135 450/1/1135 451/1/1135
f 467/1/1136 449/1/1136 450/1/1136
f 468/1/1137 448/1/1137 449/1/1137
f 469/1/1138 446/1/1138 448/1/1138
f 447/1/1139 1766/1/1139 1492/1/1139
f 1766/1/1140 453/1/1140 1492/1/1140
f 1492/1/1141 454/1/1141 447/1/1141
f 452/1/1142 456/1/1142 453/1/1142
f 451/1/1143 457/1/1143 452/1/1143
f 450/1/1144 458/1/1144 451/1/1144
f 449/1/1145 459/1/1145 450/1/1145
f 448/1/1146 460/1/1146 449/1/1146
f 446/1/1147 461/1/1147 448/1/1147
f 407/1/1148 462/1/1148 405/1/1148
f 1493/1/1149 1768/1/1149 1767/1/1149
f 408/1/1150 2531/1/1150 1768/1/1150
f 2531/1/1151 1767/1/1151 1768/1/1151
f 1767/1/1152 464/1/1152 1493/1/1152
f 408/1/1153 1768/1/1153 407/1/1153
f 1768/1/1154 1493/1/1154 407/1/1154
f 1494/1/1155 2113/1/1155 1769/1/1155
f 409/1/1156 2532/1/1156 2113/1/1156
f 2532/1/1157 1769/1/1157 2113/1/1157
f 1769/1/1158 465/1/1158 1494/1/1158
f 1770/1/1159 2114/1/1159 2113/1/1159
f 2114/1/1160 409/1/1160 2113/1/1160
f 2113/1/1161 1494/1/1161 1770/1/1161
f 2114/1/1162 2533/1/1162 409/1/1162
f 408/1/1163 2522/1/1163 2533/1/1163
f 2522/1/1164 409/1/1164 2533/1/1164
f 408/1/1165 2533/1/1165 1770/1/1165
f 2533/1/1166 2114/1/1166 1770/1/1166
f 1495/1/1167 1771/1/1167 466/1/1167
f 1771/1/1168 410/1/1168 466/1/1168
f 1771/1/1169 2115/1/1169 410/1/1169
f 409/1/1170 2521/1/1170 2115/1/1170
f 2521/1/1171 410/1/1171 2115/1/1171
f 1495/1/1172 2116/1/1172 1771/1/1172
f 409/1/1173 2115/1/1173 2116/1/1173
f 2115/1/1174 1771/1/1174 2116/1/1174
f 411/1/1175 467/1/1175 410/1/1175
f 412/1/1176 468/1/1176 411/1/1176
f 406/1/1177 469/1/1177 412/1/1177
f 397/1/1178 281/1/1178 406/1/1178
f 1496/1/1179 2534/1/1179 1772/1/1179
f 1773/1/1180 2988/1/1180 2534/1/1180
f 2988/1/1181 1772/1/1181 2534/1/1181
f 497/1/1182 2535/1/1182 1773/1/1182
f 2535/1/1183 3377/1/1183 2988/1/1183
f 3377/1/1184 1772/1/1184 2988/1/1184
f 2988/1/1185 1773/1/1185 2535/1/1185
f 2117/1/1186 2537/1/1186 2536/1/1186
f 1772/1/1187 3378/1/1187 2537/1/1187
f 3378/1/1188 2536/1/1188 2537/1/1188
f 2536/1/1189 489/1/1189 2117/1/1189
f 1772/1/1190 2537/1/1190 1496/1/1190
f 2117/1/1191 2989/1/1191 2537/1/1191
f 2989/1/1192 1496/1/1192 2537/1/1192
f 497/1/1193 1773/1/1193 499/1/1193
f 1773/1/1194 2534/1/1194 2118/1/1194
f 1496/1/1195 2990/1/1195 2534/1/1195
f 2990/1/1196 2118/1/1196 2534/1/1196
f 2118/1/1197 499/1/1197 1773/1/1197
f 499/1/1198 2119/1/1198 1774/1/1198
f 2119/1/1199 2991/1/1199 2538/1/1199
f 2991/1/1200 1497/1/1200 2538/1/1200
f 2538/1/1201 1774/1/1201 2119/1/1201
f 500/1/1202 1956/1/1202 1774/1/1202
f 1956/1/1203 499/1/1203 1774/1/1203
f 2539/1/1204 2993/1/1204 2992/1/1204
f 2993/1/1205 1497/1/1205 2992/1/1205
f 2992/1/1206 2120/1/1206 2539/1/1206
f 1645/1/1207 3379/1/1207 2993/1/1207
f 3379/1/1208 1497/1/1208 2993/1/1208
f 2993/1/1209 2539/1/1209 1645/1/1209
f 2120/1/1210 2994/1/1210 2337/1/1210
f 496/1/1211 3229/1/1211 2994/1/1211
f 3229/1/1212 2337/1/1212 2994/1/1212
f 2337/1/1213 3228/1/1213 2539/1/1213
f 3228/1/1214 1645/1/1214 2539/1/1214
f 2539/1/1215 2120/1/1215 2337/1/1215
f 1774/1/1216 2995/1/1216 2335/1/1216
f 1645/1/1217 3225/1/1217 2995/1/1217
f 3225/1/1218 2335/1/1218 2995/1/1218
f 2335/1/1219 500/1/1219 1774/1/1219
f 2538/1/1220 2996/1/1220 2995/1/1220
f 2996/1/1221 1645/1/1221 2995/1/1221
f 2995/1/1222 1774/1/1222 2538/1/1222
f 1497/1/1223 3379/1/1223 2996/1/1223
f 3379/1/1224 1645/1/1224 2996/1/1224
f 2996/1/1225 2538/1/1225 1497/1/1225
f 500/1/1226 1775/1/1226 501/1/1226
f 1775/1/1227 2121/1/1227 501/1/1227
f 2121/1/1228 1498/1/1228 501/1/1228
f 1498/1/1229 2540/1/1229 1646/1/1229
f 2122/1/1230 2997/1/1230 2540/1/1230
f 2997/1/1231 1646/1/1231 2540/1/1231
f 2122/1/1232 2998/1/1232 1942/1/1232
f 495/1/1233 2787/1/1233 2998/1/1233
f 2787/1/1234 1942/1/1234 2998/1/1234
f 1942/1/1235 2786/1/1235 2997/1/1235
f 2786/1/1236 1646/1/1236 2997/1/1236
f 2997/1/1237 2122/1/1237 1942/1/1237
f 1646/1/1238 501/1/1238 1498/1/1238
f 501/1/1239 1499/1/1239 502/1/1239
f 1499/1/1240 2541/1/1240 1647/1/1240
f 2123/1/1241 2999/1/1241 2541/1/1241
f 2999/1/1242 1647/1/1242 2541/1/1242
f 494/1/1243 1943/1/1243 2123/1/1243
f 1943/1/1244 2788/1/1244 2123/1/1244
f 1647/1/1245 2999/1/1245 2788/1/1245
f 2999/1/1246 2123/1/1246 2788/1/1246
f 1647/1/1247 502/1/1247 1499/1/1247
f 1500/1/1248 1776/1/1248 502/1/1248
f 1776/1/1249 503/1/1249 502/1/1249
f 2124/1/1250 2542/1/1250 1500/1/1250
f 1648/1/1251 3000/1/1251 2542/1/1251
f 3000/1/1252 1500/1/1252 2542/1/1252
f 493/1/1253 1944/1/1253 2124/1/1253
f 1648/1/1254 2542/1/1254 1944/1/1254
f 2542/1/1255 2124/1/1255 1944/1/1255
f 2125/1/1256 2543/1/1256 1648/1/1256
f 1500/1/1257 3000/1/1257 2543/1/1257
f 3000/1/1258 1648/1/1258 2543/1/1258
f 503/1/1259 1776/1/1259 2125/1/1259
f 1500/1/1260 2543/1/1260 1776/1/1260
f 2543/1/1261 2125/1/1261 1776/1/1261
f 1777/1/1262 2544/1/1262 2126/1/1262
f 2544/1/1263 504/1/1263 2126/1/1263
f 2126/1/1264 503/1/1264 1777/1/1264
f 1501/1/1265 2545/1/1265 1777/1/1265
f 2127/1/1266 3001/1/1266 2545/1/1266
f 3001/1/1267 1777/1/1267 2545/1/1267
f 504/1/1268 2544/1/1268 2127/1/1268
f 1777/1/1269 3001/1/1269 2544/1/1269
f 3001/1/1270 2127/1/1270 2544/1/1270
f 2128/1/1271 2546/1/1271 1501/1/1271
f 1649/1/1272 3002/1/1272 2546/1/1272
f 3002/1/1273 1501/1/1273 2546/1/1273
f 492/1/1274 1945/1/1274 2128/1/1274
f 1649/1/1275 2546/1/1275 1945/1/1275
f 2546/1/1276 2128/1/1276 1945/1/1276
f 504/1/1277 2127/1/1277 1649/1/1277
f 2127/1/1278 2545/1/1278 1649/1/1278
f 1501/1/1279 3002/1/1279 2545/1/1279
f 3002/1/1280 1649/1/1280 2545/1/1280
f 505/1/1281 1778/1/1281 1502/1/1281
f 1778/1/1282 2129/1/1282 1502/1/1282
f 2129/1/1283 504/1/1283 1502/1/1283
f 491/1/1284 1946/1/1284 1502/1/1284
f 1946/1/1285 1650/1/1285 1502/1/1285
f 1650/1/1286 505/1/1286 1502/1/1286
f 490/1/1287 498/1/1287 505/1/1287
f 1779/1/1288 2131/1/1288 2130/1/1288
f 487/1/1289 3003/1/1289 2131/1/1289
f 3003/1/1290 2130/1/1290 2131/1/1290
f 2130/1/1291 3004/1/1291 2547/1/1291
f 3004/1/1292 1503/1/1292 2547/1/1292
f 2547/1/1293 1779/1/1293 2130/1/1293
f 487/1/1294 2131/1/1294 480/1/1294
f 2131/1/1295 1779/1/1295 480/1/1295
f 1503/1/1296 3005/1/1296 2548/1/1296
f 3005/1/1297 2132/1/1297 2548/1/1297
f 2548/1/1298 1780/1/1298 1503/1/1298
f 470/1/1299 2549/1/1299 2132/1/1299
f 2549/1/1300 3380/1/1300 2548/1/1300
f 3380/1/1301 1780/1/1301 2548/1/1301
f 2548/1/1302 2132/1/1302 2549/1/1302
f 1779/1/1303 3006/1/1303 2550/1/1303
f 1780/1/1304 3381/1/1304 3006/1/1304
f 3381/1/1305 2550/1/1305 3006/1/1305
f 2550/1/1306 480/1/1306 1779/1/1306
f 1780/1/1307 3006/1/1307 2547/1/1307
f 3006/1/1308 1779/1/1308 2547/1/1308
f 2547/1/1309 1503/1/1309 1780/1/1309
f 1651/1/1310 3007/1/1310 2551/1/1310
f 3007/1/1311 1504/1/1311 2551/1/1311
f 1781/1/1312 3008/1/1312 2551/1/1312
f 3008/1/1313 1651/1/1313 2551/1/1313
f 1781/1/1314 2553/1/1314 2346/1/1314
f 486/1/1315 3242/1/1315 2553/1/1315
f 3242/1/1316 2346/1/1316 2553/1/1316
f 2346/1/1317 3240/1/1317 3008/1/1317
f 3240/1/1318 1651/1/1318 3008/1/1318
f 3008/1/1319 1781/1/1319 2346/1/1319
f 2133/1/1320 3382/1/1320 1948/1/1320
f 3382/1/1321 2552/1/1321 1948/1/1321
f 1651/1/1322 2793/1/1322 2552/1/1322
f 2793/1/1323 1948/1/1323 2552/1/1323
f 3009/1/1324 3383/1/1324 2791/1/1324
f 3383/1/1325 1948/1/1325 2791/1/1325
f 2791/1/1326 472/1/1326 3009/1/1326
f 1948/1/1327 3383/1/1327 2133/1/1327
f 3383/1/1328 3009/1/1328 2133/1/1328
f 2552/1/1329 3010/1/1329 1651/1/1329
f 1504/1/1330 3007/1/1330 3010/1/1330
f 3007/1/1331 1651/1/1331 3010/1/1331
f 2552/1/1332 3382/1/1332 3011/1/1332
f 3382/1/1333 2133/1/1333 3011/1/1333
f 1504/1/1334 3010/1/1334 3011/1/1334
f 3010/1/1335 2552/1/1335 3011/1/1335
f 486/1/1336 2553/1/1336 2134/1/1336
f 2553/1/1337 1781/1/1337 2134/1/1337
f 487/1/1338 2554/1/1338 2134/1/1338
f 2554/1/1339 486/1/1339 2134/1/1339
f 2135/1/1340 3012/1/1340 2551/1/1340
f 3012/1/1341 1781/1/1341 2551/1/1341
f 1504/1/1342 3013/1/1342 2551/1/1342
f 3013/1/1343 2135/1/1343 2551/1/1343
f 2135/1/1344 3014/1/1344 2134/1/1344
f 3014/1/1345 487/1/1345 2134/1/1345
f 1781/1/1346 3012/1/1346 2134/1/1346
f 3012/1/1347 2135/1/1347 2134/1/1347
f 1505/1/1348 3015/1/1348 2555/1/1348
f 3015/1/1349 2136/1/1349 2555/1/1349
f 2555/1/1350 1652/1/1350 1505/1/1350
f 485/1/1351 2349/1/1351 2136/1/1351
f 2349/1/1352 2798/1/1352 2555/1/1352
f 2798/1/1353 1652/1/1353 2555/1/1353
f 2555/1/1354 2136/1/1354 2349/1/1354
f 2137/1/1355 2556/1/1355 1949/1/1355
f 1652/1/1356 2796/1/1356 2556/1/1356
f 2796/1/1357 1949/1/1357 2556/1/1357
f 1949/1/1358 2347/1/1358 3016/1/1358
f 2347/1/1359 473/1/1359 3016/1/1359
f 3016/1/1360 2137/1/1360 1949/1/1360
f 1652/1/1361 2556/1/1361 1505/1/1361
f 2137/1/1362 3017/1/1362 2556/1/1362
f 3017/1/1363 1505/1/1363 2556/1/1363
f 1782/1/1364 2138/1/1364 2136/1/1364
f 2138/1/1365 485/1/1365 2136/1/1365
f 2136/1/1366 3015/1/1366 2557/1/1366
f 3015/1/1367 1505/1/1367 2557/1/1367
f 2557/1/1368 1782/1/1368 2136/1/1368
f 485/1/1369 2138/1/1369 486/1/1369
f 1782/1/1370 2558/1/1370 2138/1/1370
f 2558/1/1371 486/1/1371 2138/1/1371
f 1653/1/1372 3018/1/1372 2559/1/1372
f 3018/1/1373 1506/1/1373 2559/1/1373
f 2559/1/1374 2139/1/1374 1653/1/1374
f 2139/1/1375 484/1/1375 1653/1/1375
f 2140/1/1376 3019/1/1376 1950/1/1376
f 3019/1/1377 1653/1/1377 1950/1/1377
f 1950/1/1378 474/1/1378 2140/1/1378
f 2560/1/1379 3020/1/1379 3019/1/1379
f 3020/1/1380 1653/1/1380 3019/1/1380
f 3019/1/1381 2140/1/1381 2560/1/1381
f 1506/1/1382 3018/1/1382 3020/1/1382
f 3018/1/1383 1653/1/1383 3020/1/1383
f 3020/1/1384 2560/1/1384 1506/1/1384
f 2139/1/1385 2561/1/1385 484/1/1385
f 2561/1/1386 1783/1/1386 484/1/1386
f 2562/1/1387 3021/1/1387 2559/1/1387
f 3021/1/1388 2139/1/1388 2559/1/1388
f 2559/1/1389 1506/1/1389 2562/1/1389
f 1783/1/1390 2561/1/1390 3021/1/1390
f 2561/1/1391 2139/1/1391 3021/1/1391
f 3021/1/1392 2562/1/1392 1783/1/1392
f 1783/1/1393 485/1/1393 484/1/1393
f 483/1/1394 1654/1/1394 1507/1/1394
f 1654/1/1395 1951/1/1395 2141/1/1395
f 1951/1/1396 475/1/1396 2141/1/1396
f 2141/1/1397 1507/1/1397 1654/1/1397
f 1507/1/1398 484/1/1398 483/1/1398
f 482/1/1399 1655/1/1399 1508/1/1399
f 1655/1/1400 1952/1/1400 2142/1/1400
f 1952/1/1401 476/1/1401 2142/1/1401
f 2142/1/1402 1508/1/1402 1655/1/1402
f 1508/1/1403 483/1/1403 482/1/1403
f 477/1/1404 1509/1/1404 481/1/1404
f 1509/1/1405 482/1/1405 481/1/1405
f 479/1/1406 478/1/1406 481/1/1406
f 470/1/1407 496/1/1407 489/1/1407
f 472/1/1408 1784/1/1408 496/1/1408
f 1510/1/1409 2143/1/1409 1784/1/1409
f 2143/1/1410 496/1/1410 1784/1/1410
f 1785/1/1411 2144/1/1411 2143/1/1411
f 2144/1/1412 3022/1/1412 2143/1/1412
f 3022/1/1413 496/1/1413 2143/1/1413
f 2143/1/1414 1510/1/1414 1785/1/1414
f 2144/1/1415 2564/1/1415 2563/1/1415
f 495/1/1416 3384/1/1416 2564/1/1416
f 3384/1/1417 2563/1/1417 2564/1/1417
f 2563/1/1418 3385/1/1418 3022/1/1418
f 3385/1/1419 496/1/1419 3022/1/1419
f 3022/1/1420 2144/1/1420 2563/1/1420
f 495/1/1421 2564/1/1421 1785/1/1421
f 2564/1/1422 2144/1/1422 1785/1/1422
f 494/1/1423 1786/1/1423 1511/1/1423
f 1786/1/1424 495/1/1424 1511/1/1424
f 1511/1/1425 517/1/1425 494/1/1425
f 493/1/1426 494/1/1426 517/1/1426
f 475/1/1427 492/1/1427 493/1/1427
f 476/1/1428 1787/1/1428 492/1/1428
f 1512/1/1429 1788/1/1429 1787/1/1429
f 1788/1/1430 492/1/1430 1787/1/1430
f 491/1/1431 2145/1/1431 1788/1/1431
f 2145/1/1432 492/1/1432 1788/1/1432
f 1788/1/1433 1512/1/1433 491/1/1433
f 477/1/1434 1789/1/1434 491/1/1434
f 1513/1/1435 1790/1/1435 1789/1/1435
f 1790/1/1436 491/1/1436 1789/1/1436
f 490/1/1437 2146/1/1437 1790/1/1437
f 2146/1/1438 2565/1/1438 1790/1/1438
f 2565/1/1439 491/1/1439 1790/1/1439
f 1790/1/1440 1513/1/1440 490/1/1440
f 478/1/1441 488/1/1441 490/1/1441
f 497/1/1442 514/1/1442 507/1/1442
f 499/1/1443 1514/1/1443 514/1/1443
f 513/1/1444 1791/1/1444 1514/1/1444
f 1791/1/1445 514/1/1445 1514/1/1445
f 500/1/1446 512/1/1446 513/1/1446
f 501/1/1447 511/1/1447 512/1/1447
f 502/1/1448 510/1/1448 511/1/1448
f 503/1/1449 1792/1/1449 510/1/1449
f 1792/1/1450 1515/1/1450 510/1/1450
f 509/1/1451 1793/1/1451 1515/1/1451
f 1793/1/1452 510/1/1452 1515/1/1452
f 504/1/1453 2147/1/1453 509/1/1453
f 2147/1/1454 1794/1/1454 509/1/1454
f 1794/1/1455 1516/1/1455 509/1/1455
f 508/1/1456 1795/1/1456 1516/1/1456
f 1795/1/1457 509/1/1457 1516/1/1457
f 505/1/1458 506/1/1458 508/1/1458
f 258/1/1459 1517/1/1459 480/1/1459
f 1517/1/1460 1796/1/1460 480/1/1460
f 1796/1/1461 2148/1/1461 480/1/1461
f 2148/1/1462 2566/1/1462 480/1/1462
f 2566/1/1463 487/1/1463 480/1/1463
f 1797/1/1464 2567/1/1464 2149/1/1464
f 2567/1/1465 1518/1/1465 2149/1/1465
f 2149/1/1466 3023/1/1466 2568/1/1466
f 3023/1/1467 3482/1/1467 3386/1/1467
f 487/1/1468 3498/1/1468 3482/1/1468
f 3498/1/1469 3386/1/1469 3482/1/1469
f 3386/1/1470 2568/1/1470 3023/1/1470
f 2568/1/1471 1797/1/1471 2149/1/1471
f 260/1/1472 1957/1/1472 1797/1/1472
f 1518/1/1473 2567/1/1473 1957/1/1473
f 2567/1/1474 1797/1/1474 1957/1/1474
f 1798/1/1475 2150/1/1475 2149/1/1475
f 2150/1/1476 3024/1/1476 3023/1/1476
f 487/1/1477 3482/1/1477 3024/1/1477
f 3482/1/1478 3023/1/1478 3024/1/1478
f 3023/1/1479 2149/1/1479 2150/1/1479
f 2149/1/1480 1518/1/1480 1798/1/1480
f 3024/1/1481 3387/1/1481 3025/1/1481
f 3387/1/1482 2569/1/1482 3025/1/1482
f 3025/1/1483 487/1/1483 3024/1/1483
f 2569/1/1484 3387/1/1484 2150/1/1484
f 3387/1/1485 3024/1/1485 2150/1/1485
f 486/1/1486 2554/1/1486 3025/1/1486
f 2554/1/1487 487/1/1487 3025/1/1487
f 3025/1/1488 2569/1/1488 486/1/1488
f 1798/1/1489 2570/1/1489 2150/1/1489
f 2570/1/1490 3388/1/1490 2569/1/1490
f 3388/1/1491 486/1/1491 2569/1/1491
f 2569/1/1492 2150/1/1492 2570/1/1492
f 261/1/1493 2085/1/1493 1799/1/1493
f 2085/1/1494 2502/1/1494 1799/1/1494
f 2502/1/1495 262/1/1495 1799/1/1495
f 1799/1/1496 1519/1/1496 261/1/1496
f 1519/1/1497 1958/1/1497 1800/1/1497
f 1958/1/1498 2804/1/1498 2571/1/1498
f 2804/1/1499 3455/1/1499 3389/1/1499
f 486/1/1500 3499/1/1500 3455/1/1500
f 3499/1/1501 3389/1/1501 3455/1/1501
f 3389/1/1502 2571/1/1502 2804/1/1502
f 2571/1/1503 1800/1/1503 1958/1/1503
f 1800/1/1504 261/1/1504 1519/1/1504
f 263/1/1505 485/1/1505 262/1/1505
f 264/1/1506 484/1/1506 263/1/1506
f 265/1/1507 483/1/1507 264/1/1507
f 266/1/1508 482/1/1508 265/1/1508
f 259/1/1509 481/1/1509 266/1/1509
f 471/1/1510 479/1/1510 278/1/1510
f 445/1/1511 296/1/1511 438/1/1511
f 445/1/1512 297/1/1512 296/1/1512
f 441/1/1513 439/1/1513 299/1/1513
f 443/1/1514 299/1/1514 298/1/1514
f 439/1/1515 440/1/1515 300/1/1515
f 267/1/1516 279/1/1516 278/1/1516
f 269/1/1517 515/1/1517 267/1/1517
f 516/1/1518 269/1/1518 271/1/1518
f 278/1/1519 7/1/1519 267/1/1519
f 280/1/1520 279/1/1520 515/1/1520
f 515/1/1521 516/1/1521 280/1/1521
f 678/1/1522 527/1/1522 671/1/1522
f 747/1/1523 9/1/1523 249/1/1523
f 755/1/1524 545/1/1524 543/1/1524
f 720/1/1525 524/1/1525 737/1/1525
f 747/1/1526 737/1/1526 524/1/1526
f 521/1/1527 250/1/1527 5/1/1527
f 1801/1/1528 2151/1/1528 738/1/1528
f 2151/1/1529 520/1/1529 738/1/1529
f 1801/1/1530 2572/1/1530 2152/1/1530
f 1520/1/1531 3026/1/1531 2572/1/1531
f 3026/1/1532 2152/1/1532 2572/1/1532
f 2152/1/1533 3027/1/1533 2151/1/1533
f 3027/1/1534 520/1/1534 2151/1/1534
f 2151/1/1535 1801/1/1535 2152/1/1535
f 1520/1/1536 2573/1/1536 1802/1/1536
f 2153/1/1537 3028/1/1537 2573/1/1537
f 3028/1/1538 1802/1/1538 2573/1/1538
f 2153/1/1539 3029/1/1539 2574/1/1539
f 521/1/1540 3390/1/1540 3029/1/1540
f 3390/1/1541 2574/1/1541 3029/1/1541
f 2574/1/1542 3391/1/1542 3028/1/1542
f 3391/1/1543 1802/1/1543 3028/1/1543
f 3028/1/1544 2153/1/1544 2574/1/1544
f 2152/1/1545 2576/1/1545 2575/1/1545
f 1802/1/1546 3392/1/1546 2576/1/1546
f 3392/1/1547 2575/1/1547 2576/1/1547
f 2575/1/1548 3393/1/1548 3027/1/1548
f 3393/1/1549 520/1/1549 3027/1/1549
f 3027/1/1550 2152/1/1550 2575/1/1550
f 1802/1/1551 2576/1/1551 1520/1/1551
f 2152/1/1552 3026/1/1552 2576/1/1552
f 3026/1/1553 1520/1/1553 2576/1/1553
f 729/1/1554 1803/1/1554 519/1/1554
f 1803/1/1555 3030/1/1555 2577/1/1555
f 3030/1/1556 1521/1/1556 2577/1/1556
f 2577/1/1557 2154/1/1557 1803/1/1557
f 2154/1/1558 519/1/1558 1803/1/1558
f 1521/1/1559 2578/1/1559 1804/1/1559
f 2155/1/1560 3031/1/1560 2578/1/1560
f 3031/1/1561 1804/1/1561 2578/1/1561
f 2155/1/1562 3032/1/1562 2579/1/1562
f 518/1/1563 3394/1/1563 3032/1/1563
f 3394/1/1564 2579/1/1564 3032/1/1564
f 2579/1/1565 3395/1/1565 3031/1/1565
f 3395/1/1566 1804/1/1566 3031/1/1566
f 3031/1/1567 2155/1/1567 2579/1/1567
f 2154/1/1568 2581/1/1568 2580/1/1568
f 1804/1/1569 3396/1/1569 2581/1/1569
f 3396/1/1570 2580/1/1570 2581/1/1570
f 2580/1/1571 519/1/1571 2154/1/1571
f 1804/1/1572 2581/1/1572 1521/1/1572
f 2154/1/1573 2577/1/1573 2581/1/1573
f 2577/1/1574 1521/1/1574 2581/1/1574
f 719/1/1575 520/1/1575 518/1/1575
f 693/1/1576 554/1/1576 694/1/1576
f 559/1/1577 533/1/1577 530/1/1577
f 678/1/1578 13/1/1578 527/1/1578
f 528/1/1579 2156/1/1579 1805/1/1579
f 2156/1/1580 3033/1/1580 2582/1/1580
f 3033/1/1581 1522/1/1581 2582/1/1581
f 2582/1/1582 1805/1/1582 2156/1/1582
f 1805/1/1583 662/1/1583 528/1/1583
f 1522/1/1584 3034/1/1584 2583/1/1584
f 3034/1/1585 2157/1/1585 2583/1/1585
f 2583/1/1586 1667/1/1586 1522/1/1586
f 655/1/1587 1967/1/1587 2157/1/1587
f 1967/1/1588 2825/1/1588 2583/1/1588
f 2825/1/1589 1667/1/1589 2583/1/1589
f 2583/1/1590 2157/1/1590 1967/1/1590
f 1805/1/1591 3035/1/1591 2369/1/1591
f 1667/1/1592 2824/1/1592 3035/1/1592
f 2824/1/1593 2369/1/1593 3035/1/1593
f 2369/1/1594 662/1/1594 1805/1/1594
f 1667/1/1595 3035/1/1595 2582/1/1595
f 3035/1/1596 1805/1/1596 2582/1/1596
f 2582/1/1597 1522/1/1597 1667/1/1597
f 527/1/1598 654/1/1598 671/1/1598
f 531/1/1599 552/1/1599 525/1/1599
f 521/1/1600 172/1/1600 679/1/1600
f 520/1/1601 2158/1/1601 670/1/1601
f 2158/1/1602 1806/1/1602 670/1/1602
f 1806/1/1603 2584/1/1603 2159/1/1603
f 1523/1/1604 3036/1/1604 2584/1/1604
f 3036/1/1605 2159/1/1605 2584/1/1605
f 2159/1/1606 670/1/1606 1806/1/1606
f 1523/1/1607 2815/1/1607 2585/1/1607
f 2815/1/1608 1963/1/1608 2585/1/1608
f 2585/1/1609 1662/1/1609 1523/1/1609
f 679/1/1610 1964/1/1610 1963/1/1610
f 1964/1/1611 2820/1/1611 2585/1/1611
f 2820/1/1612 1662/1/1612 2585/1/1612
f 2585/1/1613 1963/1/1613 1964/1/1613
f 2159/1/1614 2586/1/1614 2366/1/1614
f 2586/1/1615 3037/1/1615 2819/1/1615
f 3037/1/1616 1662/1/1616 2819/1/1616
f 2819/1/1617 2366/1/1617 2586/1/1617
f 2366/1/1618 670/1/1618 2159/1/1618
f 1662/1/1619 3037/1/1619 1523/1/1619
f 3037/1/1620 2586/1/1620 1523/1/1620
f 2159/1/1621 3036/1/1621 2586/1/1621
f 3036/1/1622 1523/1/1622 2586/1/1622
f 520/1/1623 655/1/1623 518/1/1623
f 703/1/1624 529/1/1624 545/1/1624
f 583/1/1625 574/1/1625 599/1/1625
f 526/1/1626 712/1/1626 663/1/1626
f 534/1/1627 575/1/1627 532/1/1627
f 523/1/1628 728/1/1628 756/1/1628
f 541/1/1629 582/1/1629 590/1/1629
f 532/1/1630 567/1/1630 531/1/1630
f 559/1/1631 542/1/1631 543/1/1631
f 535/1/1632 647/1/1632 534/1/1632
f 536/1/1633 638/1/1633 535/1/1633
f 537/1/1634 630/1/1634 536/1/1634
f 538/1/1635 622/1/1635 537/1/1635
f 538/1/1636 606/1/1636 614/1/1636
f 539/1/1637 598/1/1637 606/1/1637
f 540/1/1638 590/1/1638 598/1/1638
f 543/1/1639 545/1/1639 546/1/1639
f 546/1/1640 545/1/1640 547/1/1640
f 547/1/1641 545/1/1641 548/1/1641
f 548/1/1642 545/1/1642 549/1/1642
f 549/1/1643 545/1/1643 550/1/1643
f 550/1/1644 545/1/1644 551/1/1644
f 551/1/1645 545/1/1645 544/1/1645
f 692/1/1646 555/1/1646 693/1/1646
f 691/1/1647 556/1/1647 692/1/1647
f 690/1/1648 556/1/1648 691/1/1648
f 689/1/1649 688/1/1649 690/1/1649
f 557/1/1650 689/1/1650 686/1/1650
f 557/1/1651 686/1/1651 552/1/1651
f 553/1/1652 566/1/1652 687/1/1652
f 553/1/1653 569/1/1653 568/1/1653
f 554/1/1654 570/1/1654 569/1/1654
f 555/1/1655 571/1/1655 570/1/1655
f 556/1/1656 572/1/1656 571/1/1656
f 688/1/1657 573/1/1657 572/1/1657
f 557/1/1658 567/1/1658 573/1/1658
f 568/1/1659 574/1/1659 566/1/1659
f 569/1/1660 576/1/1660 568/1/1660
f 570/1/1661 577/1/1661 569/1/1661
f 571/1/1662 578/1/1662 570/1/1662
f 572/1/1663 579/1/1663 571/1/1663
f 572/1/1664 581/1/1664 580/1/1664
f 573/1/1665 575/1/1665 581/1/1665
f 543/1/1666 565/1/1666 559/1/1666
f 546/1/1667 564/1/1667 565/1/1667
f 547/1/1668 563/1/1668 564/1/1668
f 548/1/1669 562/1/1669 563/1/1669
f 549/1/1670 561/1/1670 562/1/1670
f 550/1/1671 560/1/1671 561/1/1671
f 551/1/1672 558/1/1672 560/1/1672
f 559/1/1673 584/1/1673 582/1/1673
f 565/1/1674 585/1/1674 584/1/1674
f 564/1/1675 586/1/1675 585/1/1675
f 563/1/1676 587/1/1676 586/1/1676
f 562/1/1677 588/1/1677 587/1/1677
f 561/1/1678 589/1/1678 588/1/1678
f 560/1/1679 583/1/1679 589/1/1679
f 582/1/1680 592/1/1680 590/1/1680
f 584/1/1681 593/1/1681 592/1/1681
f 585/1/1682 594/1/1682 593/1/1682
f 586/1/1683 595/1/1683 594/1/1683
f 587/1/1684 596/1/1684 595/1/1684
f 588/1/1685 597/1/1685 596/1/1685
f 589/1/1686 591/1/1686 597/1/1686
f 592/1/1687 598/1/1687 590/1/1687
f 593/1/1688 600/1/1688 592/1/1688
f 594/1/1689 601/1/1689 593/1/1689
f 595/1/1690 602/1/1690 594/1/1690
f 596/1/1691 603/1/1691 595/1/1691
f 597/1/1692 604/1/1692 596/1/1692
f 591/1/1693 605/1/1693 597/1/1693
f 598/1/1694 608/1/1694 606/1/1694
f 600/1/1695 609/1/1695 608/1/1695
f 601/1/1696 610/1/1696 609/1/1696
f 602/1/1697 611/1/1697 610/1/1697
f 603/1/1698 612/1/1698 611/1/1698
f 604/1/1699 613/1/1699 612/1/1699
f 605/1/1700 607/1/1700 613/1/1700
f 606/1/1701 616/1/1701 614/1/1701
f 608/1/1702 617/1/1702 616/1/1702
f 609/1/1703 618/1/1703 617/1/1703
f 610/1/1704 619/1/1704 618/1/1704
f 611/1/1705 620/1/1705 619/1/1705
f 612/1/1706 621/1/1706 620/1/1706
f 613/1/1707 615/1/1707 621/1/1707
f 614/1/1708 624/1/1708 622/1/1708
f 616/1/1709 625/1/1709 624/1/1709
f 617/1/1710 626/1/1710 625/1/1710
f 618/1/1711 627/1/1711 626/1/1711
f 619/1/1712 628/1/1712 627/1/1712
f 620/1/1713 629/1/1713 628/1/1713
f 621/1/1714 623/1/1714 629/1/1714
f 624/1/1715 630/1/1715 622/1/1715
f 625/1/1716 632/1/1716 624/1/1716
f 626/1/1717 633/1/1717 625/1/1717
f 627/1/1718 634/1/1718 626/1/1718
f 628/1/1719 635/1/1719 627/1/1719
f 629/1/1720 636/1/1720 628/1/1720
f 623/1/1721 637/1/1721 629/1/1721
f 632/1/1722 638/1/1722 630/1/1722
f 633/1/1723 640/1/1723 632/1/1723
f 634/1/1724 641/1/1724 633/1/1724
f 635/1/1725 642/1/1725 634/1/1725
f 636/1/1726 643/1/1726 635/1/1726
f 637/1/1727 644/1/1727 636/1/1727
f 631/1/1728 645/1/1728 637/1/1728
f 638/1/1729 653/1/1729 647/1/1729
f 640/1/1730 652/1/1730 653/1/1730
f 641/1/1731 651/1/1731 652/1/1731
f 642/1/1732 650/1/1732 651/1/1732
f 643/1/1733 649/1/1733 650/1/1733
f 644/1/1734 648/1/1734 649/1/1734
f 645/1/1735 646/1/1735 648/1/1735
f 574/1/1736 648/1/1736 646/1/1736
f 576/1/1737 649/1/1737 648/1/1737
f 577/1/1738 650/1/1738 649/1/1738
f 578/1/1739 651/1/1739 650/1/1739
f 579/1/1740 652/1/1740 651/1/1740
f 580/1/1741 653/1/1741 652/1/1741
f 581/1/1742 647/1/1742 653/1/1742
f 693/1/1743 555/1/1743 554/1/1743
f 677/1/1744 678/1/1744 671/1/1744
f 676/1/1745 680/1/1745 677/1/1745
f 675/1/1746 681/1/1746 676/1/1746
f 675/1/1747 1524/1/1747 682/1/1747
f 1524/1/1748 683/1/1748 682/1/1748
f 683/1/1749 1659/1/1749 1525/1/1749
f 1659/1/1750 674/1/1750 1525/1/1750
f 1807/1/1751 2160/1/1751 1525/1/1751
f 2160/1/1752 683/1/1752 1525/1/1752
f 683/1/1753 2160/1/1753 684/1/1753
f 2160/1/1754 1807/1/1754 684/1/1754
f 1526/1/1755 3038/1/1755 2161/1/1755
f 3038/1/1756 2162/1/1756 2161/1/1756
f 2162/1/1757 684/1/1757 2161/1/1757
f 2161/1/1758 2587/1/1758 1526/1/1758
f 2587/1/1759 1660/1/1759 1526/1/1759
f 1660/1/1760 673/1/1760 1526/1/1760
f 684/1/1761 2162/1/1761 1808/1/1761
f 2162/1/1762 3038/1/1762 2588/1/1762
f 3038/1/1763 1526/1/1763 2588/1/1763
f 2588/1/1764 1808/1/1764 2162/1/1764
f 1808/1/1765 685/1/1765 684/1/1765
f 670/1/1766 1809/1/1766 672/1/1766
f 1809/1/1767 2163/1/1767 672/1/1767
f 2163/1/1768 1527/1/1768 672/1/1768
f 1527/1/1769 2589/1/1769 1661/1/1769
f 2164/1/1770 3039/1/1770 2589/1/1770
f 3039/1/1771 1661/1/1771 2589/1/1771
f 685/1/1772 2364/1/1772 2164/1/1772
f 2364/1/1773 2817/1/1773 2164/1/1773
f 1661/1/1774 3039/1/1774 2817/1/1774
f 3039/1/1775 2164/1/1775 2817/1/1775
f 1661/1/1776 672/1/1776 1527/1/1776
f 669/1/1777 654/1/1777 663/1/1777
f 668/1/1778 656/1/1778 669/1/1778
f 667/1/1779 657/1/1779 668/1/1779
f 667/1/1780 2590/1/1780 2165/1/1780
f 2590/1/1781 666/1/1781 2165/1/1781
f 2165/1/1782 1810/1/1782 667/1/1782
f 1528/1/1783 2166/1/1783 1810/1/1783
f 2166/1/1784 667/1/1784 1810/1/1784
f 1528/1/1785 2167/1/1785 1663/1/1785
f 658/1/1786 1965/1/1786 2167/1/1786
f 1965/1/1787 1663/1/1787 2167/1/1787
f 667/1/1788 2166/1/1788 1663/1/1788
f 2166/1/1789 1528/1/1789 1663/1/1789
f 666/1/1790 2591/1/1790 2168/1/1790
f 2591/1/1791 665/1/1791 2168/1/1791
f 1811/1/1792 2592/1/1792 2168/1/1792
f 2592/1/1793 666/1/1793 2168/1/1793
f 1811/1/1794 2593/1/1794 2169/1/1794
f 2593/1/1795 1529/1/1795 2169/1/1795
f 2169/1/1796 3040/1/1796 2592/1/1796
f 3040/1/1797 666/1/1797 2592/1/1797
f 2592/1/1798 1811/1/1798 2169/1/1798
f 659/1/1799 1664/1/1799 1529/1/1799
f 1664/1/1800 2170/1/1800 1529/1/1800
f 2170/1/1801 3041/1/1801 2169/1/1801
f 666/1/1802 3040/1/1802 3041/1/1802
f 3040/1/1803 2169/1/1803 3041/1/1803
f 2169/1/1804 1529/1/1804 2170/1/1804
f 1812/1/1805 2171/1/1805 664/1/1805
f 2171/1/1806 665/1/1806 664/1/1806
f 1812/1/1807 2594/1/1807 2172/1/1807
f 1530/1/1808 3042/1/1808 2594/1/1808
f 3042/1/1809 2172/1/1809 2594/1/1809
f 2172/1/1810 3043/1/1810 2171/1/1810
f 3043/1/1811 665/1/1811 2171/1/1811
f 2171/1/1812 1812/1/1812 2172/1/1812
f 660/1/1813 1665/1/1813 1530/1/1813
f 2595/1/1814 3044/1/1814 2821/1/1814
f 3044/1/1815 1665/1/1815 2821/1/1815
f 2821/1/1816 2173/1/1816 2595/1/1816
f 1665/1/1817 3044/1/1817 1530/1/1817
f 3044/1/1818 2595/1/1818 1530/1/1818
f 2173/1/1819 3045/1/1819 2172/1/1819
f 665/1/1820 3043/1/1820 3045/1/1820
f 3043/1/1821 2172/1/1821 3045/1/1821
f 2172/1/1822 3042/1/1822 2595/1/1822
f 3042/1/1823 1530/1/1823 2595/1/1823
f 2595/1/1824 2173/1/1824 2172/1/1824
f 662/1/1825 1813/1/1825 664/1/1825
f 1813/1/1826 3046/1/1826 2596/1/1826
f 3046/1/1827 1531/1/1827 2596/1/1827
f 2596/1/1828 2174/1/1828 1813/1/1828
f 2174/1/1829 664/1/1829 1813/1/1829
f 1531/1/1830 3047/1/1830 1666/1/1830
f 3047/1/1831 2597/1/1831 1666/1/1831
f 2175/1/1832 2598/1/1832 2597/1/1832
f 2598/1/1833 1666/1/1833 2597/1/1833
f 1666/1/1834 2598/1/1834 661/1/1834
f 2598/1/1835 2175/1/1835 661/1/1835
f 2174/1/1836 2599/1/1836 2368/1/1836
f 1666/1/1837 2822/1/1837 2599/1/1837
f 2822/1/1838 2368/1/1838 2599/1/1838
f 2368/1/1839 664/1/1839 2174/1/1839
f 1666/1/1840 2599/1/1840 1531/1/1840
f 2174/1/1841 2596/1/1841 2599/1/1841
f 2596/1/1842 1531/1/1842 2599/1/1842
f 656/1/1843 671/1/1843 654/1/1843
f 657/1/1844 677/1/1844 656/1/1844
f 658/1/1845 676/1/1845 657/1/1845
f 659/1/1846 675/1/1846 658/1/1846
f 660/1/1847 674/1/1847 659/1/1847
f 661/1/1848 673/1/1848 660/1/1848
f 655/1/1849 672/1/1849 661/1/1849
f 680/1/1850 173/1/1850 678/1/1850
f 681/1/1851 179/1/1851 680/1/1851
f 682/1/1852 178/1/1852 681/1/1852
f 683/1/1853 177/1/1853 682/1/1853
f 684/1/1854 176/1/1854 683/1/1854
f 685/1/1855 175/1/1855 684/1/1855
f 679/1/1856 174/1/1856 685/1/1856
f 703/1/1857 694/1/1857 687/1/1857
f 1532/1/1858 1814/1/1858 705/1/1858
f 1814/1/1859 694/1/1859 705/1/1859
f 694/1/1860 1814/1/1860 693/1/1860
f 1532/1/1861 2176/1/1861 1814/1/1861
f 2176/1/1862 693/1/1862 1814/1/1862
f 693/1/1863 1815/1/1863 692/1/1863
f 1533/1/1864 2177/1/1864 1815/1/1864
f 2177/1/1865 692/1/1865 1815/1/1865
f 706/1/1866 1669/1/1866 1533/1/1866
f 1669/1/1867 1968/1/1867 1533/1/1867
f 692/1/1868 2177/1/1868 1968/1/1868
f 2177/1/1869 1533/1/1869 1968/1/1869
f 707/1/1870 691/1/1870 692/1/1870
f 708/1/1871 690/1/1871 691/1/1871
f 709/1/1872 689/1/1872 690/1/1872
f 710/1/1873 686/1/1873 689/1/1873
f 711/1/1874 1816/1/1874 1534/1/1874
f 1816/1/1875 713/1/1875 1534/1/1875
f 1534/1/1876 696/1/1876 711/1/1876
f 714/1/1877 702/1/1877 713/1/1877
f 714/1/1878 700/1/1878 701/1/1878
f 715/1/1879 699/1/1879 700/1/1879
f 716/1/1880 698/1/1880 699/1/1880
f 717/1/1881 697/1/1881 698/1/1881
f 718/1/1882 695/1/1882 697/1/1882
f 696/1/1883 1817/1/1883 1535/1/1883
f 1817/1/1884 702/1/1884 1535/1/1884
f 1535/1/1885 703/1/1885 696/1/1885
f 701/1/1886 705/1/1886 702/1/1886
f 700/1/1887 706/1/1887 701/1/1887
f 699/1/1888 707/1/1888 700/1/1888
f 698/1/1889 708/1/1889 699/1/1889
f 697/1/1890 709/1/1890 698/1/1890
f 695/1/1891 710/1/1891 697/1/1891
f 664/1/1892 711/1/1892 662/1/1892
f 1536/1/1893 1819/1/1893 1818/1/1893
f 665/1/1894 2600/1/1894 1819/1/1894
f 2600/1/1895 1818/1/1895 1819/1/1895
f 1818/1/1896 713/1/1896 1536/1/1896
f 665/1/1897 1819/1/1897 664/1/1897
f 1819/1/1898 1536/1/1898 664/1/1898
f 1537/1/1899 2178/1/1899 1820/1/1899
f 666/1/1900 2601/1/1900 2178/1/1900
f 2601/1/1901 1820/1/1901 2178/1/1901
f 1820/1/1902 714/1/1902 1537/1/1902
f 1821/1/1903 2179/1/1903 2178/1/1903
f 2179/1/1904 666/1/1904 2178/1/1904
f 2178/1/1905 1537/1/1905 1821/1/1905
f 2179/1/1906 2602/1/1906 666/1/1906
f 665/1/1907 2591/1/1907 2602/1/1907
f 2591/1/1908 666/1/1908 2602/1/1908
f 665/1/1909 2602/1/1909 1821/1/1909
f 2602/1/1910 2179/1/1910 1821/1/1910
f 1538/1/1911 1822/1/1911 715/1/1911
f 1822/1/1912 667/1/1912 715/1/1912
f 1822/1/1913 2180/1/1913 667/1/1913
f 666/1/1914 2590/1/1914 2180/1/1914
f 2590/1/1915 667/1/1915 2180/1/1915
f 1538/1/1916 2181/1/1916 1822/1/1916
f 666/1/1917 2180/1/1917 2181/1/1917
f 2180/1/1918 1822/1/1918 2181/1/1918
f 668/1/1919 716/1/1919 667/1/1919
f 669/1/1920 717/1/1920 668/1/1920
f 663/1/1921 718/1/1921 669/1/1921
f 654/1/1922 526/1/1922 663/1/1922
f 1539/1/1923 2603/1/1923 1823/1/1923
f 1824/1/1924 3048/1/1924 2603/1/1924
f 3048/1/1925 1823/1/1925 2603/1/1925
f 746/1/1926 2604/1/1926 1824/1/1926
f 2604/1/1927 3397/1/1927 3048/1/1927
f 3397/1/1928 1823/1/1928 3048/1/1928
f 3048/1/1929 1824/1/1929 2604/1/1929
f 2182/1/1930 2606/1/1930 2605/1/1930
f 1823/1/1931 3398/1/1931 2606/1/1931
f 3398/1/1932 2605/1/1932 2606/1/1932
f 2605/1/1933 738/1/1933 2182/1/1933
f 1823/1/1934 2606/1/1934 1539/1/1934
f 2182/1/1935 3049/1/1935 2606/1/1935
f 3049/1/1936 1539/1/1936 2606/1/1936
f 746/1/1937 1824/1/1937 748/1/1937
f 1824/1/1938 2603/1/1938 2183/1/1938
f 1539/1/1939 3050/1/1939 2603/1/1939
f 3050/1/1940 2183/1/1940 2603/1/1940
f 2183/1/1941 748/1/1941 1824/1/1941
f 748/1/1942 2184/1/1942 1825/1/1942
f 2184/1/1943 3051/1/1943 2607/1/1943
f 3051/1/1944 1540/1/1944 2607/1/1944
f 2607/1/1945 1825/1/1945 2184/1/1945
f 749/1/1946 1985/1/1946 1825/1/1946
f 1985/1/1947 748/1/1947 1825/1/1947
f 2608/1/1948 3053/1/1948 3052/1/1948
f 3053/1/1949 1540/1/1949 3052/1/1949
f 3052/1/1950 2185/1/1950 2608/1/1950
f 1670/1/1951 3399/1/1951 3053/1/1951
f 3399/1/1952 1540/1/1952 3053/1/1952
f 3053/1/1953 2608/1/1953 1670/1/1953
f 2185/1/1954 3054/1/1954 2374/1/1954
f 745/1/1955 3280/1/1955 3054/1/1955
f 3280/1/1956 2374/1/1956 3054/1/1956
f 2374/1/1957 3279/1/1957 2608/1/1957
f 3279/1/1958 1670/1/1958 2608/1/1958
f 2608/1/1959 2185/1/1959 2374/1/1959
f 1825/1/1960 3055/1/1960 2372/1/1960
f 1670/1/1961 3276/1/1961 3055/1/1961
f 3276/1/1962 2372/1/1962 3055/1/1962
f 2372/1/1963 749/1/1963 1825/1/1963
f 2607/1/1964 3056/1/1964 3055/1/1964
f 3056/1/1965 1670/1/1965 3055/1/1965
f 3055/1/1966 1825/1/1966 2607/1/1966
f 1540/1/1967 3399/1/1967 3056/1/1967
f 3399/1/1968 1670/1/1968 3056/1/1968
f 3056/1/1969 2607/1/1969 1540/1/1969
f 749/1/1970 1826/1/1970 750/1/1970
f 1826/1/1971 2186/1/1971 750/1/1971
f 2186/1/1972 1541/1/1972 750/1/1972
f 1541/1/1973 2609/1/1973 1671/1/1973
f 2187/1/1974 3057/1/1974 2609/1/1974
f 3057/1/1975 1671/1/1975 2609/1/1975
f 2187/1/1976 3058/1/1976 1971/1/1976
f 744/1/1977 2834/1/1977 3058/1/1977
f 2834/1/1978 1971/1/1978 3058/1/1978
f 1971/1/1979 2833/1/1979 3057/1/1979
f 2833/1/1980 1671/1/1980 3057/1/1980
f 3057/1/1981 2187/1/1981 1971/1/1981
f 1671/1/1982 750/1/1982 1541/1/1982
f 750/1/1983 1542/1/1983 751/1/1983
f 1542/1/1984 2610/1/1984 1672/1/1984
f 2188/1/1985 3059/1/1985 2610/1/1985
f 3059/1/1986 1672/1/1986 2610/1/1986
f 743/1/1987 1972/1/1987 2188/1/1987
f 1972/1/1988 2835/1/1988 2188/1/1988
f 1672/1/1989 3059/1/1989 2835/1/1989
f 3059/1/1990 2188/1/1990 2835/1/1990
f 1672/1/1991 751/1/1991 1542/1/1991
f 1543/1/1992 1827/1/1992 751/1/1992
f 1827/1/1993 752/1/1993 751/1/1993
f 2189/1/1994 2611/1/1994 1543/1/1994
f 1673/1/1995 3060/1/1995 2611/1/1995
f 3060/1/1996 1543/1/1996 2611/1/1996
f 742/1/1997 1973/1/1997 2189/1/1997
f 1673/1/1998 2611/1/1998 1973/1/1998
f 2611/1/1999 2189/1/1999 1973/1/1999
f 2190/1/2000 2612/1/2000 1673/1/2000
f 1543/1/2001 3060/1/2001 2612/1/2001
f 3060/1/2002 1673/1/2002 2612/1/2002
f 752/1/2003 1827/1/2003 2190/1/2003
f 1543/1/2004 2612/1/2004 1827/1/2004
f 2612/1/2005 2190/1/2005 1827/1/2005
f 1828/1/2006 2613/1/2006 2191/1/2006
f 2613/1/2007 753/1/2007 2191/1/2007
f 2191/1/2008 752/1/2008 1828/1/2008
f 1544/1/2009 2614/1/2009 1828/1/2009
f 2192/1/2010 3061/1/2010 2614/1/2010
f 3061/1/2011 1828/1/2011 2614/1/2011
f 753/1/2012 2613/1/2012 2192/1/2012
f 1828/1/2013 3061/1/2013 2613/1/2013
f 3061/1/2014 2192/1/2014 2613/1/2014
f 2193/1/2015 2615/1/2015 1544/1/2015
f 1674/1/2016 3062/1/2016 2615/1/2016
f 3062/1/2017 1544/1/2017 2615/1/2017
f 741/1/2018 1974/1/2018 2193/1/2018
f 1674/1/2019 2615/1/2019 1974/1/2019
f 2615/1/2020 2193/1/2020 1974/1/2020
f 753/1/2021 2192/1/2021 1674/1/2021
f 2192/1/2022 2614/1/2022 1674/1/2022
f 1544/1/2023 3062/1/2023 2614/1/2023
f 3062/1/2024 1674/1/2024 2614/1/2024
f 754/1/2025 1829/1/2025 1545/1/2025
f 1829/1/2026 2194/1/2026 1545/1/2026
f 2194/1/2027 753/1/2027 1545/1/2027
f 740/1/2028 1975/1/2028 1545/1/2028
f 1975/1/2029 1675/1/2029 1545/1/2029
f 1675/1/2030 754/1/2030 1545/1/2030
f 739/1/2031 747/1/2031 754/1/2031
f 1830/1/2032 2196/1/2032 2195/1/2032
f 736/1/2033 3063/1/2033 2196/1/2033
f 3063/1/2034 2195/1/2034 2196/1/2034
f 2195/1/2035 3064/1/2035 2616/1/2035
f 3064/1/2036 1546/1/2036 2616/1/2036
f 2616/1/2037 1830/1/2037 2195/1/2037
f 736/1/2038 2196/1/2038 729/1/2038
f 2196/1/2039 1830/1/2039 729/1/2039
f 1546/1/2040 3065/1/2040 2617/1/2040
f 3065/1/2041 2197/1/2041 2617/1/2041
f 2617/1/2042 1831/1/2042 1546/1/2042
f 719/1/2043 2618/1/2043 2197/1/2043
f 2618/1/2044 3400/1/2044 2617/1/2044
f 3400/1/2045 1831/1/2045 2617/1/2045
f 2617/1/2046 2197/1/2046 2618/1/2046
f 1830/1/2047 3066/1/2047 2619/1/2047
f 1831/1/2048 3401/1/2048 3066/1/2048
f 3401/1/2049 2619/1/2049 3066/1/2049
f 2619/1/2050 729/1/2050 1830/1/2050
f 1831/1/2051 3066/1/2051 2616/1/2051
f 3066/1/2052 1830/1/2052 2616/1/2052
f 2616/1/2053 1546/1/2053 1831/1/2053
f 1676/1/2054 3067/1/2054 2620/1/2054
f 3067/1/2055 1547/1/2055 2620/1/2055
f 1832/1/2056 3068/1/2056 2620/1/2056
f 3068/1/2057 1676/1/2057 2620/1/2057
f 1832/1/2058 2622/1/2058 2383/1/2058
f 735/1/2059 3293/1/2059 2622/1/2059
f 3293/1/2060 2383/1/2060 2622/1/2060
f 2383/1/2061 3291/1/2061 3068/1/2061
f 3291/1/2062 1676/1/2062 3068/1/2062
f 3068/1/2063 1832/1/2063 2383/1/2063
f 2198/1/2064 3402/1/2064 1977/1/2064
f 3402/1/2065 2621/1/2065 1977/1/2065
f 1676/1/2066 2840/1/2066 2621/1/2066
f 2840/1/2067 1977/1/2067 2621/1/2067
f 3069/1/2068 3403/1/2068 2838/1/2068
f 3403/1/2069 1977/1/2069 2838/1/2069
f 2838/1/2070 721/1/2070 3069/1/2070
f 1977/1/2071 3403/1/2071 2198/1/2071
f 3403/1/2072 3069/1/2072 2198/1/2072
f 2621/1/2073 3070/1/2073 1676/1/2073
f 1547/1/2074 3067/1/2074 3070/1/2074
f 3067/1/2075 1676/1/2075 3070/1/2075
f 2621/1/2076 3402/1/2076 3071/1/2076
f 3402/1/2077 2198/1/2077 3071/1/2077
f 1547/1/2078 3070/1/2078 3071/1/2078
f 3070/1/2079 2621/1/2079 3071/1/2079
f 735/1/2080 2622/1/2080 2199/1/2080
f 2622/1/2081 1832/1/2081 2199/1/2081
f 736/1/2082 2623/1/2082 2199/1/2082
f 2623/1/2083 735/1/2083 2199/1/2083
f 2200/1/2084 3072/1/2084 2620/1/2084
f 3072/1/2085 1832/1/2085 2620/1/2085
f 1547/1/2086 3073/1/2086 2620/1/2086
f 3073/1/2087 2200/1/2087 2620/1/2087
f 2200/1/2088 3074/1/2088 2199/1/2088
f 3074/1/2089 736/1/2089 2199/1/2089
f 1832/1/2090 3072/1/2090 2199/1/2090
f 3072/1/2091 2200/1/2091 2199/1/2091
f 1548/1/2092 3075/1/2092 2624/1/2092
f 3075/1/2093 2201/1/2093 2624/1/2093
f 2624/1/2094 1677/1/2094 1548/1/2094
f 734/1/2095 2386/1/2095 2201/1/2095
f 2386/1/2096 2845/1/2096 2624/1/2096
f 2845/1/2097 1677/1/2097 2624/1/2097
f 2624/1/2098 2201/1/2098 2386/1/2098
f 2202/1/2099 2625/1/2099 1978/1/2099
f 1677/1/2100 2843/1/2100 2625/1/2100
f 2843/1/2101 1978/1/2101 2625/1/2101
f 1978/1/2102 2384/1/2102 3076/1/2102
f 2384/1/2103 722/1/2103 3076/1/2103
f 3076/1/2104 2202/1/2104 1978/1/2104
f 1677/1/2105 2625/1/2105 1548/1/2105
f 2202/1/2106 3077/1/2106 2625/1/2106
f 3077/1/2107 1548/1/2107 2625/1/2107
f 1833/1/2108 2203/1/2108 2201/1/2108
f 2203/1/2109 734/1/2109 2201/1/2109
f 2201/1/2110 3075/1/2110 2626/1/2110
f 3075/1/2111 1548/1/2111 2626/1/2111
f 2626/1/2112 1833/1/2112 2201/1/2112
f 734/1/2113 2203/1/2113 735/1/2113
f 1833/1/2114 2627/1/2114 2203/1/2114
f 2627/1/2115 735/1/2115 2203/1/2115
f 1678/1/2116 3078/1/2116 2628/1/2116
f 3078/1/2117 1549/1/2117 2628/1/2117
f 2628/1/2118 2204/1/2118 1678/1/2118
f 2204/1/2119 733/1/2119 1678/1/2119
f 2205/1/2120 3079/1/2120 1979/1/2120
f 3079/1/2121 1678/1/2121 1979/1/2121
f 1979/1/2122 723/1/2122 2205/1/2122
f 2629/1/2123 3080/1/2123 3079/1/2123
f 3080/1/2124 1678/1/2124 3079/1/2124
f 3079/1/2125 2205/1/2125 2629/1/2125
f 1549/1/2126 3078/1/2126 3080/1/2126
f 3078/1/2127 1678/1/2127 3080/1/2127
f 3080/1/2128 2629/1/2128 1549/1/2128
f 2204/1/2129 2630/1/2129 733/1/2129
f 2630/1/2130 1834/1/2130 733/1/2130
f 2631/1/2131 3081/1/2131 2628/1/2131
f 3081/1/2132 2204/1/2132 2628/1/2132
f 2628/1/2133 1549/1/2133 2631/1/2133
f 1834/1/2134 2630/1/2134 3081/1/2134
f 2630/1/2135 2204/1/2135 3081/1/2135
f 3081/1/2136 2631/1/2136 1834/1/2136
f 1834/1/2137 734/1/2137 733/1/2137
f 732/1/2138 1679/1/2138 1550/1/2138
f 1679/1/2139 1980/1/2139 2206/1/2139
f 1980/1/2140 724/1/2140 2206/1/2140
f 2206/1/2141 1550/1/2141 1679/1/2141
f 1550/1/2142 733/1/2142 732/1/2142
f 731/1/2143 1680/1/2143 1551/1/2143
f 1680/1/2144 1981/1/2144 2207/1/2144
f 1981/1/2145 725/1/2145 2207/1/2145
f 2207/1/2146 1551/1/2146 1680/1/2146
f 1551/1/2147 732/1/2147 731/1/2147
f 726/1/2148 1552/1/2148 730/1/2148
f 1552/1/2149 731/1/2149 730/1/2149
f 728/1/2150 727/1/2150 730/1/2150
f 719/1/2151 745/1/2151 738/1/2151
f 721/1/2152 1835/1/2152 745/1/2152
f 1553/1/2153 2208/1/2153 1835/1/2153
f 2208/1/2154 745/1/2154 1835/1/2154
f 1836/1/2155 2209/1/2155 2208/1/2155
f 2209/1/2156 3082/1/2156 2208/1/2156
f 3082/1/2157 745/1/2157 2208/1/2157
f 2208/1/2158 1553/1/2158 1836/1/2158
f 2209/1/2159 2633/1/2159 2632/1/2159
f 744/1/2160 3404/1/2160 2633/1/2160
f 3404/1/2161 2632/1/2161 2633/1/2161
f 2632/1/2162 3405/1/2162 3082/1/2162
f 3405/1/2163 745/1/2163 3082/1/2163
f 3082/1/2164 2209/1/2164 2632/1/2164
f 744/1/2165 2633/1/2165 1836/1/2165
f 2633/1/2166 2209/1/2166 1836/1/2166
f 743/1/2167 1837/1/2167 1554/1/2167
f 1837/1/2168 744/1/2168 1554/1/2168
f 1554/1/2169 767/1/2169 743/1/2169
f 742/1/2170 743/1/2170 767/1/2170
f 724/1/2171 741/1/2171 742/1/2171
f 725/1/2172 1838/1/2172 741/1/2172
f 1555/1/2173 1839/1/2173 1838/1/2173
f 1839/1/2174 741/1/2174 1838/1/2174
f 740/1/2175 2210/1/2175 1839/1/2175
f 2210/1/2176 741/1/2176 1839/1/2176
f 1839/1/2177 1555/1/2177 740/1/2177
f 726/1/2178 1840/1/2178 740/1/2178
f 1556/1/2179 1841/1/2179 1840/1/2179
f 1841/1/2180 740/1/2180 1840/1/2180
f 739/1/2181 2211/1/2181 1841/1/2181
f 2211/1/2182 2634/1/2182 1841/1/2182
f 2634/1/2183 740/1/2183 1841/1/2183
f 1841/1/2184 1556/1/2184 739/1/2184
f 727/1/2185 737/1/2185 739/1/2185
f 746/1/2186 257/1/2186 250/1/2186
f 748/1/2187 1557/1/2187 257/1/2187
f 256/1/2188 1842/1/2188 1557/1/2188
f 1842/1/2189 257/1/2189 1557/1/2189
f 749/1/2190 255/1/2190 256/1/2190
f 750/1/2191 254/1/2191 255/1/2191
f 751/1/2192 253/1/2192 254/1/2192
f 752/1/2193 1843/1/2193 253/1/2193
f 1843/1/2194 1558/1/2194 253/1/2194
f 252/1/2195 1844/1/2195 1558/1/2195
f 1844/1/2196 253/1/2196 1558/1/2196
f 753/1/2197 2212/1/2197 252/1/2197
f 2212/1/2198 1845/1/2198 252/1/2198
f 1845/1/2199 1559/1/2199 252/1/2199
f 251/1/2200 1846/1/2200 1559/1/2200
f 1846/1/2201 252/1/2201 1559/1/2201
f 754/1/2202 249/1/2202 251/1/2202
f 755/1/2203 1560/1/2203 729/1/2203
f 1560/1/2204 1847/1/2204 729/1/2204
f 1847/1/2205 2213/1/2205 729/1/2205
f 2213/1/2206 2635/1/2206 729/1/2206
f 2635/1/2207 736/1/2207 729/1/2207
f 1848/1/2208 2636/1/2208 2214/1/2208
f 2636/1/2209 1561/1/2209 2214/1/2209
f 2214/1/2210 3083/1/2210 2637/1/2210
f 3083/1/2211 3483/1/2211 3406/1/2211
f 736/1/2212 3500/1/2212 3483/1/2212
f 3500/1/2213 3406/1/2213 3483/1/2213
f 3406/1/2214 2637/1/2214 3083/1/2214
f 2637/1/2215 1848/1/2215 2214/1/2215
f 757/1/2216 1986/1/2216 1848/1/2216
f 1561/1/2217 2636/1/2217 1986/1/2217
f 2636/1/2218 1848/1/2218 1986/1/2218
f 1849/1/2219 2215/1/2219 2214/1/2219
f 2215/1/2220 3084/1/2220 3083/1/2220
f 736/1/2221 3483/1/2221 3084/1/2221
f 3483/1/2222 3083/1/2222 3084/1/2222
f 3083/1/2223 2214/1/2223 2215/1/2223
f 2214/1/2224 1561/1/2224 1849/1/2224
f 3084/1/2225 3407/1/2225 3085/1/2225
f 3407/1/2226 2638/1/2226 3085/1/2226
f 3085/1/2227 736/1/2227 3084/1/2227
f 2638/1/2228 3407/1/2228 2215/1/2228
f 3407/1/2229 3084/1/2229 2215/1/2229
f 735/1/2230 2623/1/2230 3085/1/2230
f 2623/1/2231 736/1/2231 3085/1/2231
f 3085/1/2232 2638/1/2232 735/1/2232
f 1849/1/2233 2639/1/2233 2215/1/2233
f 2639/1/2234 3408/1/2234 2638/1/2234
f 3408/1/2235 735/1/2235 2638/1/2235
f 2638/1/2236 2215/1/2236 2639/1/2236
f 758/1/2237 2216/1/2237 1850/1/2237
f 2216/1/2238 2640/1/2238 1850/1/2238
f 2640/1/2239 759/1/2239 1850/1/2239
f 1850/1/2240 1562/1/2240 758/1/2240
f 1562/1/2241 1987/1/2241 1851/1/2241
f 1987/1/2242 2851/1/2242 2641/1/2242
f 2851/1/2243 3468/1/2243 3409/1/2243
f 735/1/2244 3501/1/2244 3468/1/2244
f 3501/1/2245 3409/1/2245 3468/1/2245
f 3409/1/2246 2641/1/2246 2851/1/2246
f 2641/1/2247 1851/1/2247 1987/1/2247
f 1851/1/2248 758/1/2248 1562/1/2248
f 760/1/2249 734/1/2249 759/1/2249
f 761/1/2250 733/1/2250 760/1/2250
f 762/1/2251 732/1/2251 761/1/2251
f 763/1/2252 731/1/2252 762/1/2252
f 756/1/2253 730/1/2253 763/1/2253
f 720/1/2254 728/1/2254 522/1/2254
f 694/1/2255 553/1/2255 687/1/2255
f 694/1/2256 554/1/2256 553/1/2256
f 690/1/2257 688/1/2257 556/1/2257
f 692/1/2258 556/1/2258 555/1/2258
f 688/1/2259 689/1/2259 557/1/2259
f 764/1/2260 524/1/2260 522/1/2260
f 766/1/2261 765/1/2261 764/1/2261
f 270/1/2262 766/1/2262 271/1/2262
f 522/1/2263 523/1/2263 764/1/2263
f 9/1/2264 524/1/2264 765/1/2264
f 765/1/2265 270/1/2265 9/1/2265
f 913/1/2266 906/1/2266 775/1/2266
f 982/1/2267 280/1/2267 773/1/2267
f 964/1/2268 755/1/2268 780/1/2268
f 773/1/2269 955/1/2269 972/1/2269
f 982/1/2270 773/1/2270 972/1/2270
f 771/1/2271 507/1/2271 981/1/2271
f 1563/1/2272 3086/1/2272 2642/1/2272
f 3086/1/2273 2217/1/2273 2642/1/2273
f 2642/1/2274 1852/1/2274 1563/1/2274
f 2217/1/2275 3087/1/2275 2643/1/2275
f 770/1/2276 3410/1/2276 3087/1/2276
f 3410/1/2277 2643/1/2277 3087/1/2277
f 2643/1/2278 3411/1/2278 2642/1/2278
f 3411/1/2279 1852/1/2279 2642/1/2279
f 2642/1/2280 2217/1/2280 2643/1/2280
f 2218/1/2281 3088/1/2281 2644/1/2281
f 1852/1/2282 3412/1/2282 3088/1/2282
f 3412/1/2283 2644/1/2283 3088/1/2283
f 2644/1/2284 3413/1/2284 3089/1/2284
f 3413/1/2285 771/1/2285 3089/1/2285
f 3089/1/2286 2218/1/2286 2644/1/2286
f 1852/1/2287 3088/1/2287 2645/1/2287
f 3088/1/2288 2218/1/2288 2645/1/2288
f 2645/1/2289 1563/1/2289 1852/1/2289
f 1853/1/2290 2219/1/2290 2217/1/2290
f 770/1/2291 3087/1/2291 2219/1/2291
f 3087/1/2292 2217/1/2292 2219/1/2292
f 2217/1/2293 3086/1/2293 2646/1/2293
f 3086/1/2294 1563/1/2294 2646/1/2294
f 2646/1/2295 1853/1/2295 2217/1/2295
f 770/1/2296 2219/1/2296 973/1/2296
f 2219/1/2297 1853/1/2297 973/1/2297
f 1564/1/2298 3090/1/2298 2647/1/2298
f 3090/1/2299 2220/1/2299 2647/1/2299
f 2647/1/2300 1854/1/2300 1564/1/2300
f 769/1/2301 2648/1/2301 2220/1/2301
f 2648/1/2302 3414/1/2302 2647/1/2302
f 3414/1/2303 1854/1/2303 2647/1/2303
f 2647/1/2304 2220/1/2304 2648/1/2304
f 2221/1/2305 3091/1/2305 2649/1/2305
f 1854/1/2306 3415/1/2306 3091/1/2306
f 3415/1/2307 2649/1/2307 3091/1/2307
f 2649/1/2308 3416/1/2308 3092/1/2308
f 3416/1/2309 768/1/2309 3092/1/2309
f 3092/1/2310 2221/1/2310 2649/1/2310
f 1854/1/2311 3091/1/2311 2650/1/2311
f 3091/1/2312 2221/1/2312 2650/1/2312
f 2650/1/2313 1564/1/2313 1854/1/2313
f 769/1/2314 2220/1/2314 1855/1/2314
f 2220/1/2315 3090/1/2315 2651/1/2315
f 3090/1/2316 1564/1/2316 2651/1/2316
f 2651/1/2317 1855/1/2317 2220/1/2317
f 1855/1/2318 964/1/2318 769/1/2318
f 770/1/2319 954/1/2319 768/1/2319
f 928/1/2320 929/1/2320 789/1/2320
f 533/1/2321 794/1/2321 530/1/2321
f 913/1/2322 283/1/2322 430/1/2322
f 2652/1/2323 3094/1/2323 3093/1/2323
f 3094/1/2324 2222/1/2324 3093/1/2324
f 3093/1/2325 1565/1/2325 2652/1/2325
f 2222/1/2326 3094/1/2326 1856/1/2326
f 3094/1/2327 2652/1/2327 1856/1/2327
f 768/1/2328 3095/1/2328 2222/1/2328
f 3095/1/2329 2397/1/2329 2222/1/2329
f 2397/1/2330 2860/1/2330 3093/1/2330
f 2860/1/2331 1565/1/2331 3093/1/2331
f 3093/1/2332 2222/1/2332 2397/1/2332
f 768/1/2333 2222/1/2333 890/1/2333
f 2222/1/2334 1856/1/2334 890/1/2334
f 1565/1/2335 2859/1/2335 2653/1/2335
f 2859/1/2336 1991/1/2336 2653/1/2336
f 2653/1/2337 1683/1/2337 1565/1/2337
f 776/1/2338 2399/1/2338 1991/1/2338
f 2399/1/2339 3305/1/2339 2653/1/2339
f 3305/1/2340 1683/1/2340 2653/1/2340
f 2653/1/2341 1991/1/2341 2399/1/2341
f 1856/1/2342 3096/1/2342 2398/1/2342
f 1683/1/2343 3304/1/2343 3096/1/2343
f 3304/1/2344 2398/1/2344 3096/1/2344
f 2398/1/2345 890/1/2345 1856/1/2345
f 1683/1/2346 3096/1/2346 2652/1/2346
f 3096/1/2347 1856/1/2347 2652/1/2347
f 2652/1/2348 1565/1/2348 1683/1/2348
f 889/1/2349 775/1/2349 906/1/2349
f 787/1/2350 531/1/2350 525/1/2350
f 771/1/2351 429/1/2351 277/1/2351
f 1566/1/2352 3097/1/2352 2654/1/2352
f 3097/1/2353 2223/1/2353 2654/1/2353
f 2654/1/2354 1852/1/2354 1566/1/2354
f 2223/1/2355 3098/1/2355 2644/1/2355
f 771/1/2356 3413/1/2356 3098/1/2356
f 3413/1/2357 2644/1/2357 3098/1/2357
f 2644/1/2358 3412/1/2358 2654/1/2358
f 3412/1/2359 1852/1/2359 2654/1/2359
f 2654/1/2360 2223/1/2360 2644/1/2360
f 1993/1/2361 3099/1/2361 2643/1/2361
f 1852/1/2362 3411/1/2362 3099/1/2362
f 3411/1/2363 2643/1/2363 3099/1/2363
f 2643/1/2364 3410/1/2364 2401/1/2364
f 3410/1/2365 770/1/2365 2401/1/2365
f 2401/1/2366 1993/1/2366 2643/1/2366
f 1852/1/2367 3099/1/2367 2655/1/2367
f 3099/1/2368 1993/1/2368 2655/1/2368
f 2655/1/2369 1566/1/2369 1852/1/2369
f 3100/1/2370 3417/1/2370 2656/1/2370
f 3417/1/2371 1566/1/2371 2656/1/2371
f 2224/1/2372 3418/1/2372 3100/1/2372
f 3418/1/2373 3484/1/2373 3417/1/2373
f 3484/1/2374 1566/1/2374 3417/1/2374
f 3417/1/2375 3100/1/2375 3418/1/2375
f 2224/1/2376 3100/1/2376 1857/1/2376
f 3100/1/2377 2656/1/2377 1857/1/2377
f 771/1/2378 3098/1/2378 2224/1/2378
f 3098/1/2379 2223/1/2379 2224/1/2379
f 3097/1/2380 3419/1/2380 2223/1/2380
f 3419/1/2381 2224/1/2381 2223/1/2381
f 1566/1/2382 3484/1/2382 3097/1/2382
f 3484/1/2383 3418/1/2383 3097/1/2383
f 2224/1/2384 3419/1/2384 3418/1/2384
f 3419/1/2385 3097/1/2385 3418/1/2385
f 771/1/2386 2224/1/2386 914/1/2386
f 2224/1/2387 1857/1/2387 914/1/2387
f 890/1/2388 770/1/2388 768/1/2388
f 780/1/2389 777/1/2389 938/1/2389
f 818/1/2390 834/1/2390 809/1/2390
f 774/1/2391 898/1/2391 947/1/2391
f 810/1/2392 534/1/2392 532/1/2392
f 963/1/2393 523/1/2393 756/1/2393
f 541/1/2394 817/1/2394 533/1/2394
f 802/1/2395 532/1/2395 531/1/2395
f 542/1/2396 794/1/2396 778/1/2396
f 882/1/2397 535/1/2397 534/1/2397
f 873/1/2398 536/1/2398 535/1/2398
f 865/1/2399 537/1/2399 536/1/2399
f 857/1/2400 538/1/2400 537/1/2400
f 538/1/2401 841/1/2401 539/1/2401
f 539/1/2402 833/1/2402 540/1/2402
f 540/1/2403 825/1/2403 541/1/2403
f 778/1/2404 781/1/2404 780/1/2404
f 781/1/2405 782/1/2405 780/1/2405
f 782/1/2406 783/1/2406 780/1/2406
f 783/1/2407 784/1/2407 780/1/2407
f 784/1/2408 785/1/2408 780/1/2408
f 785/1/2409 786/1/2409 780/1/2409
f 786/1/2410 779/1/2410 780/1/2410
f 927/1/2411 928/1/2411 790/1/2411
f 926/1/2412 927/1/2412 791/1/2412
f 925/1/2413 926/1/2413 791/1/2413
f 924/1/2414 925/1/2414 923/1/2414
f 792/1/2415 921/1/2415 924/1/2415
f 792/1/2416 787/1/2416 921/1/2416
f 801/1/2417 788/1/2417 922/1/2417
f 788/1/2418 804/1/2418 789/1/2418
f 789/1/2419 805/1/2419 790/1/2419
f 790/1/2420 806/1/2420 791/1/2420
f 791/1/2421 807/1/2421 923/1/2421
f 923/1/2422 808/1/2422 792/1/2422
f 792/1/2423 802/1/2423 787/1/2423
f 809/1/2424 803/1/2424 801/1/2424
f 811/1/2425 804/1/2425 803/1/2425
f 812/1/2426 805/1/2426 804/1/2426
f 813/1/2427 806/1/2427 805/1/2427
f 814/1/2428 807/1/2428 806/1/2428
f 807/1/2429 816/1/2429 808/1/2429
f 808/1/2430 810/1/2430 802/1/2430
f 778/1/2431 800/1/2431 781/1/2431
f 781/1/2432 799/1/2432 782/1/2432
f 782/1/2433 798/1/2433 783/1/2433
f 783/1/2434 797/1/2434 784/1/2434
f 784/1/2435 796/1/2435 785/1/2435
f 785/1/2436 795/1/2436 786/1/2436
f 786/1/2437 793/1/2437 779/1/2437
f 794/1/2438 819/1/2438 800/1/2438
f 800/1/2439 820/1/2439 799/1/2439
f 799/1/2440 821/1/2440 798/1/2440
f 798/1/2441 822/1/2441 797/1/2441
f 797/1/2442 823/1/2442 796/1/2442
f 796/1/2443 824/1/2443 795/1/2443
f 795/1/2444 818/1/2444 793/1/2444
f 817/1/2445 827/1/2445 819/1/2445
f 819/1/2446 828/1/2446 820/1/2446
f 820/1/2447 829/1/2447 821/1/2447
f 821/1/2448 830/1/2448 822/1/2448
f 822/1/2449 831/1/2449 823/1/2449
f 823/1/2450 832/1/2450 824/1/2450
f 824/1/2451 826/1/2451 818/1/2451
f 833/1/2452 827/1/2452 825/1/2452
f 835/1/2453 828/1/2453 827/1/2453
f 836/1/2454 829/1/2454 828/1/2454
f 837/1/2455 830/1/2455 829/1/2455
f 838/1/2456 831/1/2456 830/1/2456
f 839/1/2457 832/1/2457 831/1/2457
f 840/1/2458 826/1/2458 832/1/2458
f 833/1/2459 843/1/2459 835/1/2459
f 835/1/2460 844/1/2460 836/1/2460
f 836/1/2461 845/1/2461 837/1/2461
f 837/1/2462 846/1/2462 838/1/2462
f 838/1/2463 847/1/2463 839/1/2463
f 839/1/2464 848/1/2464 840/1/2464
f 840/1/2465 842/1/2465 834/1/2465
f 841/1/2466 851/1/2466 843/1/2466
f 843/1/2467 852/1/2467 844/1/2467
f 844/1/2468 853/1/2468 845/1/2468
f 845/1/2469 854/1/2469 846/1/2469
f 846/1/2470 855/1/2470 847/1/2470
f 847/1/2471 856/1/2471 848/1/2471
f 848/1/2472 850/1/2472 842/1/2472
f 849/1/2473 859/1/2473 851/1/2473
f 851/1/2474 860/1/2474 852/1/2474
f 852/1/2475 861/1/2475 853/1/2475
f 853/1/2476 862/1/2476 854/1/2476
f 854/1/2477 863/1/2477 855/1/2477
f 855/1/2478 864/1/2478 856/1/2478
f 856/1/2479 858/1/2479 850/1/2479
f 865/1/2480 859/1/2480 857/1/2480
f 867/1/2481 860/1/2481 859/1/2481
f 868/1/2482 861/1/2482 860/1/2482
f 869/1/2483 862/1/2483 861/1/2483
f 870/1/2484 863/1/2484 862/1/2484
f 871/1/2485 864/1/2485 863/1/2485
f 872/1/2486 858/1/2486 864/1/2486
f 873/1/2487 867/1/2487 865/1/2487
f 875/1/2488 868/1/2488 867/1/2488
f 876/1/2489 869/1/2489 868/1/2489
f 877/1/2490 870/1/2490 869/1/2490
f 878/1/2491 871/1/2491 870/1/2491
f 879/1/2492 872/1/2492 871/1/2492
f 880/1/2493 866/1/2493 872/1/2493
f 873/1/2494 888/1/2494 875/1/2494
f 875/1/2495 887/1/2495 876/1/2495
f 876/1/2496 886/1/2496 877/1/2496
f 877/1/2497 885/1/2497 878/1/2497
f 878/1/2498 884/1/2498 879/1/2498
f 879/1/2499 883/1/2499 880/1/2499
f 880/1/2500 881/1/2500 874/1/2500
f 809/1/2501 883/1/2501 811/1/2501
f 811/1/2502 884/1/2502 812/1/2502
f 812/1/2503 885/1/2503 813/1/2503
f 813/1/2504 886/1/2504 814/1/2504
f 814/1/2505 887/1/2505 815/1/2505
f 815/1/2506 888/1/2506 816/1/2506
f 816/1/2507 882/1/2507 810/1/2507
f 928/1/2508 789/1/2508 790/1/2508
f 913/1/2509 912/1/2509 906/1/2509
f 915/1/2510 911/1/2510 912/1/2510
f 916/1/2511 910/1/2511 911/1/2511
f 910/1/2512 1684/1/2512 1567/1/2512
f 1684/1/2513 918/1/2513 1567/1/2513
f 1567/1/2514 909/1/2514 910/1/2514
f 909/1/2515 1685/1/2515 1568/1/2515
f 2225/1/2516 3101/1/2516 1994/1/2516
f 3101/1/2517 1685/1/2517 1994/1/2517
f 1994/1/2518 919/1/2518 2225/1/2518
f 1685/1/2519 3101/1/2519 2657/1/2519
f 3101/1/2520 2225/1/2520 2657/1/2520
f 2657/1/2521 1568/1/2521 1685/1/2521
f 1568/1/2522 908/1/2522 909/1/2522
f 908/1/2523 1686/1/2523 1569/1/2523
f 2226/1/2524 3102/1/2524 2866/1/2524
f 3102/1/2525 3420/1/2525 2866/1/2525
f 3420/1/2526 1686/1/2526 2866/1/2526
f 2866/1/2527 1995/1/2527 2226/1/2527
f 1995/1/2528 920/1/2528 2226/1/2528
f 1686/1/2529 3420/1/2529 2658/1/2529
f 3420/1/2530 3102/1/2530 2658/1/2530
f 3102/1/2531 2226/1/2531 2658/1/2531
f 2658/1/2532 1569/1/2532 1686/1/2532
f 1569/1/2533 907/1/2533 908/1/2533
f 907/1/2534 1569/1/2534 1570/1/2534
f 2227/1/2535 3103/1/2535 2658/1/2535
f 3103/1/2536 1569/1/2536 2658/1/2536
f 2658/1/2537 2226/1/2537 2227/1/2537
f 2226/1/2538 920/1/2538 2227/1/2538
f 1569/1/2539 3103/1/2539 2659/1/2539
f 3103/1/2540 2227/1/2540 2659/1/2540
f 2659/1/2541 1570/1/2541 1569/1/2541
f 1570/1/2542 2228/1/2542 907/1/2542
f 2228/1/2543 1858/1/2543 907/1/2543
f 1858/1/2544 905/1/2544 907/1/2544
f 889/1/2545 904/1/2545 898/1/2545
f 891/1/2546 903/1/2546 904/1/2546
f 892/1/2547 902/1/2547 903/1/2547
f 1571/1/2548 2229/1/2548 1688/1/2548
f 2229/1/2549 902/1/2549 1688/1/2549
f 1688/1/2550 1997/1/2550 2230/1/2550
f 1997/1/2551 893/1/2551 2230/1/2551
f 2230/1/2552 1571/1/2552 1688/1/2552
f 902/1/2553 2229/1/2553 1859/1/2553
f 2229/1/2554 1571/1/2554 1859/1/2554
f 1859/1/2555 2231/1/2555 902/1/2555
f 901/1/2556 2660/1/2556 2231/1/2556
f 2660/1/2557 902/1/2557 2231/1/2557
f 1572/1/2558 2233/1/2558 2232/1/2558
f 2233/1/2559 3105/1/2559 3104/1/2559
f 3105/1/2560 901/1/2560 3104/1/2560
f 3104/1/2561 2232/1/2561 2233/1/2561
f 2232/1/2562 1689/1/2562 1572/1/2562
f 1689/1/2563 894/1/2563 1572/1/2563
f 1860/1/2564 2661/1/2564 2233/1/2564
f 901/1/2565 3105/1/2565 2661/1/2565
f 3105/1/2566 2233/1/2566 2661/1/2566
f 1572/1/2567 2662/1/2567 2233/1/2567
f 2662/1/2568 1860/1/2568 2233/1/2568
f 901/1/2569 2661/1/2569 2234/1/2569
f 2661/1/2570 1860/1/2570 2234/1/2570
f 900/1/2571 2663/1/2571 2234/1/2571
f 2663/1/2572 901/1/2572 2234/1/2572
f 2235/1/2573 2664/1/2573 2236/1/2573
f 1573/1/2574 3109/1/2574 2664/1/2574
f 3109/1/2575 2236/1/2575 2664/1/2575
f 2236/1/2576 3108/1/2576 3106/1/2576
f 3108/1/2577 900/1/2577 3106/1/2577
f 3106/1/2578 2235/1/2578 2236/1/2578
f 2664/1/2579 3107/1/2579 1573/1/2579
f 3107/1/2580 1690/1/2580 1573/1/2580
f 2235/1/2581 2870/1/2581 2664/1/2581
f 1690/1/2582 3107/1/2582 2870/1/2582
f 3107/1/2583 2664/1/2583 2870/1/2583
f 1690/1/2584 895/1/2584 1573/1/2584
f 1861/1/2585 2237/1/2585 2236/1/2585
f 900/1/2586 3108/1/2586 2237/1/2586
f 3108/1/2587 2236/1/2587 2237/1/2587
f 2236/1/2588 3109/1/2588 2665/1/2588
f 3109/1/2589 1573/1/2589 2665/1/2589
f 2665/1/2590 1861/1/2590 2236/1/2590
f 900/1/2591 2237/1/2591 899/1/2591
f 2237/1/2592 1861/1/2592 899/1/2592
f 1574/1/2593 2669/1/2593 2666/1/2593
f 2669/1/2594 2238/1/2594 2666/1/2594
f 2666/1/2595 1691/1/2595 1574/1/2595
f 899/1/2596 2407/1/2596 2238/1/2596
f 2407/1/2597 2871/1/2597 2666/1/2597
f 2871/1/2598 1691/1/2598 2666/1/2598
f 2666/1/2599 2238/1/2599 2407/1/2599
f 2239/1/2600 2667/1/2600 896/1/2600
f 2667/1/2601 1691/1/2601 896/1/2601
f 1691/1/2602 2667/1/2602 2668/1/2602
f 2667/1/2603 2239/1/2603 2668/1/2603
f 2668/1/2604 3110/1/2604 1691/1/2604
f 3110/1/2605 1574/1/2605 1691/1/2605
f 899/1/2606 2238/1/2606 1862/1/2606
f 2238/1/2607 2669/1/2607 1862/1/2607
f 1574/1/2608 3111/1/2608 2669/1/2608
f 3111/1/2609 1862/1/2609 2669/1/2609
f 1862/1/2610 897/1/2610 899/1/2610
f 906/1/2611 891/1/2611 889/1/2611
f 912/1/2612 892/1/2612 891/1/2612
f 911/1/2613 893/1/2613 892/1/2613
f 910/1/2614 894/1/2614 893/1/2614
f 909/1/2615 895/1/2615 894/1/2615
f 908/1/2616 896/1/2616 895/1/2616
f 907/1/2617 890/1/2617 896/1/2617
f 430/1/2618 915/1/2618 913/1/2618
f 436/1/2619 916/1/2619 915/1/2619
f 435/1/2620 917/1/2620 916/1/2620
f 434/1/2621 918/1/2621 917/1/2621
f 433/1/2622 919/1/2622 918/1/2622
f 432/1/2623 920/1/2623 919/1/2623
f 431/1/2624 914/1/2624 920/1/2624
f 940/1/2625 1575/1/2625 929/1/2625
f 1575/1/2626 938/1/2626 929/1/2626
f 940/1/2627 1576/1/2627 941/1/2627
f 1576/1/2628 2240/1/2628 1693/1/2628
f 928/1/2629 2001/1/2629 2240/1/2629
f 2001/1/2630 1693/1/2630 2240/1/2630
f 1693/1/2631 941/1/2631 1576/1/2631
f 941/1/2632 1577/1/2632 942/1/2632
f 1577/1/2633 1863/1/2633 942/1/2633
f 1863/1/2634 927/1/2634 942/1/2634
f 942/1/2635 926/1/2635 943/1/2635
f 943/1/2636 925/1/2636 944/1/2636
f 944/1/2637 924/1/2637 945/1/2637
f 945/1/2638 921/1/2638 939/1/2638
f 931/1/2639 1578/1/2639 946/1/2639
f 948/1/2640 1864/1/2640 1578/1/2640
f 1864/1/2641 946/1/2641 1578/1/2641
f 937/1/2642 949/1/2642 948/1/2642
f 949/1/2643 935/1/2643 950/1/2643
f 950/1/2644 934/1/2644 951/1/2644
f 951/1/2645 933/1/2645 952/1/2645
f 952/1/2646 932/1/2646 953/1/2646
f 953/1/2647 930/1/2647 947/1/2647
f 938/1/2648 1579/1/2648 931/1/2648
f 937/1/2649 1865/1/2649 1579/1/2649
f 1865/1/2650 931/1/2650 1579/1/2650
f 940/1/2651 936/1/2651 937/1/2651
f 941/1/2652 935/1/2652 936/1/2652
f 942/1/2653 934/1/2653 935/1/2653
f 943/1/2654 933/1/2654 934/1/2654
f 944/1/2655 932/1/2655 933/1/2655
f 945/1/2656 930/1/2656 932/1/2656
f 946/1/2657 899/1/2657 897/1/2657
f 1580/1/2658 1866/1/2658 899/1/2658
f 1866/1/2659 900/1/2659 899/1/2659
f 948/1/2660 1867/1/2660 1580/1/2660
f 1867/1/2661 2670/1/2661 1866/1/2661
f 2670/1/2662 900/1/2662 1866/1/2662
f 1866/1/2663 1580/1/2663 1867/1/2663
f 2241/1/2664 2671/1/2664 1868/1/2664
f 2671/1/2665 900/1/2665 1868/1/2665
f 901/1/2666 2663/1/2666 2671/1/2666
f 2663/1/2667 900/1/2667 2671/1/2667
f 2671/1/2668 2241/1/2668 901/1/2668
f 1581/1/2669 2242/1/2669 1868/1/2669
f 901/1/2670 2241/1/2670 2242/1/2670
f 2241/1/2671 1868/1/2671 2242/1/2671
f 949/1/2672 1869/1/2672 1581/1/2672
f 1869/1/2673 2672/1/2673 2242/1/2673
f 2672/1/2674 901/1/2674 2242/1/2674
f 2242/1/2675 1581/1/2675 1869/1/2675
f 1870/1/2676 2244/1/2676 2243/1/2676
f 2244/1/2677 901/1/2677 2243/1/2677
f 2243/1/2678 1582/1/2678 1870/1/2678
f 902/1/2679 2660/1/2679 2244/1/2679
f 2660/1/2680 901/1/2680 2244/1/2680
f 2244/1/2681 1870/1/2681 902/1/2681
f 902/1/2682 1870/1/2682 950/1/2682
f 1870/1/2683 1582/1/2683 950/1/2683
f 951/1/2684 903/1/2684 902/1/2684
f 952/1/2685 904/1/2685 903/1/2685
f 953/1/2686 898/1/2686 904/1/2686
f 889/1/2687 898/1/2687 774/1/2687
f 973/1/2688 2245/1/2688 1871/1/2688
f 2673/1/2689 3113/1/2689 3112/1/2689
f 3113/1/2690 2245/1/2690 3112/1/2690
f 1583/1/2691 3116/1/2691 3112/1/2691
f 3116/1/2692 2673/1/2692 3112/1/2692
f 2245/1/2693 3113/1/2693 1871/1/2693
f 3113/1/2694 2673/1/2694 1871/1/2694
f 1871/1/2695 2246/1/2695 973/1/2695
f 2246/1/2696 980/1/2696 973/1/2696
f 1583/1/2697 3114/1/2697 2674/1/2697
f 3114/1/2698 2247/1/2698 2674/1/2698
f 2674/1/2699 1694/1/2699 1583/1/2699
f 983/1/2700 2412/1/2700 2247/1/2700
f 2412/1/2701 3324/1/2701 2674/1/2701
f 3324/1/2702 1694/1/2702 2674/1/2702
f 2674/1/2703 2247/1/2703 2412/1/2703
f 1871/1/2704 3115/1/2704 2411/1/2704
f 1694/1/2705 3323/1/2705 3115/1/2705
f 3323/1/2706 2411/1/2706 3115/1/2706
f 2411/1/2707 3321/1/2707 2246/1/2707
f 3321/1/2708 980/1/2708 2246/1/2708
f 2246/1/2709 1871/1/2709 2411/1/2709
f 1694/1/2710 3115/1/2710 2673/1/2710
f 3115/1/2711 1871/1/2711 2673/1/2711
f 2673/1/2712 3116/1/2712 1694/1/2712
f 3116/1/2713 1583/1/2713 1694/1/2713
f 1872/1/2714 2249/1/2714 2248/1/2714
f 2249/1/2715 3120/1/2715 3117/1/2715
f 3120/1/2716 980/1/2716 3117/1/2716
f 3117/1/2717 2248/1/2717 2249/1/2717
f 2248/1/2718 3118/1/2718 2675/1/2718
f 3118/1/2719 1584/1/2719 2675/1/2719
f 2675/1/2720 1872/1/2720 2248/1/2720
f 2249/1/2721 3119/1/2721 2676/1/2721
f 979/1/2722 3421/1/2722 3119/1/2722
f 3421/1/2723 2676/1/2723 3119/1/2723
f 2676/1/2724 3422/1/2724 3120/1/2724
f 3422/1/2725 980/1/2725 3120/1/2725
f 3120/1/2726 2249/1/2726 2676/1/2726
f 1872/1/2727 2677/1/2727 2249/1/2727
f 979/1/2728 3119/1/2728 2677/1/2728
f 3119/1/2729 2249/1/2729 2677/1/2729
f 1584/1/2730 3121/1/2730 2678/1/2730
f 3121/1/2731 2250/1/2731 2678/1/2731
f 2678/1/2732 3122/1/2732 1584/1/2732
f 3122/1/2733 1695/1/2733 1584/1/2733
f 984/1/2734 2004/1/2734 2250/1/2734
f 2004/1/2735 2414/1/2735 2678/1/2735
f 1695/1/2736 3122/1/2736 2414/1/2736
f 3122/1/2737 2678/1/2737 2414/1/2737
f 2678/1/2738 2250/1/2738 2004/1/2738
f 1872/1/2739 2679/1/2739 2413/1/2739
f 1695/1/2740 2879/1/2740 2679/1/2740
f 2879/1/2741 2413/1/2741 2679/1/2741
f 2413/1/2742 3326/1/2742 2677/1/2742
f 3326/1/2743 979/1/2743 2677/1/2743
f 2677/1/2744 1872/1/2744 2413/1/2744
f 2679/1/2745 3123/1/2745 1695/1/2745
f 3123/1/2746 1584/1/2746 1695/1/2746
f 1872/1/2747 2675/1/2747 2679/1/2747
f 1584/1/2748 3123/1/2748 2675/1/2748
f 3123/1/2749 2679/1/2749 2675/1/2749
f 979/1/2750 2680/1/2750 2251/1/2750
f 2680/1/2751 1873/1/2751 2251/1/2751
f 978/1/2752 1884/1/2752 2251/1/2752
f 1884/1/2753 979/1/2753 2251/1/2753
f 2681/1/2754 3124/1/2754 1873/1/2754
f 2252/1/2755 3126/1/2755 3124/1/2755
f 3126/1/2756 1873/1/2756 3124/1/2756
f 1585/1/2757 3125/1/2757 2681/1/2757
f 2252/1/2758 3124/1/2758 3125/1/2758
f 3124/1/2759 2681/1/2759 3125/1/2759
f 978/1/2760 2251/1/2760 2252/1/2760
f 1873/1/2761 3126/1/2761 2251/1/2761
f 3126/1/2762 2252/1/2762 2251/1/2762
f 1696/1/2763 2253/1/2763 985/1/2763
f 2253/1/2764 1585/1/2764 985/1/2764
f 2252/1/2765 2682/1/2765 2415/1/2765
f 1696/1/2766 2880/1/2766 2682/1/2766
f 2880/1/2767 2415/1/2767 2682/1/2767
f 2415/1/2768 978/1/2768 2252/1/2768
f 2682/1/2769 3127/1/2769 1696/1/2769
f 1585/1/2770 2253/1/2770 3127/1/2770
f 2253/1/2771 1696/1/2771 3127/1/2771
f 2252/1/2772 3125/1/2772 2682/1/2772
f 1585/1/2773 3127/1/2773 3125/1/2773
f 3127/1/2774 2682/1/2774 3125/1/2774
f 978/1/2775 1874/1/2775 977/1/2775
f 1874/1/2776 2683/1/2776 2254/1/2776
f 2683/1/2777 1586/1/2777 2254/1/2777
f 2254/1/2778 977/1/2778 1874/1/2778
f 986/1/2779 1697/1/2779 1586/1/2779
f 1697/1/2780 2255/1/2780 1586/1/2780
f 977/1/2781 2254/1/2781 2255/1/2781
f 2254/1/2782 1586/1/2782 2255/1/2782
f 977/1/2783 1875/1/2783 976/1/2783
f 1587/1/2784 2256/1/2784 1875/1/2784
f 2256/1/2785 976/1/2785 1875/1/2785
f 1587/1/2786 2257/1/2786 1698/1/2786
f 987/1/2787 2006/1/2787 2257/1/2787
f 2006/1/2788 1698/1/2788 2257/1/2788
f 1698/1/2789 2258/1/2789 1587/1/2789
f 976/1/2790 2256/1/2790 2258/1/2790
f 2256/1/2791 1587/1/2791 2258/1/2791
f 975/1/2792 2259/1/2792 1876/1/2792
f 2259/1/2793 976/1/2793 1876/1/2793
f 1876/1/2794 1588/1/2794 975/1/2794
f 988/1/2795 1699/1/2795 1588/1/2795
f 1699/1/2796 975/1/2796 1588/1/2796
f 974/1/2797 2260/1/2797 1877/1/2797
f 2260/1/2798 2684/1/2798 1877/1/2798
f 2684/1/2799 975/1/2799 1877/1/2799
f 1877/1/2800 1589/1/2800 974/1/2800
f 1589/1/2801 989/1/2801 974/1/2801
f 974/1/2802 982/1/2802 972/1/2802
f 1590/1/2803 2685/1/2803 1878/1/2803
f 1879/1/2804 3128/1/2804 2685/1/2804
f 3128/1/2805 1878/1/2805 2685/1/2805
f 964/1/2806 2686/1/2806 1879/1/2806
f 2686/1/2807 3423/1/2807 3128/1/2807
f 3423/1/2808 1878/1/2808 3128/1/2808
f 3128/1/2809 1879/1/2809 2686/1/2809
f 2261/1/2810 2688/1/2810 2687/1/2810
f 1878/1/2811 3424/1/2811 2688/1/2811
f 3424/1/2812 2687/1/2812 2688/1/2812
f 2687/1/2813 954/1/2813 2261/1/2813
f 1878/1/2814 2688/1/2814 1590/1/2814
f 2261/1/2815 3129/1/2815 2688/1/2815
f 3129/1/2816 1590/1/2816 2688/1/2816
f 1879/1/2817 2262/1/2817 964/1/2817
f 2262/1/2818 971/1/2818 964/1/2818
f 1879/1/2819 2685/1/2819 2263/1/2819
f 1590/1/2820 3130/1/2820 2685/1/2820
f 3130/1/2821 2263/1/2821 2685/1/2821
f 2263/1/2822 3131/1/2822 2262/1/2822
f 3131/1/2823 971/1/2823 2262/1/2823
f 2262/1/2824 1879/1/2824 2263/1/2824
f 2264/1/2825 3132/1/2825 2265/1/2825
f 3132/1/2826 1880/1/2826 2265/1/2826
f 971/1/2827 3133/1/2827 2265/1/2827
f 3133/1/2828 2264/1/2828 2265/1/2828
f 2264/1/2829 3134/1/2829 2689/1/2829
f 3134/1/2830 1591/1/2830 2689/1/2830
f 1880/1/2831 3132/1/2831 2689/1/2831
f 3132/1/2832 2264/1/2832 2689/1/2832
f 970/1/2833 2690/1/2833 2265/1/2833
f 2690/1/2834 971/1/2834 2265/1/2834
f 1880/1/2835 2691/1/2835 2265/1/2835
f 2691/1/2836 970/1/2836 2265/1/2836
f 2692/1/2837 3136/1/2837 3135/1/2837
f 3136/1/2838 1591/1/2838 3135/1/2838
f 2266/1/2839 3425/1/2839 3135/1/2839
f 3425/1/2840 2692/1/2840 3135/1/2840
f 1700/1/2841 3139/1/2841 3136/1/2841
f 3139/1/2842 1591/1/2842 3136/1/2842
f 3136/1/2843 2692/1/2843 1700/1/2843
f 3137/1/2844 3426/1/2844 2266/1/2844
f 3426/1/2845 2009/1/2845 2266/1/2845
f 956/1/2846 2891/1/2846 3137/1/2846
f 2009/1/2847 3426/1/2847 2891/1/2847
f 3426/1/2848 3137/1/2848 2891/1/2848
f 2009/1/2849 2890/1/2849 2692/1/2849
f 2890/1/2850 1700/1/2850 2692/1/2850
f 2692/1/2851 3425/1/2851 2009/1/2851
f 3425/1/2852 2266/1/2852 2009/1/2852
f 1880/1/2853 3138/1/2853 2421/1/2853
f 1700/1/2854 3338/1/2854 3138/1/2854
f 3338/1/2855 2421/1/2855 3138/1/2855
f 2421/1/2856 3336/1/2856 2691/1/2856
f 3336/1/2857 970/1/2857 2691/1/2857
f 2691/1/2858 1880/1/2858 2421/1/2858
f 1700/1/2859 3138/1/2859 2689/1/2859
f 3138/1/2860 1880/1/2860 2689/1/2860
f 1591/1/2861 3139/1/2861 2689/1/2861
f 3139/1/2862 1700/1/2862 2689/1/2862
f 970/1/2863 2693/1/2863 2267/1/2863
f 2693/1/2864 1881/1/2864 2267/1/2864
f 2267/1/2865 969/1/2865 970/1/2865
f 1881/1/2866 2694/1/2866 2268/1/2866
f 1592/1/2867 3140/1/2867 2694/1/2867
f 3140/1/2868 2268/1/2868 2694/1/2868
f 969/1/2869 2267/1/2869 2268/1/2869
f 2267/1/2870 1881/1/2870 2268/1/2870
f 1592/1/2871 3141/1/2871 2695/1/2871
f 3141/1/2872 2269/1/2872 2695/1/2872
f 2695/1/2873 1701/1/2873 1592/1/2873
f 2269/1/2874 3142/1/2874 2010/1/2874
f 957/1/2875 2425/1/2875 3142/1/2875
f 2425/1/2876 2010/1/2876 3142/1/2876
f 2010/1/2877 2895/1/2877 2695/1/2877
f 2895/1/2878 1701/1/2878 2695/1/2878
f 2695/1/2879 2269/1/2879 2010/1/2879
f 2268/1/2880 2696/1/2880 2424/1/2880
f 1701/1/2881 2893/1/2881 2696/1/2881
f 2893/1/2882 2424/1/2882 2696/1/2882
f 2424/1/2883 969/1/2883 2268/1/2883
f 1701/1/2884 2696/1/2884 1592/1/2884
f 2268/1/2885 3140/1/2885 2696/1/2885
f 3140/1/2886 1592/1/2886 2696/1/2886
f 969/1/2887 1882/1/2887 968/1/2887
f 2697/1/2888 3143/1/2888 1882/1/2888
f 2270/1/2889 2698/1/2889 3143/1/2889
f 2698/1/2890 1882/1/2890 3143/1/2890
f 1593/1/2891 2700/1/2891 2697/1/2891
f 2270/1/2892 3143/1/2892 2700/1/2892
f 3143/1/2893 2697/1/2893 2700/1/2893
f 1882/1/2894 2698/1/2894 968/1/2894
f 2698/1/2895 2270/1/2895 968/1/2895
f 2699/1/2896 3144/1/2896 1593/1/2896
f 1702/1/2897 3146/1/2897 3144/1/2897
f 3146/1/2898 1593/1/2898 3144/1/2898
f 2271/1/2899 3145/1/2899 2699/1/2899
f 1702/1/2900 3144/1/2900 3145/1/2900
f 3144/1/2901 2699/1/2901 3145/1/2901
f 958/1/2902 2011/1/2902 2271/1/2902
f 1702/1/2903 3145/1/2903 2011/1/2903
f 3145/1/2904 2271/1/2904 2011/1/2904
f 968/1/2905 2270/1/2905 1702/1/2905
f 2270/1/2906 2700/1/2906 1702/1/2906
f 1593/1/2907 3146/1/2907 2700/1/2907
f 3146/1/2908 1702/1/2908 2700/1/2908
f 968/1/2909 1594/1/2909 967/1/2909
f 1594/1/2910 2272/1/2910 1703/1/2910
f 959/1/2911 2012/1/2911 2272/1/2911
f 2012/1/2912 1703/1/2912 2272/1/2912
f 1703/1/2913 967/1/2913 1594/1/2913
f 967/1/2914 1595/1/2914 966/1/2914
f 1595/1/2915 2273/1/2915 1704/1/2915
f 960/1/2916 2013/1/2916 2273/1/2916
f 2013/1/2917 1704/1/2917 2273/1/2917
f 1704/1/2918 966/1/2918 1595/1/2918
f 966/1/2919 1596/1/2919 965/1/2919
f 1596/1/2920 961/1/2920 965/1/2920
f 962/1/2921 963/1/2921 965/1/2921
f 954/1/2922 980/1/2922 956/1/2922
f 1883/1/2923 2274/1/2923 2016/1/2923
f 2274/1/2924 3147/1/2924 2016/1/2924
f 3147/1/2925 956/1/2925 2016/1/2925
f 2016/1/2926 1597/1/2926 1883/1/2926
f 2274/1/2927 2702/1/2927 2701/1/2927
f 957/1/2928 3427/1/2928 2702/1/2928
f 3427/1/2929 2701/1/2929 2702/1/2929
f 2701/1/2930 3428/1/2930 3147/1/2930
f 3428/1/2931 956/1/2931 3147/1/2931
f 3147/1/2932 2274/1/2932 2701/1/2932
f 957/1/2933 2702/1/2933 1883/1/2933
f 2702/1/2934 2274/1/2934 1883/1/2934
f 957/1/2935 1883/1/2935 979/1/2935
f 1597/1/2936 2015/1/2936 1883/1/2936
f 2015/1/2937 979/1/2937 1883/1/2937
f 991/1/2938 1598/1/2938 978/1/2938
f 979/1/2939 1884/1/2939 1598/1/2939
f 1884/1/2940 978/1/2940 1598/1/2940
f 991/1/2941 977/1/2941 959/1/2941
f 959/1/2942 976/1/2942 960/1/2942
f 961/1/2943 2275/1/2943 1885/1/2943
f 2275/1/2944 2703/1/2944 1885/1/2944
f 2703/1/2945 960/1/2945 1885/1/2945
f 1885/1/2946 1599/1/2946 961/1/2946
f 1599/1/2947 975/1/2947 961/1/2947
f 962/1/2948 1705/1/2948 1886/1/2948
f 1705/1/2949 2014/1/2949 1886/1/2949
f 2014/1/2950 961/1/2950 1886/1/2950
f 1886/1/2951 1600/1/2951 962/1/2951
f 1600/1/2952 974/1/2952 962/1/2952
f 962/1/2953 972/1/2953 955/1/2953
f 981/1/2954 514/1/2954 983/1/2954
f 984/1/2955 1887/1/2955 1601/1/2955
f 1887/1/2956 983/1/2956 1601/1/2956
f 1601/1/2957 513/1/2957 984/1/2957
f 984/1/2958 512/1/2958 985/1/2958
f 985/1/2959 511/1/2959 986/1/2959
f 986/1/2960 510/1/2960 987/1/2960
f 1888/1/2961 2705/1/2961 2704/1/2961
f 2276/1/2962 3429/1/2962 2705/1/2962
f 3429/1/2963 2704/1/2963 2705/1/2963
f 2704/1/2964 987/1/2964 1888/1/2964
f 2704/1/2965 3485/1/2965 3430/1/2965
f 3148/1/2966 3502/1/2966 3485/1/2966
f 3502/1/2967 3430/1/2967 3485/1/2967
f 3430/1/2968 987/1/2968 2704/1/2968
f 3430/1/2969 3508/1/2969 2417/1/2969
f 3508/1/2970 3486/1/2970 2417/1/2970
f 3486/1/2971 988/1/2971 2417/1/2971
f 2417/1/2972 987/1/2972 3430/1/2972
f 988/1/2973 3486/1/2973 3148/1/2973
f 3486/1/2974 3508/1/2974 3502/1/2974
f 3508/1/2975 3430/1/2975 3502/1/2975
f 3502/1/2976 3148/1/2976 3486/1/2976
f 988/1/2977 3148/1/2977 2276/1/2977
f 3148/1/2978 3485/1/2978 3429/1/2978
f 3485/1/2979 2704/1/2979 3429/1/2979
f 3429/1/2980 2276/1/2980 3148/1/2980
f 988/1/2981 2276/1/2981 1602/1/2981
f 2276/1/2982 2705/1/2982 1602/1/2982
f 2705/1/2983 1888/1/2983 1602/1/2983
f 1602/1/2984 509/1/2984 988/1/2984
f 989/1/2985 2007/1/2985 2277/1/2985
f 2007/1/2986 2418/1/2986 2277/1/2986
f 2418/1/2987 988/1/2987 2277/1/2987
f 2277/1/2988 1889/1/2988 989/1/2988
f 1889/1/2989 1603/1/2989 989/1/2989
f 1603/1/2990 508/1/2990 989/1/2990
f 989/1/2991 506/1/2991 982/1/2991
f 757/1/2992 1890/1/2992 1604/1/2992
f 1890/1/2993 755/1/2993 1604/1/2993
f 1604/1/2994 2020/1/2994 1891/1/2994
f 2020/1/2995 2430/1/2995 2706/1/2995
f 2430/1/2996 2897/1/2996 3431/1/2996
f 971/1/2997 3503/1/2997 2897/1/2997
f 3503/1/2998 3431/1/2998 2897/1/2998
f 3431/1/2999 2706/1/2999 2430/1/2999
f 2706/1/3000 1891/1/3000 2020/1/3000
f 1891/1/3001 757/1/3001 1604/1/3001
f 758/1/3002 2278/1/3002 1892/1/3002
f 2278/1/3003 2707/1/3003 1892/1/3003
f 2707/1/3004 757/1/3004 1892/1/3004
f 1892/1/3005 1605/1/3005 758/1/3005
f 1605/1/3006 2021/1/3006 1893/1/3006
f 2021/1/3007 2898/1/3007 2708/1/3007
f 2898/1/3008 3476/1/3008 3432/1/3008
f 970/1/3009 3504/1/3009 3476/1/3009
f 3504/1/3010 3432/1/3010 3476/1/3010
f 3432/1/3011 2708/1/3011 2898/1/3011
f 2708/1/3012 1893/1/3012 2021/1/3012
f 1893/1/3013 758/1/3013 1605/1/3013
f 758/1/3014 1893/1/3014 1606/1/3014
f 1893/1/3015 2708/1/3015 2022/1/3015
f 2708/1/3016 3432/1/3016 2902/1/3016
f 3432/1/3017 3504/1/3017 3478/1/3017
f 3504/1/3018 970/1/3018 3478/1/3018
f 3478/1/3019 2902/1/3019 3432/1/3019
f 2902/1/3020 2022/1/3020 2708/1/3020
f 2022/1/3021 1606/1/3021 1893/1/3021
f 1606/1/3022 1894/1/3022 758/1/3022
f 759/1/3023 2640/1/3023 1894/1/3023
f 2640/1/3024 2216/1/3024 1894/1/3024
f 2216/1/3025 758/1/3025 1894/1/3025
f 969/1/3026 760/1/3026 759/1/3026
f 968/1/3027 761/1/3027 760/1/3027
f 967/1/3028 762/1/3028 761/1/3028
f 966/1/3029 763/1/3029 762/1/3029
f 965/1/3030 756/1/3030 763/1/3030
f 955/1/3031 772/1/3031 963/1/3031
f 929/1/3032 922/1/3032 788/1/3032
f 929/1/3033 788/1/3033 789/1/3033
f 925/1/3034 791/1/3034 923/1/3034
f 927/1/3035 790/1/3035 791/1/3035
f 923/1/3036 792/1/3036 924/1/3036
f 773/1/3037 764/1/3037 772/1/3037
f 990/1/3038 766/1/3038 764/1/3038
f 516/1/3039 271/1/3039 766/1/3039
f 772/1/3040 764/1/3040 523/1/3040
f 280/1/3041 990/1/3041 773/1/3041
f 990/1/3042 280/1/3042 516/1/3042
f 241/1/3043 249/1/3043 9/1/3043
f 258/1/3044 28/1/3044 29/1/3044
f 29/1/3045 31/1/3045 258/1/3045
f 31/1/3046 2/1/3046 223/1/3046
f 8/1/3047 6/1/3047 214/1/3047
f 4/1/3048 5/1/3048 250/1/3048
f 1433/1/3049 2709/1/3049 1895/1/3049
f 1896/1/3050 3149/1/3050 2709/1/3050
f 3149/1/3051 1895/1/3051 2709/1/3051
f 240/1/3052 2710/1/3052 1896/1/3052
f 2710/1/3053 3433/1/3053 3149/1/3053
f 3433/1/3054 1895/1/3054 3149/1/3054
f 3149/1/3055 1896/1/3055 2710/1/3055
f 1708/1/3056 2712/1/3056 2711/1/3056
f 1895/1/3057 3434/1/3057 2712/1/3057
f 3434/1/3058 2711/1/3058 2712/1/3058
f 2711/1/3059 232/1/3059 1708/1/3059
f 1895/1/3060 2712/1/3060 1433/1/3060
f 1708/1/3061 2439/1/3061 2712/1/3061
f 2439/1/3062 1433/1/3062 2712/1/3062
f 1896/1/3063 2279/1/3063 240/1/3063
f 2279/1/3064 4/1/3064 240/1/3064
f 1896/1/3065 2709/1/3065 2024/1/3065
f 1433/1/3066 2438/1/3066 2709/1/3066
f 2438/1/3067 2024/1/3067 2709/1/3067
f 2024/1/3068 2906/1/3068 2279/1/3068
f 2906/1/3069 4/1/3069 2279/1/3069
f 2279/1/3070 1896/1/3070 2024/1/3070
f 1434/1/3071 2713/1/3071 1733/1/3071
f 1897/1/3072 3150/1/3072 2713/1/3072
f 3150/1/3073 1733/1/3073 2713/1/3073
f 213/1/3074 2480/1/3074 1897/1/3074
f 2480/1/3075 3361/1/3075 3150/1/3075
f 3361/1/3076 1733/1/3076 3150/1/3076
f 3150/1/3077 1897/1/3077 2480/1/3077
f 1710/1/3078 2714/1/3078 2479/1/3078
f 1733/1/3079 3360/1/3079 2714/1/3079
f 3360/1/3080 2479/1/3080 2714/1/3080
f 2479/1/3081 223/1/3081 1710/1/3081
f 1733/1/3082 2714/1/3082 1434/1/3082
f 1710/1/3083 2444/1/3083 2714/1/3083
f 2444/1/3084 1434/1/3084 2714/1/3084
f 1897/1/3085 2280/1/3085 213/1/3085
f 2280/1/3086 1/1/3086 213/1/3086
f 1897/1/3087 2713/1/3087 2027/1/3087
f 1434/1/3088 2443/1/3088 2713/1/3088
f 2443/1/3089 2027/1/3089 2713/1/3089
f 2027/1/3090 2909/1/3090 2280/1/3090
f 2909/1/3091 1/1/3091 2280/1/3091
f 2280/1/3092 1897/1/3092 2027/1/3092
f 3/1/3093 232/1/3093 213/1/3093
f 19/1/3094 68/1/3094 45/1/3094
f 164/1/3095 12/1/3095 13/1/3095
f 14/1/3096 1898/1/3096 2/1/3096
f 1898/1/3097 2715/1/3097 2281/1/3097
f 1435/1/3098 3151/1/3098 2715/1/3098
f 3151/1/3099 2281/1/3099 2715/1/3099
f 2281/1/3100 2/1/3100 1898/1/3100
f 1435/1/3101 2716/1/3101 1709/1/3101
f 2282/1/3102 3152/1/3102 2716/1/3102
f 3152/1/3103 1709/1/3103 2716/1/3103
f 2282/1/3104 2912/1/3104 2442/1/3104
f 1/1/3105 3353/1/3105 2912/1/3105
f 3353/1/3106 2442/1/3106 2912/1/3106
f 2442/1/3107 3352/1/3107 3152/1/3107
f 3352/1/3108 1709/1/3108 3152/1/3108
f 3152/1/3109 2282/1/3109 2442/1/3109
f 2281/1/3110 2717/1/3110 2441/1/3110
f 1709/1/3111 3351/1/3111 2717/1/3111
f 3351/1/3112 2441/1/3112 2717/1/3112
f 2441/1/3113 2/1/3113 2281/1/3113
f 1709/1/3114 2717/1/3114 1435/1/3114
f 2281/1/3115 3151/1/3115 2717/1/3115
f 3151/1/3116 1435/1/3116 2717/1/3116
f 1607/1/3117 2718/1/3117 1616/1/3117
f 1899/1/3118 3153/1/3118 2718/1/3118
f 3153/1/3119 1616/1/3119 2718/1/3119
f 148/1/3120 2294/1/3120 1899/1/3120
f 2294/1/3121 2729/1/3121 3153/1/3121
f 2729/1/3122 1616/1/3122 3153/1/3122
f 3153/1/3123 1899/1/3123 2294/1/3123
f 2283/1/3124 2719/1/3124 1906/1/3124
f 1616/1/3125 2728/1/3125 2719/1/3125
f 2728/1/3126 1906/1/3126 2719/1/3126
f 1906/1/3127 141/1/3127 2283/1/3127
f 1616/1/3128 2719/1/3128 1607/1/3128
f 2283/1/3129 3154/1/3129 2719/1/3129
f 3154/1/3130 1607/1/3130 2719/1/3130
f 148/1/3131 1899/1/3131 14/1/3131
f 1899/1/3132 2718/1/3132 2284/1/3132
f 1607/1/3133 3155/1/3133 2718/1/3133
f 3155/1/3134 2284/1/3134 2718/1/3134
f 2284/1/3135 14/1/3135 1899/1/3135
f 140/1/3136 11/1/3136 12/1/3136
f 38/1/3137 53/1/3137 17/1/3137
f 4/1/3138 165/1/3138 172/1/3138
f 1436/1/3139 3156/1/3139 2720/1/3139
f 3156/1/3140 2285/1/3140 2720/1/3140
f 2720/1/3141 3157/1/3141 1436/1/3141
f 3157/1/3142 1611/1/3142 1436/1/3142
f 156/1/3143 2291/1/3143 2285/1/3143
f 2291/1/3144 2724/1/3144 2720/1/3144
f 1611/1/3145 3157/1/3145 2724/1/3145
f 3157/1/3146 2720/1/3146 2724/1/3146
f 2720/1/3147 2285/1/3147 2291/1/3147
f 1712/1/3148 2721/1/3148 1903/1/3148
f 1611/1/3149 2723/1/3149 2721/1/3149
f 2723/1/3150 1903/1/3150 2721/1/3150
f 1903/1/3151 165/1/3151 1712/1/3151
f 1611/1/3152 2721/1/3152 1436/1/3152
f 1712/1/3153 2449/1/3153 2721/1/3153
f 2449/1/3154 1436/1/3154 2721/1/3154
f 156/1/3155 2285/1/3155 1900/1/3155
f 2285/1/3156 3156/1/3156 2448/1/3156
f 3156/1/3157 1436/1/3157 2448/1/3157
f 2448/1/3158 1900/1/3158 2285/1/3158
f 1900/1/3159 2286/1/3159 156/1/3159
f 2286/1/3160 3/1/3160 156/1/3160
f 141/1/3161 156/1/3161 3/1/3161
f 14/1/3162 2/1/3162 205/1/3162
f 2/1/3163 31/1/3163 190/1/3163
f 205/1/3164 2/1/3164 190/1/3164
f 31/1/3165 30/1/3165 15/1/3165
f 15/1/3166 181/1/3166 197/1/3166
f 197/1/3167 190/1/3167 31/1/3167
f 205/1/3168 148/1/3168 14/1/3168
f 60/1/3169 52/1/3169 69/1/3169
f 52/1/3170 181/1/3170 15/1/3170
f 69/1/3171 52/1/3171 44/1/3171
f 15/1/3172 30/1/3172 44/1/3172
f 69/1/3173 77/1/3173 85/1/3173
f 85/1/3174 93/1/3174 125/1/3174
f 93/1/3175 101/1/3175 117/1/3175
f 101/1/3176 109/1/3176 117/1/3176
f 117/1/3177 125/1/3177 93/1/3177
f 125/1/3178 132/1/3178 60/1/3178
f 85/1/3179 125/1/3179 60/1/3179
f 15/1/3180 44/1/3180 52/1/3180
f 61/1/3181 133/1/3181 20/1/3181
f 222/1/3182 6/1/3182 7/1/3182
f 27/1/3183 76/1/3183 68/1/3183
f 53/1/3184 61/1/3184 18/1/3184
f 28/1/3185 16/1/3185 45/1/3185
f 133/1/3186 124/1/3186 21/1/3186
f 124/1/3187 116/1/3187 22/1/3187
f 116/1/3188 108/1/3188 23/1/3188
f 108/1/3189 100/1/3189 24/1/3189
f 24/1/3190 100/1/3190 92/1/3190
f 25/1/3191 92/1/3191 84/1/3191
f 26/1/3192 84/1/3192 76/1/3192
f 52/1/3193 54/1/3193 39/1/3193
f 39/1/3194 54/1/3194 55/1/3194
f 40/1/3195 55/1/3195 56/1/3195
f 41/1/3196 56/1/3196 57/1/3196
f 42/1/3197 57/1/3197 58/1/3197
f 182/1/3198 58/1/3198 59/1/3198
f 43/1/3199 59/1/3199 53/1/3199
f 60/1/3200 62/1/3200 54/1/3200
f 62/1/3201 63/1/3201 55/1/3201
f 63/1/3202 64/1/3202 56/1/3202
f 64/1/3203 65/1/3203 57/1/3203
f 65/1/3204 66/1/3204 58/1/3204
f 58/1/3205 66/1/3205 67/1/3205
f 59/1/3206 67/1/3206 61/1/3206
f 29/1/3207 45/1/3207 51/1/3207
f 32/1/3208 51/1/3208 50/1/3208
f 33/1/3209 50/1/3209 49/1/3209
f 34/1/3210 49/1/3210 48/1/3210
f 35/1/3211 48/1/3211 47/1/3211
f 36/1/3212 47/1/3212 46/1/3212
f 37/1/3213 46/1/3213 44/1/3213
f 45/1/3214 68/1/3214 70/1/3214
f 51/1/3215 70/1/3215 71/1/3215
f 50/1/3216 71/1/3216 72/1/3216
f 49/1/3217 72/1/3217 73/1/3217
f 48/1/3218 73/1/3218 74/1/3218
f 47/1/3219 74/1/3219 75/1/3219
f 46/1/3220 75/1/3220 69/1/3220
f 68/1/3221 76/1/3221 78/1/3221
f 70/1/3222 78/1/3222 79/1/3222
f 71/1/3223 79/1/3223 80/1/3223
f 72/1/3224 80/1/3224 81/1/3224
f 73/1/3225 81/1/3225 82/1/3225
f 74/1/3226 82/1/3226 83/1/3226
f 75/1/3227 83/1/3227 77/1/3227
f 84/1/3228 86/1/3228 78/1/3228
f 86/1/3229 87/1/3229 79/1/3229
f 87/1/3230 88/1/3230 80/1/3230
f 88/1/3231 89/1/3231 81/1/3231
f 89/1/3232 90/1/3232 82/1/3232
f 90/1/3233 91/1/3233 83/1/3233
f 91/1/3234 85/1/3234 77/1/3234
f 84/1/3235 92/1/3235 94/1/3235
f 86/1/3236 94/1/3236 95/1/3236
f 87/1/3237 95/1/3237 96/1/3237
f 88/1/3238 96/1/3238 97/1/3238
f 89/1/3239 97/1/3239 98/1/3239
f 90/1/3240 98/1/3240 99/1/3240
f 91/1/3241 99/1/3241 93/1/3241
f 92/1/3242 100/1/3242 102/1/3242
f 94/1/3243 102/1/3243 103/1/3243
f 95/1/3244 103/1/3244 104/1/3244
f 96/1/3245 104/1/3245 105/1/3245
f 97/1/3246 105/1/3246 106/1/3246
f 98/1/3247 106/1/3247 107/1/3247
f 99/1/3248 107/1/3248 101/1/3248
f 100/1/3249 108/1/3249 110/1/3249
f 102/1/3250 110/1/3250 111/1/3250
f 103/1/3251 111/1/3251 112/1/3251
f 104/1/3252 112/1/3252 113/1/3252
f 105/1/3253 113/1/3253 114/1/3253
f 106/1/3254 114/1/3254 115/1/3254
f 107/1/3255 115/1/3255 109/1/3255
f 116/1/3256 118/1/3256 110/1/3256
f 118/1/3257 119/1/3257 111/1/3257
f 119/1/3258 120/1/3258 112/1/3258
f 120/1/3259 121/1/3259 113/1/3259
f 121/1/3260 122/1/3260 114/1/3260
f 122/1/3261 123/1/3261 115/1/3261
f 123/1/3262 117/1/3262 109/1/3262
f 124/1/3263 126/1/3263 118/1/3263
f 126/1/3264 127/1/3264 119/1/3264
f 127/1/3265 128/1/3265 120/1/3265
f 128/1/3266 129/1/3266 121/1/3266
f 129/1/3267 130/1/3267 122/1/3267
f 130/1/3268 131/1/3268 123/1/3268
f 131/1/3269 125/1/3269 117/1/3269
f 124/1/3270 133/1/3270 139/1/3270
f 126/1/3271 139/1/3271 138/1/3271
f 127/1/3272 138/1/3272 137/1/3272
f 128/1/3273 137/1/3273 136/1/3273
f 129/1/3274 136/1/3274 135/1/3274
f 130/1/3275 135/1/3275 134/1/3275
f 131/1/3276 134/1/3276 132/1/3276
f 60/1/3277 132/1/3277 134/1/3277
f 62/1/3278 134/1/3278 135/1/3278
f 63/1/3279 135/1/3279 136/1/3279
f 64/1/3280 136/1/3280 137/1/3280
f 65/1/3281 137/1/3281 138/1/3281
f 66/1/3282 138/1/3282 139/1/3282
f 67/1/3283 139/1/3283 133/1/3283
f 164/1/3284 166/1/3284 163/1/3284
f 166/1/3285 167/1/3285 162/1/3285
f 167/1/3286 168/1/3286 161/1/3286
f 169/1/3287 1608/1/3287 168/1/3287
f 1608/1/3288 161/1/3288 168/1/3288
f 1901/1/3289 2287/1/3289 170/1/3289
f 2287/1/3290 169/1/3290 170/1/3290
f 169/1/3291 2287/1/3291 1609/1/3291
f 2287/1/3292 1901/1/3292 1609/1/3292
f 160/1/3293 1437/1/3293 1609/1/3293
f 1437/1/3294 169/1/3294 1609/1/3294
f 171/1/3295 1902/1/3295 170/1/3295
f 1902/1/3296 2722/1/3296 2288/1/3296
f 1610/1/3297 3158/1/3297 2722/1/3297
f 3158/1/3298 2288/1/3298 2722/1/3298
f 2288/1/3299 170/1/3299 1902/1/3299
f 159/1/3300 1438/1/3300 1610/1/3300
f 1438/1/3301 2450/1/3301 1610/1/3301
f 2450/1/3302 2031/1/3302 1610/1/3302
f 170/1/3303 2288/1/3303 2031/1/3303
f 2288/1/3304 3158/1/3304 2031/1/3304
f 3158/1/3305 1610/1/3305 2031/1/3305
f 1903/1/3306 2289/1/3306 165/1/3306
f 2289/1/3307 171/1/3307 165/1/3307
f 1903/1/3308 2723/1/3308 2290/1/3308
f 1611/1/3309 3159/1/3309 2723/1/3309
f 3159/1/3310 2290/1/3310 2723/1/3310
f 171/1/3311 2289/1/3311 2290/1/3311
f 2289/1/3312 1903/1/3312 2290/1/3312
f 1611/1/3313 2724/1/3313 1440/1/3313
f 2291/1/3314 3160/1/3314 2724/1/3314
f 3160/1/3315 1440/1/3315 2724/1/3315
f 156/1/3316 1713/1/3316 2291/1/3316
f 1713/1/3317 2034/1/3317 3160/1/3317
f 2034/1/3318 1440/1/3318 3160/1/3318
f 3160/1/3319 2291/1/3319 1713/1/3319
f 2290/1/3320 2725/1/3320 2033/1/3320
f 1440/1/3321 2452/1/3321 2725/1/3321
f 2452/1/3322 2033/1/3322 2725/1/3322
f 2033/1/3323 171/1/3323 2290/1/3323
f 1440/1/3324 2725/1/3324 1611/1/3324
f 2290/1/3325 3159/1/3325 2725/1/3325
f 3159/1/3326 1611/1/3326 2725/1/3326
f 140/1/3327 142/1/3327 155/1/3327
f 142/1/3328 143/1/3328 154/1/3328
f 144/1/3329 1904/1/3329 143/1/3329
f 1904/1/3330 1612/1/3330 143/1/3330
f 1612/1/3331 153/1/3331 143/1/3331
f 1613/1/3332 1905/1/3332 145/1/3332
f 1905/1/3333 144/1/3333 145/1/3333
f 1613/1/3334 2038/1/3334 1441/1/3334
f 2038/1/3335 2921/1/3335 1714/1/3335
f 152/1/3336 2037/1/3336 2921/1/3336
f 2037/1/3337 1714/1/3337 2921/1/3337
f 1714/1/3338 1441/1/3338 2038/1/3338
f 1441/1/3339 2036/1/3339 1613/1/3339
f 144/1/3340 1905/1/3340 2036/1/3340
f 1905/1/3341 1613/1/3341 2036/1/3341
f 146/1/3342 1614/1/3342 145/1/3342
f 1614/1/3343 2726/1/3343 1442/1/3343
f 2041/1/3344 3161/1/3344 2726/1/3344
f 3161/1/3345 1442/1/3345 2726/1/3345
f 2041/1/3346 2923/1/3346 1715/1/3346
f 151/1/3347 2040/1/3347 2923/1/3347
f 2040/1/3348 1715/1/3348 2923/1/3348
f 1715/1/3349 2455/1/3349 2041/1/3349
f 1442/1/3350 3161/1/3350 2455/1/3350
f 3161/1/3351 2041/1/3351 2455/1/3351
f 1442/1/3352 145/1/3352 1614/1/3352
f 147/1/3353 1615/1/3353 146/1/3353
f 2727/1/3354 3162/1/3354 1615/1/3354
f 3162/1/3355 1443/1/3355 1615/1/3355
f 2292/1/3356 3163/1/3356 2727/1/3356
f 3163/1/3357 3435/1/3357 2727/1/3357
f 1443/1/3358 3162/1/3358 3435/1/3358
f 3162/1/3359 2727/1/3359 3435/1/3359
f 150/1/3360 1716/1/3360 2292/1/3360
f 1716/1/3361 2458/1/3361 2292/1/3361
f 1443/1/3362 3435/1/3362 2458/1/3362
f 3435/1/3363 3163/1/3363 2458/1/3363
f 3163/1/3364 2292/1/3364 2458/1/3364
f 1443/1/3365 146/1/3365 1615/1/3365
f 141/1/3366 1906/1/3366 147/1/3366
f 2728/1/3367 3164/1/3367 1906/1/3367
f 3164/1/3368 2293/1/3368 1906/1/3368
f 1616/1/3369 3165/1/3369 2728/1/3369
f 2293/1/3370 3164/1/3370 3165/1/3370
f 3164/1/3371 2728/1/3371 3165/1/3371
f 2293/1/3372 147/1/3372 1906/1/3372
f 1616/1/3373 2729/1/3373 1444/1/3373
f 2294/1/3374 3166/1/3374 2729/1/3374
f 3166/1/3375 1444/1/3375 2729/1/3375
f 148/1/3376 1717/1/3376 2294/1/3376
f 1717/1/3377 2928/1/3377 2294/1/3377
f 1444/1/3378 3166/1/3378 2928/1/3378
f 3166/1/3379 2294/1/3379 2928/1/3379
f 2730/1/3380 3167/1/3380 2461/1/3380
f 1444/1/3381 2927/1/3381 3167/1/3381
f 2927/1/3382 2461/1/3382 3167/1/3382
f 2461/1/3383 2045/1/3383 2730/1/3383
f 1444/1/3384 3167/1/3384 1616/1/3384
f 3167/1/3385 2730/1/3385 1616/1/3385
f 147/1/3386 2293/1/3386 2045/1/3386
f 2293/1/3387 3165/1/3387 2730/1/3387
f 3165/1/3388 1616/1/3388 2730/1/3388
f 2730/1/3389 2045/1/3389 2293/1/3389
f 157/1/3390 163/1/3390 142/1/3390
f 163/1/3391 162/1/3391 143/1/3391
f 162/1/3392 161/1/3392 144/1/3392
f 161/1/3393 160/1/3393 145/1/3393
f 160/1/3394 159/1/3394 146/1/3394
f 159/1/3395 158/1/3395 147/1/3395
f 158/1/3396 156/1/3396 141/1/3396
f 173/1/3397 179/1/3397 166/1/3397
f 179/1/3398 178/1/3398 167/1/3398
f 178/1/3399 177/1/3399 168/1/3399
f 177/1/3400 176/1/3400 169/1/3400
f 176/1/3401 1617/1/3401 170/1/3401
f 1617/1/3402 175/1/3402 170/1/3402
f 175/1/3403 174/1/3403 171/1/3403
f 174/1/3404 172/1/3404 165/1/3404
f 197/1/3405 181/1/3405 188/1/3405
f 187/1/3406 2046/1/3406 1907/1/3406
f 2046/1/3407 1446/1/3407 1907/1/3407
f 1907/1/3408 188/1/3408 187/1/3408
f 188/1/3409 1907/1/3409 199/1/3409
f 1907/1/3410 1446/1/3410 199/1/3410
f 1618/1/3411 2295/1/3411 1718/1/3411
f 2295/1/3412 186/1/3412 1718/1/3412
f 1718/1/3413 1447/1/3413 1618/1/3413
f 1447/1/3414 200/1/3414 1618/1/3414
f 186/1/3415 2295/1/3415 1908/1/3415
f 2295/1/3416 1618/1/3416 1908/1/3416
f 1908/1/3417 187/1/3417 186/1/3417
f 201/1/3418 186/1/3418 185/1/3418
f 202/1/3419 185/1/3419 184/1/3419
f 203/1/3420 184/1/3420 183/1/3420
f 204/1/3421 183/1/3421 180/1/3421
f 207/1/3422 1448/1/3422 196/1/3422
f 190/1/3423 1720/1/3423 1448/1/3423
f 1720/1/3424 196/1/3424 1448/1/3424
f 196/1/3425 195/1/3425 208/1/3425
f 208/1/3426 195/1/3426 194/1/3426
f 209/1/3427 194/1/3427 193/1/3427
f 210/1/3428 193/1/3428 192/1/3428
f 211/1/3429 192/1/3429 191/1/3429
f 212/1/3430 191/1/3430 189/1/3430
f 196/1/3431 1449/1/3431 199/1/3431
f 197/1/3432 1445/1/3432 1449/1/3432
f 1445/1/3433 199/1/3433 1449/1/3433
f 199/1/3434 200/1/3434 195/1/3434
f 200/1/3435 201/1/3435 194/1/3435
f 201/1/3436 202/1/3436 193/1/3436
f 202/1/3437 203/1/3437 192/1/3437
f 203/1/3438 204/1/3438 191/1/3438
f 204/1/3439 198/1/3439 189/1/3439
f 205/1/3440 1719/1/3440 1450/1/3440
f 1719/1/3441 207/1/3441 1450/1/3441
f 1450/1/3442 150/1/3442 205/1/3442
f 208/1/3443 1451/1/3443 207/1/3443
f 1451/1/3444 1723/1/3444 1722/1/3444
f 151/1/3445 2463/1/3445 1723/1/3445
f 2463/1/3446 1722/1/3446 1723/1/3446
f 1722/1/3447 207/1/3447 1451/1/3447
f 209/1/3448 1452/1/3448 208/1/3448
f 1452/1/3449 2049/1/3449 1724/1/3449
f 152/1/3450 2465/1/3450 2049/1/3450
f 2465/1/3451 1724/1/3451 2049/1/3451
f 1724/1/3452 208/1/3452 1452/1/3452
f 209/1/3453 210/1/3453 153/1/3453
f 210/1/3454 211/1/3454 154/1/3454
f 211/1/3455 212/1/3455 155/1/3455
f 212/1/3456 206/1/3456 149/1/3456
f 242/1/3457 2053/1/3457 1909/1/3457
f 2053/1/3458 2931/1/3458 2731/1/3458
f 2931/1/3459 1453/1/3459 2731/1/3459
f 2731/1/3460 1909/1/3460 2053/1/3460
f 1909/1/3461 240/1/3461 242/1/3461
f 1453/1/3462 2929/1/3462 2732/1/3462
f 2929/1/3463 2051/1/3463 2732/1/3463
f 2732/1/3464 1895/1/3464 1453/1/3464
f 232/1/3465 2711/1/3465 2051/1/3465
f 2711/1/3466 3434/1/3466 2732/1/3466
f 3434/1/3467 1895/1/3467 2732/1/3467
f 2732/1/3468 2051/1/3468 2711/1/3468
f 1909/1/3469 3168/1/3469 2710/1/3469
f 1895/1/3470 3433/1/3470 3168/1/3470
f 3433/1/3471 2710/1/3471 3168/1/3471
f 2710/1/3472 240/1/3472 1909/1/3472
f 1895/1/3473 3168/1/3473 2731/1/3473
f 3168/1/3474 1909/1/3474 2731/1/3474
f 2731/1/3475 1453/1/3475 1895/1/3475
f 2733/1/3476 3169/1/3476 1619/1/3476
f 1454/1/3477 3436/1/3477 3169/1/3477
f 3436/1/3478 1619/1/3478 3169/1/3478
f 1910/1/3479 3170/1/3479 2733/1/3479
f 1454/1/3480 3169/1/3480 3170/1/3480
f 3169/1/3481 2733/1/3481 3170/1/3481
f 243/1/3482 2056/1/3482 1910/1/3482
f 2056/1/3483 2938/1/3483 3170/1/3483
f 2938/1/3484 1454/1/3484 3170/1/3484
f 3170/1/3485 1910/1/3485 2056/1/3485
f 2296/1/3486 2734/1/3486 2054/1/3486
f 1454/1/3487 2935/1/3487 2734/1/3487
f 2935/1/3488 2054/1/3488 2734/1/3488
f 2054/1/3489 2934/1/3489 3171/1/3489
f 2934/1/3490 239/1/3490 3171/1/3490
f 3171/1/3491 2296/1/3491 2054/1/3491
f 2734/1/3492 3172/1/3492 1454/1/3492
f 1619/1/3493 3436/1/3493 3172/1/3493
f 3436/1/3494 1454/1/3494 3172/1/3494
f 2296/1/3495 3173/1/3495 2734/1/3495
f 1619/1/3496 3172/1/3496 3173/1/3496
f 3172/1/3497 2734/1/3497 3173/1/3497
f 242/1/3498 1742/1/3498 1910/1/3498
f 1742/1/3499 243/1/3499 1910/1/3499
f 1910/1/3500 2733/1/3500 2297/1/3500
f 1619/1/3501 3174/1/3501 2733/1/3501
f 3174/1/3502 2297/1/3502 2733/1/3502
f 2297/1/3503 242/1/3503 1910/1/3503
f 244/1/3504 1455/1/3504 1620/1/3504
f 2298/1/3505 3175/1/3505 1728/1/3505
f 1455/1/3506 2474/1/3506 3175/1/3506
f 2474/1/3507 1728/1/3507 3175/1/3507
f 1728/1/3508 2473/1/3508 3176/1/3508
f 2473/1/3509 238/1/3509 3176/1/3509
f 3176/1/3510 2298/1/3510 1728/1/3510
f 1455/1/3511 3175/1/3511 2735/1/3511
f 3175/1/3512 2298/1/3512 2735/1/3512
f 2735/1/3513 1620/1/3513 1455/1/3513
f 1620/1/3514 2299/1/3514 244/1/3514
f 2299/1/3515 1911/1/3515 244/1/3515
f 1911/1/3516 243/1/3516 244/1/3516
f 245/1/3517 1456/1/3517 1621/1/3517
f 2300/1/3518 3177/1/3518 2476/1/3518
f 3177/1/3519 1456/1/3519 2476/1/3519
f 2476/1/3520 1729/1/3520 2300/1/3520
f 1729/1/3521 237/1/3521 2300/1/3521
f 1456/1/3522 3177/1/3522 2736/1/3522
f 3177/1/3523 2300/1/3523 2736/1/3523
f 2736/1/3524 1621/1/3524 1456/1/3524
f 1621/1/3525 244/1/3525 245/1/3525
f 2063/1/3526 2737/1/3526 1912/1/3526
f 2737/1/3527 1622/1/3527 1912/1/3527
f 1912/1/3528 246/1/3528 2063/1/3528
f 1457/1/3529 3178/1/3529 2737/1/3529
f 3178/1/3530 1622/1/3530 2737/1/3530
f 2737/1/3531 2063/1/3531 1457/1/3531
f 2061/1/3532 2738/1/3532 1730/1/3532
f 2738/1/3533 1457/1/3533 1730/1/3533
f 1730/1/3534 236/1/3534 2061/1/3534
f 1622/1/3535 3178/1/3535 2738/1/3535
f 3178/1/3536 1457/1/3536 2738/1/3536
f 2738/1/3537 2061/1/3537 1622/1/3537
f 246/1/3538 1912/1/3538 245/1/3538
f 1912/1/3539 1622/1/3539 245/1/3539
f 1458/1/3540 3179/1/3540 2739/1/3540
f 3179/1/3541 1623/1/3541 2739/1/3541
f 2739/1/3542 2301/1/3542 1458/1/3542
f 2301/1/3543 247/1/3543 1458/1/3543
f 2064/1/3544 2740/1/3544 1731/1/3544
f 2740/1/3545 1458/1/3545 1731/1/3545
f 1731/1/3546 235/1/3546 2064/1/3546
f 1623/1/3547 3179/1/3547 2740/1/3547
f 3179/1/3548 1458/1/3548 2740/1/3548
f 2740/1/3549 2064/1/3549 1623/1/3549
f 2301/1/3550 3180/1/3550 2741/1/3550
f 3180/1/3551 1913/1/3551 2741/1/3551
f 2741/1/3552 247/1/3552 2301/1/3552
f 1913/1/3553 3180/1/3553 2739/1/3553
f 3180/1/3554 2301/1/3554 2739/1/3554
f 2739/1/3555 1623/1/3555 1913/1/3555
f 246/1/3556 2302/1/3556 1913/1/3556
f 247/1/3557 2741/1/3557 2302/1/3557
f 2741/1/3558 1913/1/3558 2302/1/3558
f 248/1/3559 1459/1/3559 1624/1/3559
f 1459/1/3560 1732/1/3560 1624/1/3560
f 1732/1/3561 234/1/3561 1624/1/3561
f 247/1/3562 2303/1/3562 1624/1/3562
f 2303/1/3563 1914/1/3563 1624/1/3563
f 1914/1/3564 248/1/3564 1624/1/3564
f 233/1/3565 248/1/3565 241/1/3565
f 1460/1/3566 2742/1/3566 1461/1/3566
f 1915/1/3567 3181/1/3567 2742/1/3567
f 3181/1/3568 1461/1/3568 2742/1/3568
f 1915/1/3569 2304/1/3569 2072/1/3569
f 215/1/3570 2954/1/3570 2304/1/3570
f 2954/1/3571 2072/1/3571 2304/1/3571
f 2072/1/3572 2952/1/3572 3181/1/3572
f 2952/1/3573 1461/1/3573 3181/1/3573
f 3181/1/3574 1915/1/3574 2072/1/3574
f 2069/1/3575 2743/1/3575 2070/1/3575
f 1461/1/3576 2951/1/3576 2743/1/3576
f 2951/1/3577 2070/1/3577 2743/1/3577
f 2070/1/3578 2950/1/3578 2948/1/3578
f 2950/1/3579 230/1/3579 2948/1/3579
f 2948/1/3580 2069/1/3580 2070/1/3580
f 1461/1/3581 2743/1/3581 1460/1/3581
f 2069/1/3582 2947/1/3582 2743/1/3582
f 2947/1/3583 1460/1/3583 2743/1/3583
f 215/1/3584 2304/1/3584 213/1/3584
f 2304/1/3585 1915/1/3585 213/1/3585
f 2742/1/3586 3182/1/3586 1915/1/3586
f 3182/1/3587 2067/1/3587 1915/1/3587
f 1460/1/3588 2946/1/3588 2742/1/3588
f 2067/1/3589 3182/1/3589 2946/1/3589
f 3182/1/3590 2742/1/3590 2946/1/3590
f 2067/1/3591 213/1/3591 1915/1/3591
f 2744/1/3592 3184/1/3592 3183/1/3592
f 3184/1/3593 1625/1/3593 3183/1/3593
f 2305/1/3594 3437/1/3594 3183/1/3594
f 3437/1/3595 2744/1/3595 3183/1/3595
f 3184/1/3596 3438/1/3596 3187/1/3596
f 3438/1/3597 1462/1/3597 3187/1/3597
f 3187/1/3598 1625/1/3598 3184/1/3598
f 1462/1/3599 3438/1/3599 2744/1/3599
f 3438/1/3600 3184/1/3600 2744/1/3600
f 2305/1/3601 3185/1/3601 2075/1/3601
f 216/1/3602 2959/1/3602 3185/1/3602
f 2959/1/3603 2075/1/3603 3185/1/3603
f 2075/1/3604 2958/1/3604 2744/1/3604
f 2958/1/3605 1462/1/3605 2744/1/3605
f 2744/1/3606 3437/1/3606 2075/1/3606
f 3437/1/3607 2305/1/3607 2075/1/3607
f 2306/1/3608 2745/1/3608 1736/1/3608
f 1462/1/3609 2487/1/3609 2745/1/3609
f 2487/1/3610 1736/1/3610 2745/1/3610
f 1736/1/3611 2486/1/3611 3186/1/3611
f 2486/1/3612 229/1/3612 3186/1/3612
f 3186/1/3613 2306/1/3613 1736/1/3613
f 1625/1/3614 3187/1/3614 2745/1/3614
f 3187/1/3615 1462/1/3615 2745/1/3615
f 2306/1/3616 3188/1/3616 2745/1/3616
f 3188/1/3617 1625/1/3617 2745/1/3617
f 1916/1/3618 2307/1/3618 2305/1/3618
f 2307/1/3619 3190/1/3619 3185/1/3619
f 3190/1/3620 216/1/3620 3185/1/3620
f 3185/1/3621 2305/1/3621 2307/1/3621
f 2305/1/3622 3183/1/3622 2746/1/3622
f 3183/1/3623 1625/1/3623 2746/1/3623
f 2746/1/3624 1916/1/3624 2305/1/3624
f 2307/1/3625 3189/1/3625 2494/1/3625
f 3189/1/3626 3439/1/3626 3365/1/3626
f 3439/1/3627 215/1/3627 3365/1/3627
f 3365/1/3628 2494/1/3628 3189/1/3628
f 2494/1/3629 3364/1/3629 3190/1/3629
f 3364/1/3630 216/1/3630 3190/1/3630
f 3190/1/3631 2307/1/3631 2494/1/3631
f 1916/1/3632 2747/1/3632 2307/1/3632
f 215/1/3633 3439/1/3633 2747/1/3633
f 3439/1/3634 3189/1/3634 2747/1/3634
f 3189/1/3635 2307/1/3635 2747/1/3635
f 2308/1/3636 2748/1/3636 1626/1/3636
f 2748/1/3637 1463/1/3637 1626/1/3637
f 217/1/3638 2077/1/3638 2308/1/3638
f 2077/1/3639 2492/1/3639 2748/1/3639
f 2492/1/3640 1463/1/3640 2748/1/3640
f 2748/1/3641 2308/1/3641 2077/1/3641
f 1463/1/3642 2490/1/3642 2309/1/3642
f 2490/1/3643 1737/1/3643 2309/1/3643
f 1737/1/3644 228/1/3644 2309/1/3644
f 2309/1/3645 2749/1/3645 1463/1/3645
f 2749/1/3646 1626/1/3646 1463/1/3646
f 2308/1/3647 2750/1/3647 217/1/3647
f 2750/1/3648 1917/1/3648 217/1/3648
f 1626/1/3649 2751/1/3649 2308/1/3649
f 1917/1/3650 2750/1/3650 2751/1/3650
f 2750/1/3651 2308/1/3651 2751/1/3651
f 1917/1/3652 2310/1/3652 217/1/3652
f 216/1/3653 1924/1/3653 2310/1/3653
f 1924/1/3654 217/1/3654 2310/1/3654
f 1627/1/3655 2311/1/3655 2078/1/3655
f 2311/1/3656 218/1/3656 2078/1/3656
f 2078/1/3657 1464/1/3657 1627/1/3657
f 1464/1/3658 227/1/3658 1627/1/3658
f 218/1/3659 2311/1/3659 1918/1/3659
f 2311/1/3660 1627/1/3660 1918/1/3660
f 1918/1/3661 217/1/3661 218/1/3661
f 1628/1/3662 2312/1/3662 2079/1/3662
f 2312/1/3663 219/1/3663 2079/1/3663
f 2079/1/3664 1465/1/3664 1628/1/3664
f 1465/1/3665 226/1/3665 1628/1/3665
f 219/1/3666 2312/1/3666 1919/1/3666
f 2312/1/3667 1628/1/3667 1919/1/3667
f 1919/1/3668 218/1/3668 219/1/3668
f 220/1/3669 1466/1/3669 1629/1/3669
f 1466/1/3670 225/1/3670 1629/1/3670
f 1629/1/3671 1920/1/3671 220/1/3671
f 219/1/3672 2496/1/3672 1920/1/3672
f 2496/1/3673 2081/1/3673 1920/1/3673
f 2081/1/3674 220/1/3674 1920/1/3674
f 220/1/3675 1921/1/3675 224/1/3675
f 1921/1/3676 1630/1/3676 224/1/3676
f 1630/1/3677 221/1/3677 224/1/3677
f 221/1/3678 214/1/3678 222/1/3678
f 213/1/3679 232/1/3679 239/1/3679
f 2313/1/3680 2752/1/3680 1922/1/3680
f 2752/1/3681 238/1/3681 1922/1/3681
f 2313/1/3682 3191/1/3682 2469/1/3682
f 239/1/3683 3359/1/3683 3191/1/3683
f 3359/1/3684 2469/1/3684 3191/1/3684
f 2469/1/3685 3358/1/3685 2752/1/3685
f 3358/1/3686 238/1/3686 2752/1/3686
f 2752/1/3687 2313/1/3687 2469/1/3687
f 1467/1/3688 2314/1/3688 1922/1/3688
f 239/1/3689 3191/1/3689 2314/1/3689
f 3191/1/3690 2313/1/3690 2314/1/3690
f 2313/1/3691 1922/1/3691 2314/1/3691
f 239/1/3692 2314/1/3692 1923/1/3692
f 2314/1/3693 1467/1/3693 1923/1/3693
f 1923/1/3694 215/1/3694 239/1/3694
f 217/1/3695 1924/1/3695 1631/1/3695
f 1924/1/3696 216/1/3696 1631/1/3696
f 1631/1/3697 272/1/3697 217/1/3697
f 238/1/3698 1468/1/3698 216/1/3698
f 272/1/3699 1631/1/3699 1468/1/3699
f 1631/1/3700 216/1/3700 1468/1/3700
f 218/1/3701 217/1/3701 272/1/3701
f 272/1/3702 237/1/3702 236/1/3702
f 218/1/3703 236/1/3703 235/1/3703
f 1469/1/3704 1925/1/3704 234/1/3704
f 235/1/3705 2065/1/3705 1925/1/3705
f 2065/1/3706 234/1/3706 1925/1/3706
f 235/1/3707 1925/1/3707 1740/1/3707
f 1925/1/3708 1469/1/3708 1740/1/3708
f 1740/1/3709 219/1/3709 235/1/3709
f 1470/1/3710 1926/1/3710 233/1/3710
f 234/1/3711 2477/1/3711 1926/1/3711
f 2477/1/3712 2066/1/3712 1926/1/3712
f 2066/1/3713 233/1/3713 1926/1/3713
f 234/1/3714 1926/1/3714 1741/1/3714
f 1926/1/3715 1470/1/3715 1741/1/3715
f 1741/1/3716 220/1/3716 234/1/3716
f 221/1/3717 233/1/3717 231/1/3717
f 240/1/3718 250/1/3718 257/1/3718
f 257/1/3719 1842/1/3719 1471/1/3719
f 1842/1/3720 256/1/3720 1471/1/3720
f 1471/1/3721 242/1/3721 257/1/3721
f 243/1/3722 256/1/3722 255/1/3722
f 244/1/3723 255/1/3723 254/1/3723
f 245/1/3724 254/1/3724 253/1/3724
f 253/1/3725 1844/1/3725 1472/1/3725
f 1844/1/3726 252/1/3726 1472/1/3726
f 1472/1/3727 1743/1/3727 253/1/3727
f 1743/1/3728 246/1/3728 253/1/3728
f 252/1/3729 1846/1/3729 1473/1/3729
f 1846/1/3730 251/1/3730 1473/1/3730
f 1473/1/3731 1744/1/3731 252/1/3731
f 1744/1/3732 2083/1/3732 252/1/3732
f 2083/1/3733 247/1/3733 252/1/3733
f 248/1/3734 251/1/3734 249/1/3734
f 230/1/3735 2753/1/3735 223/1/3735
f 2753/1/3736 2315/1/3736 223/1/3736
f 2315/1/3737 1927/1/3737 223/1/3737
f 1927/1/3738 1474/1/3738 223/1/3738
f 1474/1/3739 258/1/3739 223/1/3739
f 2316/1/3740 2755/1/3740 2754/1/3740
f 229/1/3741 3440/1/3741 2755/1/3741
f 3440/1/3742 2754/1/3742 2755/1/3742
f 2754/1/3743 1928/1/3743 2316/1/3743
f 2755/1/3744 3192/1/3744 229/1/3744
f 230/1/3745 2483/1/3745 3192/1/3745
f 2483/1/3746 229/1/3746 3192/1/3746
f 3193/1/3747 3441/1/3747 2316/1/3747
f 3441/1/3748 2755/1/3748 2316/1/3748
f 230/1/3749 3192/1/3749 3193/1/3749
f 2755/1/3750 3441/1/3750 3192/1/3750
f 3441/1/3751 3193/1/3751 3192/1/3751
f 1475/1/3752 2317/1/3752 1928/1/3752
f 2317/1/3753 3194/1/3753 2316/1/3753
f 3194/1/3754 3487/1/3754 3193/1/3754
f 3487/1/3755 230/1/3755 3193/1/3755
f 3193/1/3756 2316/1/3756 3194/1/3756
f 2316/1/3757 1928/1/3757 2317/1/3757
f 1746/1/3758 2756/1/3758 1747/1/3758
f 2756/1/3759 1475/1/3759 1747/1/3759
f 1747/1/3760 260/1/3760 1746/1/3760
f 1746/1/3761 2499/1/3761 2317/1/3761
f 2499/1/3762 3368/1/3762 3194/1/3762
f 3368/1/3763 3496/1/3763 3487/1/3763
f 3496/1/3764 230/1/3764 3487/1/3764
f 3487/1/3765 3194/1/3765 3368/1/3765
f 3194/1/3766 2317/1/3766 2499/1/3766
f 1475/1/3767 2756/1/3767 2317/1/3767
f 2756/1/3768 1746/1/3768 2317/1/3768
f 262/1/3769 1749/1/3769 228/1/3769
f 1476/1/3770 2318/1/3770 1749/1/3770
f 2318/1/3771 228/1/3771 1749/1/3771
f 1929/1/3772 2319/1/3772 2318/1/3772
f 2319/1/3773 3195/1/3773 2318/1/3773
f 3195/1/3774 228/1/3774 2318/1/3774
f 2318/1/3775 1476/1/3775 1929/1/3775
f 228/1/3776 3195/1/3776 2757/1/3776
f 3195/1/3777 2319/1/3777 2757/1/3777
f 2757/1/3778 3196/1/3778 228/1/3778
f 3196/1/3779 229/1/3779 228/1/3779
f 1929/1/3780 2758/1/3780 2319/1/3780
f 2758/1/3781 3442/1/3781 2757/1/3781
f 229/1/3782 3196/1/3782 3442/1/3782
f 3196/1/3783 2757/1/3783 3442/1/3783
f 2757/1/3784 2319/1/3784 2758/1/3784
f 228/1/3785 227/1/3785 263/1/3785
f 227/1/3786 226/1/3786 264/1/3786
f 226/1/3787 225/1/3787 265/1/3787
f 225/1/3788 224/1/3788 266/1/3788
f 224/1/3789 222/1/3789 259/1/3789
f 8/1/3790 268/1/3790 267/1/3790
f 268/1/3791 270/1/3791 269/1/3791
f 498/1/3792 279/1/3792 280/1/3792
f 286/1/3793 28/1/3793 258/1/3793
f 258/1/3794 480/1/3794 288/1/3794
f 480/1/3795 274/1/3795 288/1/3795
f 471/1/3796 278/1/3796 279/1/3796
f 276/1/3797 497/1/3797 507/1/3797
f 1930/1/3798 2320/1/3798 2088/1/3798
f 276/1/3799 2969/1/3799 2320/1/3799
f 2969/1/3800 2088/1/3800 2320/1/3800
f 2088/1/3801 2504/1/3801 2759/1/3801
f 2504/1/3802 1477/1/3802 2759/1/3802
f 2759/1/3803 1930/1/3803 2088/1/3803
f 276/1/3804 2320/1/3804 497/1/3804
f 2320/1/3805 1930/1/3805 497/1/3805
f 1477/1/3806 2503/1/3806 2760/1/3806
f 2503/1/3807 1750/1/3807 2760/1/3807
f 2760/1/3808 1772/1/3808 1477/1/3808
f 489/1/3809 2536/1/3809 1750/1/3809
f 2536/1/3810 3378/1/3810 2760/1/3810
f 3378/1/3811 1772/1/3811 2760/1/3811
f 2760/1/3812 1750/1/3812 2536/1/3812
f 1930/1/3813 3197/1/3813 2535/1/3813
f 1772/1/3814 3377/1/3814 3197/1/3814
f 3377/1/3815 2535/1/3815 3197/1/3815
f 2535/1/3816 497/1/3816 1930/1/3816
f 1772/1/3817 3197/1/3817 2759/1/3817
f 3197/1/3818 1930/1/3818 2759/1/3818
f 2759/1/3819 1477/1/3819 1772/1/3819
f 1931/1/3820 2321/1/3820 2090/1/3820
f 273/1/3821 2972/1/3821 2321/1/3821
f 2972/1/3822 2090/1/3822 2321/1/3822
f 2090/1/3823 2509/1/3823 2761/1/3823
f 2509/1/3824 1478/1/3824 2761/1/3824
f 2761/1/3825 1931/1/3825 2090/1/3825
f 273/1/3826 2321/1/3826 470/1/3826
f 2321/1/3827 1931/1/3827 470/1/3827
f 1478/1/3828 2970/1/3828 2762/1/3828
f 2970/1/3829 1752/1/3829 2762/1/3829
f 2762/1/3830 1780/1/3830 1478/1/3830
f 480/1/3831 2550/1/3831 1752/1/3831
f 2550/1/3832 3381/1/3832 2762/1/3832
f 3381/1/3833 1780/1/3833 2762/1/3833
f 2762/1/3834 1752/1/3834 2550/1/3834
f 1931/1/3835 3198/1/3835 2549/1/3835
f 1780/1/3836 3380/1/3836 3198/1/3836
f 3380/1/3837 2549/1/3837 3198/1/3837
f 2549/1/3838 470/1/3838 1931/1/3838
f 1780/1/3839 3198/1/3839 2761/1/3839
f 3198/1/3840 1931/1/3840 2761/1/3840
f 2761/1/3841 1478/1/3841 1780/1/3841
f 470/1/3842 489/1/3842 275/1/3842
f 302/1/3843 325/1/3843 19/1/3843
f 421/1/3844 430/1/3844 283/1/3844
f 1632/1/3845 3199/1/3845 2763/1/3845
f 3199/1/3846 2322/1/3846 2763/1/3846
f 2763/1/3847 1753/1/3847 1632/1/3847
f 274/1/3848 2511/1/3848 2322/1/3848
f 2511/1/3849 3376/1/3849 2763/1/3849
f 3376/1/3850 1753/1/3850 2763/1/3850
f 2763/1/3851 2322/1/3851 2511/1/3851
f 2323/1/3852 3200/1/3852 2510/1/3852
f 1753/1/3853 3375/1/3853 3200/1/3853
f 3375/1/3854 2510/1/3854 3200/1/3854
f 2510/1/3855 3374/1/3855 3201/1/3855
f 3374/1/3856 273/1/3856 3201/1/3856
f 3201/1/3857 2323/1/3857 2510/1/3857
f 1753/1/3858 3200/1/3858 2764/1/3858
f 3200/1/3859 2323/1/3859 2764/1/3859
f 2764/1/3860 1632/1/3860 1753/1/3860
f 274/1/3861 2322/1/3861 1932/1/3861
f 2322/1/3862 3199/1/3862 2765/1/3862
f 3199/1/3863 1632/1/3863 2765/1/3863
f 2765/1/3864 1932/1/3864 2322/1/3864
f 1932/1/3865 284/1/3865 274/1/3865
f 1632/1/3866 2766/1/3866 1479/1/3866
f 1933/1/3867 3202/1/3867 2766/1/3867
f 3202/1/3868 1479/1/3868 2766/1/3868
f 398/1/3869 2092/1/3869 1933/1/3869
f 2092/1/3870 2974/1/3870 3202/1/3870
f 2974/1/3871 1479/1/3871 3202/1/3871
f 3202/1/3872 1933/1/3872 2092/1/3872
f 1932/1/3873 2767/1/3873 2091/1/3873
f 1479/1/3874 2973/1/3874 2767/1/3874
f 2973/1/3875 2091/1/3875 2767/1/3875
f 2091/1/3876 284/1/3876 1932/1/3876
f 1479/1/3877 2767/1/3877 1632/1/3877
f 1932/1/3878 2765/1/3878 2767/1/3878
f 2765/1/3879 1632/1/3879 2767/1/3879
f 1933/1/3880 2324/1/3880 398/1/3880
f 2324/1/3881 273/1/3881 398/1/3881
f 2324/1/3882 3203/1/3882 2323/1/3882
f 1632/1/3883 2764/1/3883 3203/1/3883
f 2764/1/3884 2323/1/3884 3203/1/3884
f 2323/1/3885 3201/1/3885 2324/1/3885
f 3201/1/3886 273/1/3886 2324/1/3886
f 2766/1/3887 3204/1/3887 1933/1/3887
f 3204/1/3888 2324/1/3888 1933/1/3888
f 1632/1/3889 3203/1/3889 2766/1/3889
f 2324/1/3890 3204/1/3890 3203/1/3890
f 3204/1/3891 2766/1/3891 3203/1/3891
f 282/1/3892 281/1/3892 397/1/3892
f 17/1/3893 310/1/3893 295/1/3893
f 276/1/3894 277/1/3894 429/1/3894
f 1934/1/3895 2325/1/3895 422/1/3895
f 2325/1/3896 276/1/3896 422/1/3896
f 3205/1/3897 3444/1/3897 3443/1/3897
f 3444/1/3898 2325/1/3898 3443/1/3898
f 3443/1/3899 3488/1/3899 3205/1/3899
f 3488/1/3900 1480/1/3900 3205/1/3900
f 2325/1/3901 3444/1/3901 2326/1/3901
f 3444/1/3902 3205/1/3902 2326/1/3902
f 2326/1/3903 3206/1/3903 2325/1/3903
f 3206/1/3904 276/1/3904 2325/1/3904
f 2768/1/3905 3207/1/3905 1934/1/3905
f 3207/1/3906 2325/1/3906 1934/1/3906
f 3207/1/3907 3445/1/3907 3443/1/3907
f 1480/1/3908 3488/1/3908 3445/1/3908
f 3488/1/3909 3443/1/3909 3445/1/3909
f 3443/1/3910 2325/1/3910 3207/1/3910
f 1480/1/3911 3445/1/3911 2768/1/3911
f 3445/1/3912 3207/1/3912 2768/1/3912
f 1480/1/3913 2515/1/3913 1751/1/3913
f 1755/1/3914 3208/1/3914 2515/1/3914
f 3208/1/3915 1751/1/3915 2515/1/3915
f 1755/1/3916 2093/1/3916 2506/1/3916
f 275/1/3917 3373/1/3917 2093/1/3917
f 3373/1/3918 2506/1/3918 2093/1/3918
f 2506/1/3919 3372/1/3919 3208/1/3919
f 3372/1/3920 1751/1/3920 3208/1/3920
f 3208/1/3921 1755/1/3921 2506/1/3921
f 2326/1/3922 2769/1/3922 2505/1/3922
f 1751/1/3923 3371/1/3923 2769/1/3923
f 3371/1/3924 2505/1/3924 2769/1/3924
f 2505/1/3925 3370/1/3925 3206/1/3925
f 3370/1/3926 276/1/3926 3206/1/3926
f 3206/1/3927 2326/1/3927 2505/1/3927
f 1751/1/3928 2769/1/3928 1480/1/3928
f 2326/1/3929 3205/1/3929 2769/1/3929
f 3205/1/3930 1480/1/3930 2769/1/3930
f 275/1/3931 413/1/3931 398/1/3931
f 288/1/3932 274/1/3932 447/1/3932
f 274/1/3933 284/1/3933 462/1/3933
f 284/1/3934 405/1/3934 462/1/3934
f 462/1/3935 447/1/3935 274/1/3935
f 447/1/3936 454/1/3936 288/1/3936
f 454/1/3937 438/1/3937 285/1/3937
f 285/1/3938 287/1/3938 288/1/3938
f 438/1/3939 309/1/3939 285/1/3939
f 309/1/3940 317/1/3940 326/1/3940
f 285/1/3941 309/1/3941 301/1/3941
f 317/1/3942 389/1/3942 382/1/3942
f 382/1/3943 374/1/3943 350/1/3943
f 374/1/3944 366/1/3944 358/1/3944
f 350/1/3945 374/1/3945 358/1/3945
f 350/1/3946 342/1/3946 382/1/3946
f 342/1/3947 334/1/3947 326/1/3947
f 382/1/3948 342/1/3948 317/1/3948
f 326/1/3949 301/1/3949 309/1/3949
f 301/1/3950 287/1/3950 285/1/3950
f 20/1/3951 390/1/3951 318/1/3951
f 7/1/3952 278/1/3952 479/1/3952
f 27/1/3953 19/1/3953 325/1/3953
f 18/1/3954 318/1/3954 310/1/3954
f 302/1/3955 16/1/3955 28/1/3955
f 21/1/3956 381/1/3956 390/1/3956
f 22/1/3957 373/1/3957 381/1/3957
f 23/1/3958 365/1/3958 373/1/3958
f 24/1/3959 357/1/3959 365/1/3959
f 24/1/3960 25/1/3960 349/1/3960
f 25/1/3961 26/1/3961 341/1/3961
f 26/1/3962 27/1/3962 333/1/3962
f 296/1/3963 311/1/3963 309/1/3963
f 296/1/3964 297/1/3964 312/1/3964
f 297/1/3965 298/1/3965 313/1/3965
f 298/1/3966 299/1/3966 314/1/3966
f 299/1/3967 439/1/3967 315/1/3967
f 439/1/3968 300/1/3968 316/1/3968
f 300/1/3969 295/1/3969 310/1/3969
f 311/1/3970 319/1/3970 317/1/3970
f 312/1/3971 320/1/3971 319/1/3971
f 313/1/3972 321/1/3972 320/1/3972
f 314/1/3973 322/1/3973 321/1/3973
f 315/1/3974 323/1/3974 322/1/3974
f 315/1/3975 316/1/3975 324/1/3975
f 316/1/3976 310/1/3976 318/1/3976
f 286/1/3977 289/1/3977 308/1/3977
f 289/1/3978 290/1/3978 307/1/3978
f 290/1/3979 291/1/3979 306/1/3979
f 291/1/3980 292/1/3980 305/1/3980
f 292/1/3981 293/1/3981 304/1/3981
f 293/1/3982 294/1/3982 303/1/3982
f 294/1/3983 287/1/3983 301/1/3983
f 302/1/3984 308/1/3984 327/1/3984
f 308/1/3985 307/1/3985 328/1/3985
f 307/1/3986 306/1/3986 329/1/3986
f 306/1/3987 305/1/3987 330/1/3987
f 305/1/3988 304/1/3988 331/1/3988
f 304/1/3989 303/1/3989 332/1/3989
f 303/1/3990 301/1/3990 326/1/3990
f 325/1/3991 327/1/3991 335/1/3991
f 327/1/3992 328/1/3992 336/1/3992
f 328/1/3993 329/1/3993 337/1/3993
f 329/1/3994 330/1/3994 338/1/3994
f 330/1/3995 331/1/3995 339/1/3995
f 331/1/3996 332/1/3996 340/1/3996
f 332/1/3997 326/1/3997 334/1/3997
f 335/1/3998 343/1/3998 341/1/3998
f 336/1/3999 344/1/3999 343/1/3999
f 337/1/4000 345/1/4000 344/1/4000
f 338/1/4001 346/1/4001 345/1/4001
f 339/1/4002 347/1/4002 346/1/4002
f 340/1/4003 348/1/4003 347/1/4003
f 334/1/4004 342/1/4004 348/1/4004
f 341/1/4005 343/1/4005 351/1/4005
f 343/1/4006 344/1/4006 352/1/4006
f 344/1/4007 345/1/4007 353/1/4007
f 345/1/4008 346/1/4008 354/1/4008
f 346/1/4009 347/1/4009 355/1/4009
f 347/1/4010 348/1/4010 356/1/4010
f 348/1/4011 342/1/4011 350/1/4011
f 349/1/4012 351/1/4012 359/1/4012
f 351/1/4013 352/1/4013 360/1/4013
f 352/1/4014 353/1/4014 361/1/4014
f 353/1/4015 354/1/4015 362/1/4015
f 354/1/4016 355/1/4016 363/1/4016
f 355/1/4017 356/1/4017 364/1/4017
f 356/1/4018 350/1/4018 358/1/4018
f 357/1/4019 359/1/4019 367/1/4019
f 359/1/4020 360/1/4020 368/1/4020
f 360/1/4021 361/1/4021 369/1/4021
f 361/1/4022 362/1/4022 370/1/4022
f 362/1/4023 363/1/4023 371/1/4023
f 363/1/4024 364/1/4024 372/1/4024
f 364/1/4025 358/1/4025 366/1/4025
f 367/1/4026 375/1/4026 373/1/4026
f 368/1/4027 376/1/4027 375/1/4027
f 369/1/4028 377/1/4028 376/1/4028
f 370/1/4029 378/1/4029 377/1/4029
f 371/1/4030 379/1/4030 378/1/4030
f 372/1/4031 380/1/4031 379/1/4031
f 366/1/4032 374/1/4032 380/1/4032
f 375/1/4033 383/1/4033 381/1/4033
f 376/1/4034 384/1/4034 383/1/4034
f 377/1/4035 385/1/4035 384/1/4035
f 378/1/4036 386/1/4036 385/1/4036
f 379/1/4037 387/1/4037 386/1/4037
f 380/1/4038 388/1/4038 387/1/4038
f 374/1/4039 382/1/4039 388/1/4039
f 381/1/4040 383/1/4040 396/1/4040
f 383/1/4041 384/1/4041 395/1/4041
f 384/1/4042 385/1/4042 394/1/4042
f 385/1/4043 386/1/4043 393/1/4043
f 386/1/4044 387/1/4044 392/1/4044
f 387/1/4045 388/1/4045 391/1/4045
f 388/1/4046 382/1/4046 389/1/4046
f 317/1/4047 319/1/4047 391/1/4047
f 319/1/4048 320/1/4048 392/1/4048
f 320/1/4049 321/1/4049 393/1/4049
f 321/1/4050 322/1/4050 394/1/4050
f 322/1/4051 323/1/4051 395/1/4051
f 323/1/4052 324/1/4052 396/1/4052
f 324/1/4053 318/1/4053 390/1/4053
f 420/1/4054 423/1/4054 421/1/4054
f 419/1/4055 424/1/4055 423/1/4055
f 418/1/4056 425/1/4056 424/1/4056
f 417/1/4057 1633/1/4057 418/1/4057
f 426/1/4058 1481/1/4058 1633/1/4058
f 1481/1/4059 418/1/4059 1633/1/4059
f 416/1/4060 1634/1/4060 417/1/4060
f 1634/1/4061 2518/1/4061 1482/1/4061
f 2096/1/4062 3209/1/4062 2518/1/4062
f 3209/1/4063 1482/1/4063 2518/1/4063
f 427/1/4064 1756/1/4064 2096/1/4064
f 1482/1/4065 3209/1/4065 1756/1/4065
f 3209/1/4066 2096/1/4066 1756/1/4066
f 1482/1/4067 417/1/4067 1634/1/4067
f 415/1/4068 1635/1/4068 416/1/4068
f 1635/1/4069 2770/1/4069 1483/1/4069
f 2327/1/4070 3210/1/4070 2770/1/4070
f 3210/1/4071 3446/1/4071 2770/1/4071
f 3446/1/4072 1483/1/4072 2770/1/4072
f 428/1/4073 1757/1/4073 2327/1/4073
f 1757/1/4074 2519/1/4074 2327/1/4074
f 1483/1/4075 3446/1/4075 2519/1/4075
f 3446/1/4076 3210/1/4076 2519/1/4076
f 3210/1/4077 2327/1/4077 2519/1/4077
f 1483/1/4078 416/1/4078 1635/1/4078
f 1636/1/4079 3211/1/4079 2771/1/4079
f 3211/1/4080 2328/1/4080 2771/1/4080
f 2771/1/4081 1484/1/4081 1636/1/4081
f 428/1/4082 2099/1/4082 2328/1/4082
f 2099/1/4083 2520/1/4083 2771/1/4083
f 2520/1/4084 1484/1/4084 2771/1/4084
f 2771/1/4085 2328/1/4085 2099/1/4085
f 2329/1/4086 3212/1/4086 1758/1/4086
f 1484/1/4087 2098/1/4087 3212/1/4087
f 2098/1/4088 1758/1/4088 3212/1/4088
f 1758/1/4089 413/1/4089 2329/1/4089
f 1484/1/4090 3212/1/4090 2772/1/4090
f 3212/1/4091 2329/1/4091 2772/1/4091
f 2772/1/4092 1636/1/4092 1484/1/4092
f 1935/1/4093 2330/1/4093 2328/1/4093
f 2330/1/4094 428/1/4094 2328/1/4094
f 2328/1/4095 3211/1/4095 2773/1/4095
f 3211/1/4096 1636/1/4096 2773/1/4096
f 2773/1/4097 1935/1/4097 2328/1/4097
f 428/1/4098 2330/1/4098 422/1/4098
f 2330/1/4099 1935/1/4099 422/1/4099
f 412/1/4100 399/1/4100 397/1/4100
f 411/1/4101 400/1/4101 399/1/4101
f 410/1/4102 1637/1/4102 400/1/4102
f 1637/1/4103 1936/1/4103 400/1/4103
f 1936/1/4104 401/1/4104 400/1/4104
f 1638/1/4105 1937/1/4105 2102/1/4105
f 1937/1/4106 401/1/4106 2102/1/4106
f 2102/1/4107 1485/1/4107 1638/1/4107
f 1485/1/4108 1759/1/4108 2105/1/4108
f 1759/1/4109 2100/1/4109 2981/1/4109
f 2100/1/4110 409/1/4110 2981/1/4110
f 2981/1/4111 2105/1/4111 1759/1/4111
f 2105/1/4112 1638/1/4112 1485/1/4112
f 401/1/4113 1937/1/4113 402/1/4113
f 1937/1/4114 1638/1/4114 402/1/4114
f 402/1/4115 1486/1/4115 1639/1/4115
f 2108/1/4116 3213/1/4116 2524/1/4116
f 3213/1/4117 1486/1/4117 2524/1/4117
f 2524/1/4118 1760/1/4118 2108/1/4118
f 1760/1/4119 2103/1/4119 2985/1/4119
f 2103/1/4120 408/1/4120 2985/1/4120
f 2985/1/4121 2108/1/4121 1760/1/4121
f 1486/1/4122 3213/1/4122 2774/1/4122
f 3213/1/4123 2108/1/4123 2774/1/4123
f 2774/1/4124 1639/1/4124 1486/1/4124
f 1639/1/4125 403/1/4125 402/1/4125
f 403/1/4126 1487/1/4126 1640/1/4126
f 2331/1/4127 3214/1/4127 2525/1/4127
f 3214/1/4128 3447/1/4128 2525/1/4128
f 3447/1/4129 1487/1/4129 2525/1/4129
f 2525/1/4130 1761/1/4130 2331/1/4130
f 1761/1/4131 407/1/4131 2331/1/4131
f 2775/1/4132 3215/1/4132 3447/1/4132
f 3215/1/4133 1487/1/4133 3447/1/4133
f 3447/1/4134 3214/1/4134 2775/1/4134
f 3214/1/4135 2331/1/4135 2775/1/4135
f 1487/1/4136 3215/1/4136 1640/1/4136
f 3215/1/4137 2775/1/4137 1640/1/4137
f 1640/1/4138 404/1/4138 403/1/4138
f 2110/1/4139 2776/1/4139 2333/1/4139
f 1641/1/4140 3218/1/4140 2776/1/4140
f 3218/1/4141 2333/1/4141 2776/1/4141
f 2333/1/4142 404/1/4142 2110/1/4142
f 2776/1/4143 3216/1/4143 1641/1/4143
f 3216/1/4144 1488/1/4144 1641/1/4144
f 2110/1/4145 2528/1/4145 2776/1/4145
f 2528/1/4146 2987/1/4146 3216/1/4146
f 2987/1/4147 1488/1/4147 3216/1/4147
f 3216/1/4148 2776/1/4148 2528/1/4148
f 2332/1/4149 3217/1/4149 2986/1/4149
f 3217/1/4150 1488/1/4150 2986/1/4150
f 2986/1/4151 1762/1/4151 2332/1/4151
f 1762/1/4152 405/1/4152 2332/1/4152
f 1488/1/4153 3217/1/4153 2777/1/4153
f 3217/1/4154 2332/1/4154 2777/1/4154
f 2777/1/4155 1641/1/4155 1488/1/4155
f 404/1/4156 2333/1/4156 1938/1/4156
f 2778/1/4157 3219/1/4157 3218/1/4157
f 3219/1/4158 2333/1/4158 3218/1/4158
f 3218/1/4159 1641/1/4159 2778/1/4159
f 2333/1/4160 3219/1/4160 1938/1/4160
f 3219/1/4161 2778/1/4161 1938/1/4161
f 1938/1/4162 398/1/4162 404/1/4162
f 399/1/4163 420/1/4163 414/1/4163
f 400/1/4164 419/1/4164 420/1/4164
f 401/1/4165 418/1/4165 419/1/4165
f 402/1/4166 417/1/4166 418/1/4166
f 403/1/4167 416/1/4167 417/1/4167
f 404/1/4168 415/1/4168 416/1/4168
f 398/1/4169 413/1/4169 415/1/4169
f 423/1/4170 436/1/4170 430/1/4170
f 424/1/4171 435/1/4171 436/1/4171
f 425/1/4172 434/1/4172 435/1/4172
f 426/1/4173 433/1/4173 434/1/4173
f 432/1/4174 1642/1/4174 427/1/4174
f 1642/1/4175 433/1/4175 427/1/4175
f 428/1/4176 431/1/4176 432/1/4176
f 422/1/4177 429/1/4177 431/1/4177
f 454/1/4178 1643/1/4178 445/1/4178
f 1643/1/4179 456/1/4179 445/1/4179
f 457/1/4180 1490/1/4180 1489/1/4180
f 1490/1/4181 1764/1/4181 2111/1/4181
f 1764/1/4182 444/1/4182 2111/1/4182
f 2111/1/4183 1489/1/4183 1490/1/4183
f 1489/1/4184 456/1/4184 457/1/4184
f 443/1/4185 1939/1/4185 458/1/4185
f 1939/1/4186 1644/1/4186 458/1/4186
f 1644/1/4187 457/1/4187 458/1/4187
f 458/1/4188 459/1/4188 442/1/4188
f 459/1/4189 460/1/4189 441/1/4189
f 460/1/4190 461/1/4190 440/1/4190
f 461/1/4191 455/1/4191 437/1/4191
f 453/1/4192 1766/1/4192 1491/1/4192
f 1766/1/4193 447/1/4193 1491/1/4193
f 1491/1/4194 464/1/4194 453/1/4194
f 465/1/4195 452/1/4195 453/1/4195
f 465/1/4196 466/1/4196 451/1/4196
f 466/1/4197 467/1/4197 450/1/4197
f 467/1/4198 468/1/4198 449/1/4198
f 468/1/4199 469/1/4199 448/1/4199
f 469/1/4200 463/1/4200 446/1/4200
f 456/1/4201 1643/1/4201 1492/1/4201
f 1643/1/4202 454/1/4202 1492/1/4202
f 1492/1/4203 453/1/4203 456/1/4203
f 452/1/4204 457/1/4204 456/1/4204
f 451/1/4205 458/1/4205 457/1/4205
f 450/1/4206 459/1/4206 458/1/4206
f 449/1/4207 460/1/4207 459/1/4207
f 448/1/4208 461/1/4208 460/1/4208
f 446/1/4209 455/1/4209 461/1/4209
f 407/1/4210 1493/1/4210 462/1/4210
f 464/1/4211 1765/1/4211 1493/1/4211
f 1765/1/4212 462/1/4212 1493/1/4212
f 464/1/4213 1767/1/4213 1494/1/4213
f 1767/1/4214 2531/1/4214 1770/1/4214
f 2531/1/4215 408/1/4215 1770/1/4215
f 1770/1/4216 1494/1/4216 1767/1/4216
f 1494/1/4217 465/1/4217 464/1/4217
f 465/1/4218 1769/1/4218 1495/1/4218
f 1769/1/4219 2532/1/4219 2116/1/4219
f 2532/1/4220 409/1/4220 2116/1/4220
f 2116/1/4221 1495/1/4221 1769/1/4221
f 1495/1/4222 466/1/4222 465/1/4222
f 410/1/4223 467/1/4223 466/1/4223
f 411/1/4224 468/1/4224 467/1/4224
f 412/1/4225 469/1/4225 468/1/4225
f 406/1/4226 463/1/4226 469/1/4226
f 1496/1/4227 3220/1/4227 1497/1/4227
f 3220/1/4228 2779/1/4228 1497/1/4228
f 1940/1/4229 3221/1/4229 2779/1/4229
f 3221/1/4230 1497/1/4230 2779/1/4230
f 1940/1/4231 2334/1/4231 2120/1/4231
f 496/1/4232 2994/1/4232 2334/1/4232
f 2994/1/4233 2120/1/4233 2334/1/4233
f 2120/1/4234 2992/1/4234 3221/1/4234
f 2992/1/4235 1497/1/4235 3221/1/4235
f 3221/1/4236 1940/1/4236 2120/1/4236
f 2118/1/4237 2780/1/4237 2119/1/4237
f 1497/1/4238 2991/1/4238 2780/1/4238
f 2991/1/4239 2119/1/4239 2780/1/4239
f 2119/1/4240 499/1/4240 2118/1/4240
f 1497/1/4241 2780/1/4241 1496/1/4241
f 2118/1/4242 2990/1/4242 2780/1/4242
f 2990/1/4243 1496/1/4243 2780/1/4243
f 496/1/4244 2334/1/4244 489/1/4244
f 2334/1/4245 1940/1/4245 489/1/4245
f 2779/1/4246 3222/1/4246 1940/1/4246
f 3222/1/4247 2117/1/4247 1940/1/4247
f 2779/1/4248 3220/1/4248 2989/1/4248
f 3220/1/4249 1496/1/4249 2989/1/4249
f 2117/1/4250 3222/1/4250 2989/1/4250
f 3222/1/4251 2779/1/4251 2989/1/4251
f 2117/1/4252 489/1/4252 1940/1/4252
f 2781/1/4253 3223/1/4253 2784/1/4253
f 3223/1/4254 1645/1/4254 2784/1/4254
f 2784/1/4255 1941/1/4255 2781/1/4255
f 1645/1/4256 3223/1/4256 1498/1/4256
f 3223/1/4257 2781/1/4257 1498/1/4257
f 1941/1/4258 2783/1/4258 2122/1/4258
f 495/1/4259 2998/1/4259 2783/1/4259
f 2998/1/4260 2122/1/4260 2783/1/4260
f 2122/1/4261 2540/1/4261 2781/1/4261
f 2540/1/4262 1498/1/4262 2781/1/4262
f 2781/1/4263 1941/1/4263 2122/1/4263
f 2335/1/4264 2782/1/4264 1775/1/4264
f 2782/1/4265 3224/1/4265 2121/1/4265
f 3224/1/4266 1498/1/4266 2121/1/4266
f 2121/1/4267 1775/1/4267 2782/1/4267
f 1775/1/4268 500/1/4268 2335/1/4268
f 1498/1/4269 3224/1/4269 1645/1/4269
f 3224/1/4270 2782/1/4270 1645/1/4270
f 2335/1/4271 3225/1/4271 2782/1/4271
f 3225/1/4272 1645/1/4272 2782/1/4272
f 2336/1/4273 3226/1/4273 2783/1/4273
f 3226/1/4274 495/1/4274 2783/1/4274
f 2783/1/4275 1941/1/4275 2336/1/4275
f 2336/1/4276 3227/1/4276 2563/1/4276
f 496/1/4277 3385/1/4277 3227/1/4277
f 3385/1/4278 2563/1/4278 3227/1/4278
f 2563/1/4279 3384/1/4279 3226/1/4279
f 3384/1/4280 495/1/4280 3226/1/4280
f 3226/1/4281 2336/1/4281 2563/1/4281
f 1941/1/4282 2784/1/4282 2337/1/4282
f 1645/1/4283 3228/1/4283 2784/1/4283
f 3228/1/4284 2337/1/4284 2784/1/4284
f 2337/1/4285 3229/1/4285 2336/1/4285
f 496/1/4286 3227/1/4286 3229/1/4286
f 3227/1/4287 2336/1/4287 3229/1/4287
f 2336/1/4288 1941/1/4288 2337/1/4288
f 2785/1/4289 3231/1/4289 3230/1/4289
f 3231/1/4290 1646/1/4290 3230/1/4290
f 3230/1/4291 2338/1/4291 2785/1/4291
f 1499/1/4292 2339/1/4292 3231/1/4292
f 2339/1/4293 1646/1/4293 3231/1/4293
f 3231/1/4294 2785/1/4294 1499/1/4294
f 494/1/4295 2123/1/4295 2338/1/4295
f 2123/1/4296 2541/1/4296 2785/1/4296
f 2541/1/4297 1499/1/4297 2785/1/4297
f 2785/1/4298 2338/1/4298 2123/1/4298
f 1646/1/4299 2339/1/4299 501/1/4299
f 2339/1/4300 1499/1/4300 501/1/4300
f 2338/1/4301 3232/1/4301 2340/1/4301
f 3232/1/4302 1942/1/4302 2340/1/4302
f 2340/1/4303 494/1/4303 2338/1/4303
f 2786/1/4304 3233/1/4304 3230/1/4304
f 3233/1/4305 2338/1/4305 3230/1/4305
f 3230/1/4306 1646/1/4306 2786/1/4306
f 1942/1/4307 3232/1/4307 3233/1/4307
f 3232/1/4308 2338/1/4308 3233/1/4308
f 3233/1/4309 2786/1/4309 1942/1/4309
f 495/1/4310 1786/1/4310 2340/1/4310
f 1786/1/4311 494/1/4311 2340/1/4311
f 1942/1/4312 2787/1/4312 2340/1/4312
f 2787/1/4313 495/1/4313 2340/1/4313
f 1647/1/4314 2341/1/4314 2124/1/4314
f 2341/1/4315 493/1/4315 2124/1/4315
f 2124/1/4316 1500/1/4316 1647/1/4316
f 1500/1/4317 502/1/4317 1647/1/4317
f 493/1/4318 2341/1/4318 1943/1/4318
f 1647/1/4319 2788/1/4319 2341/1/4319
f 2788/1/4320 1943/1/4320 2341/1/4320
f 1943/1/4321 494/1/4321 493/1/4321
f 1648/1/4322 2342/1/4322 2128/1/4322
f 2342/1/4323 492/1/4323 2128/1/4323
f 2128/1/4324 1501/1/4324 1648/1/4324
f 1501/1/4325 1777/1/4325 2125/1/4325
f 1777/1/4326 503/1/4326 2125/1/4326
f 2125/1/4327 1648/1/4327 1501/1/4327
f 492/1/4328 2342/1/4328 1944/1/4328
f 2342/1/4329 1648/1/4329 1944/1/4329
f 1944/1/4330 493/1/4330 492/1/4330
f 491/1/4331 1502/1/4331 1649/1/4331
f 1502/1/4332 504/1/4332 1649/1/4332
f 1649/1/4333 1945/1/4333 491/1/4333
f 492/1/4334 2145/1/4334 1945/1/4334
f 2145/1/4335 491/1/4335 1945/1/4335
f 505/1/4336 1650/1/4336 490/1/4336
f 1650/1/4337 1946/1/4337 490/1/4337
f 491/1/4338 2565/1/4338 1946/1/4338
f 2565/1/4339 2146/1/4339 1946/1/4339
f 2146/1/4340 490/1/4340 1946/1/4340
f 490/1/4341 488/1/4341 498/1/4341
f 470/1/4342 2132/1/4342 1947/1/4342
f 2789/1/4343 3234/1/4343 3005/1/4343
f 3234/1/4344 2132/1/4344 3005/1/4344
f 3005/1/4345 1503/1/4345 2789/1/4345
f 2132/1/4346 3234/1/4346 1947/1/4346
f 3234/1/4347 2789/1/4347 1947/1/4347
f 1947/1/4348 2343/1/4348 470/1/4348
f 2343/1/4349 472/1/4349 470/1/4349
f 1503/1/4350 3004/1/4350 2790/1/4350
f 3004/1/4351 2130/1/4351 2790/1/4351
f 2790/1/4352 1504/1/4352 1503/1/4352
f 2130/1/4353 3003/1/4353 2135/1/4353
f 487/1/4354 3014/1/4354 3003/1/4354
f 3014/1/4355 2135/1/4355 3003/1/4355
f 2135/1/4356 3013/1/4356 2790/1/4356
f 3013/1/4357 1504/1/4357 2790/1/4357
f 2790/1/4358 2130/1/4358 2135/1/4358
f 1947/1/4359 3235/1/4359 2133/1/4359
f 1504/1/4360 3011/1/4360 3235/1/4360
f 3011/1/4361 2133/1/4361 3235/1/4361
f 2133/1/4362 3009/1/4362 2343/1/4362
f 3009/1/4363 472/1/4363 2343/1/4363
f 2343/1/4364 1947/1/4364 2133/1/4364
f 1504/1/4365 3235/1/4365 2789/1/4365
f 3235/1/4366 1947/1/4366 2789/1/4366
f 2789/1/4367 1503/1/4367 1504/1/4367
f 2344/1/4368 3236/1/4368 2791/1/4368
f 3236/1/4369 3448/1/4369 2791/1/4369
f 3448/1/4370 472/1/4370 2791/1/4370
f 2791/1/4371 1948/1/4371 2344/1/4371
f 2344/1/4372 3237/1/4372 2792/1/4372
f 473/1/4373 3449/1/4373 3237/1/4373
f 3449/1/4374 2792/1/4374 3237/1/4374
f 2792/1/4375 3450/1/4375 3236/1/4375
f 472/1/4376 3448/1/4376 3450/1/4376
f 3448/1/4377 3236/1/4377 3450/1/4377
f 3236/1/4378 2344/1/4378 2792/1/4378
f 1948/1/4379 2793/1/4379 2345/1/4379
f 1651/1/4380 3238/1/4380 2793/1/4380
f 3238/1/4381 2345/1/4381 2793/1/4381
f 2345/1/4382 3239/1/4382 2344/1/4382
f 473/1/4383 3237/1/4383 3239/1/4383
f 3237/1/4384 2344/1/4384 3239/1/4384
f 2344/1/4385 1948/1/4385 2345/1/4385
f 1651/1/4386 3240/1/4386 2794/1/4386
f 3240/1/4387 2346/1/4387 2794/1/4387
f 1505/1/4388 3241/1/4388 2794/1/4388
f 3241/1/4389 1651/1/4389 2794/1/4389
f 2346/1/4390 3242/1/4390 1782/1/4390
f 486/1/4391 2558/1/4391 3242/1/4391
f 2558/1/4392 1782/1/4392 3242/1/4392
f 1782/1/4393 2557/1/4393 2794/1/4393
f 2557/1/4394 1505/1/4394 2794/1/4394
f 2794/1/4395 2346/1/4395 1782/1/4395
f 2345/1/4396 3451/1/4396 2137/1/4396
f 3451/1/4397 2795/1/4397 2137/1/4397
f 1505/1/4398 3017/1/4398 2795/1/4398
f 3017/1/4399 2137/1/4399 2795/1/4399
f 2137/1/4400 3016/1/4400 3239/1/4400
f 3016/1/4401 473/1/4401 3239/1/4401
f 3239/1/4402 2345/1/4402 2137/1/4402
f 3243/1/4403 3452/1/4403 2795/1/4403
f 3452/1/4404 1505/1/4404 2795/1/4404
f 1651/1/4405 3241/1/4405 3243/1/4405
f 1505/1/4406 3452/1/4406 3241/1/4406
f 3452/1/4407 3243/1/4407 3241/1/4407
f 2795/1/4408 3451/1/4408 3238/1/4408
f 3451/1/4409 2345/1/4409 3238/1/4409
f 1651/1/4410 3243/1/4410 3238/1/4410
f 3243/1/4411 2795/1/4411 3238/1/4411
f 474/1/4412 1955/1/4412 2347/1/4412
f 1955/1/4413 473/1/4413 2347/1/4413
f 2347/1/4414 1949/1/4414 474/1/4414
f 2348/1/4415 2797/1/4415 2796/1/4415
f 2797/1/4416 1949/1/4416 2796/1/4416
f 2796/1/4417 1652/1/4417 2348/1/4417
f 1949/1/4418 2797/1/4418 474/1/4418
f 2797/1/4419 2348/1/4419 474/1/4419
f 1652/1/4420 2798/1/4420 1506/1/4420
f 2798/1/4421 2349/1/4421 1506/1/4421
f 485/1/4422 1783/1/4422 2349/1/4422
f 1783/1/4423 2562/1/4423 2349/1/4423
f 2562/1/4424 1506/1/4424 2349/1/4424
f 2348/1/4425 2799/1/4425 2140/1/4425
f 1506/1/4426 2560/1/4426 2799/1/4426
f 2560/1/4427 2140/1/4427 2799/1/4427
f 2140/1/4428 474/1/4428 2348/1/4428
f 1506/1/4429 2799/1/4429 1652/1/4429
f 2799/1/4430 2348/1/4430 1652/1/4430
f 474/1/4431 1950/1/4431 475/1/4431
f 1653/1/4432 2350/1/4432 1950/1/4432
f 2350/1/4433 475/1/4433 1950/1/4433
f 484/1/4434 1507/1/4434 1653/1/4434
f 1507/1/4435 2141/1/4435 1653/1/4435
f 475/1/4436 2350/1/4436 2141/1/4436
f 2350/1/4437 1653/1/4437 2141/1/4437
f 475/1/4438 1951/1/4438 476/1/4438
f 1654/1/4439 2351/1/4439 1951/1/4439
f 2351/1/4440 476/1/4440 1951/1/4440
f 483/1/4441 1508/1/4441 1654/1/4441
f 1508/1/4442 2142/1/4442 1654/1/4442
f 476/1/4443 2351/1/4443 2142/1/4443
f 2351/1/4444 1654/1/4444 2142/1/4444
f 477/1/4445 2352/1/4445 1952/1/4445
f 2352/1/4446 2800/1/4446 1952/1/4446
f 2800/1/4447 476/1/4447 1952/1/4447
f 1952/1/4448 1655/1/4448 477/1/4448
f 482/1/4449 1509/1/4449 1655/1/4449
f 1509/1/4450 477/1/4450 1655/1/4450
f 478/1/4451 1656/1/4451 481/1/4451
f 1656/1/4452 1953/1/4452 481/1/4452
f 1953/1/4453 477/1/4453 481/1/4453
f 479/1/4454 471/1/4454 478/1/4454
f 470/1/4455 472/1/4455 496/1/4455
f 495/1/4456 1785/1/4456 1954/1/4456
f 1785/1/4457 1510/1/4457 1954/1/4457
f 1954/1/4458 473/1/4458 495/1/4458
f 2353/1/4459 2801/1/4459 1954/1/4459
f 2801/1/4460 473/1/4460 1954/1/4460
f 2353/1/4461 3244/1/4461 2792/1/4461
f 472/1/4462 3450/1/4462 3244/1/4462
f 3450/1/4463 2792/1/4463 3244/1/4463
f 2792/1/4464 3449/1/4464 2801/1/4464
f 3449/1/4465 473/1/4465 2801/1/4465
f 2801/1/4466 2353/1/4466 2792/1/4466
f 1510/1/4467 1784/1/4467 1954/1/4467
f 472/1/4468 3244/1/4468 1784/1/4468
f 3244/1/4469 2353/1/4469 1784/1/4469
f 2353/1/4470 1954/1/4470 1784/1/4470
f 473/1/4471 1657/1/4471 1511/1/4471
f 1657/1/4472 517/1/4472 1511/1/4472
f 1511/1/4473 495/1/4473 473/1/4473
f 517/1/4474 1657/1/4474 474/1/4474
f 473/1/4475 1955/1/4475 1657/1/4475
f 1955/1/4476 474/1/4476 1657/1/4476
f 517/1/4477 474/1/4477 475/1/4477
f 475/1/4478 493/1/4478 517/1/4478
f 475/1/4479 476/1/4479 492/1/4479
f 491/1/4480 1512/1/4480 477/1/4480
f 1512/1/4481 1787/1/4481 477/1/4481
f 476/1/4482 2800/1/4482 1787/1/4482
f 2800/1/4483 2352/1/4483 1787/1/4483
f 2352/1/4484 477/1/4484 1787/1/4484
f 490/1/4485 1513/1/4485 478/1/4485
f 1513/1/4486 1789/1/4486 478/1/4486
f 477/1/4487 1953/1/4487 1789/1/4487
f 1953/1/4488 1656/1/4488 1789/1/4488
f 1656/1/4489 478/1/4489 1789/1/4489
f 478/1/4490 471/1/4490 488/1/4490
f 497/1/4491 499/1/4491 514/1/4491
f 513/1/4492 1514/1/4492 500/1/4492
f 499/1/4493 1956/1/4493 1514/1/4493
f 1956/1/4494 500/1/4494 1514/1/4494
f 500/1/4495 501/1/4495 512/1/4495
f 501/1/4496 502/1/4496 511/1/4496
f 502/1/4497 503/1/4497 510/1/4497
f 509/1/4498 1515/1/4498 504/1/4498
f 1792/1/4499 2802/1/4499 1515/1/4499
f 2802/1/4500 2354/1/4500 1515/1/4500
f 2354/1/4501 504/1/4501 1515/1/4501
f 2354/1/4502 3453/1/4502 3245/1/4502
f 2803/1/4503 3489/1/4503 3453/1/4503
f 3489/1/4504 3245/1/4504 3453/1/4504
f 3245/1/4505 504/1/4505 2354/1/4505
f 3245/1/4506 3505/1/4506 3490/1/4506
f 3454/1/4507 3509/1/4507 3505/1/4507
f 3509/1/4508 3490/1/4508 3505/1/4508
f 3490/1/4509 504/1/4509 3245/1/4509
f 503/1/4510 2126/1/4510 3454/1/4510
f 504/1/4511 3490/1/4511 2126/1/4511
f 3490/1/4512 3509/1/4512 2126/1/4512
f 3509/1/4513 3454/1/4513 2126/1/4513
f 503/1/4514 3454/1/4514 2803/1/4514
f 3454/1/4515 3505/1/4515 3489/1/4515
f 3505/1/4516 3245/1/4516 3489/1/4516
f 3489/1/4517 2803/1/4517 3454/1/4517
f 503/1/4518 2803/1/4518 1792/1/4518
f 2803/1/4519 3453/1/4519 2802/1/4519
f 3453/1/4520 2354/1/4520 2802/1/4520
f 2802/1/4521 1792/1/4521 2803/1/4521
f 508/1/4522 1516/1/4522 505/1/4522
f 1516/1/4523 1794/1/4523 505/1/4523
f 1794/1/4524 2147/1/4524 505/1/4524
f 504/1/4525 2129/1/4525 2147/1/4525
f 2129/1/4526 1778/1/4526 2147/1/4526
f 1778/1/4527 505/1/4527 2147/1/4527
f 505/1/4528 498/1/4528 506/1/4528
f 260/1/4529 1797/1/4529 1517/1/4529
f 1797/1/4530 2568/1/4530 1796/1/4530
f 2568/1/4531 3386/1/4531 2148/1/4531
f 3386/1/4532 3498/1/4532 2566/1/4532
f 3498/1/4533 487/1/4533 2566/1/4533
f 2566/1/4534 2148/1/4534 3386/1/4534
f 2148/1/4535 1796/1/4535 2568/1/4535
f 1796/1/4536 1517/1/4536 1797/1/4536
f 258/1/4537 1745/1/4537 1517/1/4537
f 1745/1/4538 260/1/4538 1517/1/4538
f 261/1/4539 1800/1/4539 1518/1/4539
f 1800/1/4540 2571/1/4540 1798/1/4540
f 2571/1/4541 3389/1/4541 2570/1/4541
f 3389/1/4542 3499/1/4542 3388/1/4542
f 3499/1/4543 486/1/4543 3388/1/4543
f 3388/1/4544 2570/1/4544 3389/1/4544
f 2570/1/4545 1798/1/4545 2571/1/4545
f 1798/1/4546 1518/1/4546 1800/1/4546
f 1518/1/4547 1957/1/4547 261/1/4547
f 260/1/4548 2500/1/4548 1957/1/4548
f 2500/1/4549 2084/1/4549 1957/1/4549
f 2084/1/4550 261/1/4550 1957/1/4550
f 2355/1/4551 2805/1/4551 2804/1/4551
f 2805/1/4552 3246/1/4552 3455/1/4552
f 3246/1/4553 486/1/4553 3455/1/4553
f 3455/1/4554 2804/1/4554 2805/1/4554
f 2804/1/4555 1958/1/4555 2355/1/4555
f 486/1/4556 3246/1/4556 485/1/4556
f 3246/1/4557 2805/1/4557 485/1/4557
f 2355/1/4558 3247/1/4558 2805/1/4558
f 3247/1/4559 485/1/4559 2805/1/4559
f 1519/1/4560 2356/1/4560 1958/1/4560
f 485/1/4561 3247/1/4561 2356/1/4561
f 3247/1/4562 2355/1/4562 2356/1/4562
f 2355/1/4563 1958/1/4563 2356/1/4563
f 485/1/4564 2356/1/4564 1799/1/4564
f 2356/1/4565 1519/1/4565 1799/1/4565
f 1799/1/4566 262/1/4566 485/1/4566
f 263/1/4567 484/1/4567 485/1/4567
f 264/1/4568 483/1/4568 484/1/4568
f 265/1/4569 482/1/4569 483/1/4569
f 266/1/4570 481/1/4570 482/1/4570
f 259/1/4571 479/1/4571 481/1/4571
f 267/1/4572 515/1/4572 279/1/4572
f 269/1/4573 516/1/4573 515/1/4573
f 747/1/4574 524/1/4574 9/1/4574
f 543/1/4575 542/1/4575 755/1/4575
f 755/1/4576 729/1/4576 545/1/4576
f 729/1/4577 519/1/4577 545/1/4577
f 720/1/4578 522/1/4578 524/1/4578
f 521/1/4579 746/1/4579 250/1/4579
f 1959/1/4580 2357/1/4580 2153/1/4580
f 521/1/4581 3029/1/4581 2357/1/4581
f 3029/1/4582 2153/1/4582 2357/1/4582
f 2153/1/4583 2573/1/4583 2806/1/4583
f 2573/1/4584 1520/1/4584 2806/1/4584
f 2806/1/4585 1959/1/4585 2153/1/4585
f 521/1/4586 2357/1/4586 746/1/4586
f 2357/1/4587 1959/1/4587 746/1/4587
f 1520/1/4588 2572/1/4588 2807/1/4588
f 2572/1/4589 1801/1/4589 2807/1/4589
f 2807/1/4590 1823/1/4590 1520/1/4590
f 738/1/4591 2605/1/4591 1801/1/4591
f 2605/1/4592 3398/1/4592 2807/1/4592
f 3398/1/4593 1823/1/4593 2807/1/4593
f 2807/1/4594 1801/1/4594 2605/1/4594
f 1959/1/4595 3248/1/4595 2604/1/4595
f 1823/1/4596 3397/1/4596 3248/1/4596
f 3397/1/4597 2604/1/4597 3248/1/4597
f 2604/1/4598 746/1/4598 1959/1/4598
f 1823/1/4599 3248/1/4599 2806/1/4599
f 3248/1/4600 1959/1/4600 2806/1/4600
f 2806/1/4601 1520/1/4601 1823/1/4601
f 1960/1/4602 2358/1/4602 2155/1/4602
f 518/1/4603 3032/1/4603 2358/1/4603
f 3032/1/4604 2155/1/4604 2358/1/4604
f 2155/1/4605 2578/1/4605 2808/1/4605
f 2578/1/4606 1521/1/4606 2808/1/4606
f 2808/1/4607 1960/1/4607 2155/1/4607
f 518/1/4608 2358/1/4608 719/1/4608
f 2358/1/4609 1960/1/4609 719/1/4609
f 1521/1/4610 3030/1/4610 2809/1/4610
f 3030/1/4611 1803/1/4611 2809/1/4611
f 2809/1/4612 1831/1/4612 1521/1/4612
f 729/1/4613 2619/1/4613 1803/1/4613
f 2619/1/4614 3401/1/4614 2809/1/4614
f 3401/1/4615 1831/1/4615 2809/1/4615
f 2809/1/4616 1803/1/4616 2619/1/4616
f 1960/1/4617 3249/1/4617 2618/1/4617
f 1831/1/4618 3400/1/4618 3249/1/4618
f 3400/1/4619 2618/1/4619 3249/1/4619
f 2618/1/4620 719/1/4620 1960/1/4620
f 1831/1/4621 3249/1/4621 2808/1/4621
f 3249/1/4622 1960/1/4622 2808/1/4622
f 2808/1/4623 1521/1/4623 1831/1/4623
f 719/1/4624 738/1/4624 520/1/4624
f 559/1/4625 582/1/4625 533/1/4625
f 678/1/4626 173/1/4626 13/1/4626
f 1658/1/4627 3250/1/4627 2810/1/4627
f 3250/1/4628 2359/1/4628 2810/1/4628
f 2810/1/4629 1804/1/4629 1658/1/4629
f 519/1/4630 2580/1/4630 2359/1/4630
f 2580/1/4631 3396/1/4631 2810/1/4631
f 3396/1/4632 1804/1/4632 2810/1/4632
f 2810/1/4633 2359/1/4633 2580/1/4633
f 2360/1/4634 3251/1/4634 2579/1/4634
f 1804/1/4635 3395/1/4635 3251/1/4635
f 3395/1/4636 2579/1/4636 3251/1/4636
f 2579/1/4637 3394/1/4637 3252/1/4637
f 3394/1/4638 518/1/4638 3252/1/4638
f 3252/1/4639 2360/1/4639 2579/1/4639
f 1804/1/4640 3251/1/4640 2811/1/4640
f 3251/1/4641 2360/1/4641 2811/1/4641
f 2811/1/4642 1658/1/4642 1804/1/4642
f 519/1/4643 2359/1/4643 1961/1/4643
f 2359/1/4644 3250/1/4644 2812/1/4644
f 3250/1/4645 1658/1/4645 2812/1/4645
f 2812/1/4646 1961/1/4646 2359/1/4646
f 1961/1/4647 528/1/4647 519/1/4647
f 1658/1/4648 2813/1/4648 1522/1/4648
f 1962/1/4649 3253/1/4649 2813/1/4649
f 3253/1/4650 1522/1/4650 2813/1/4650
f 655/1/4651 2157/1/4651 1962/1/4651
f 2157/1/4652 3034/1/4652 3253/1/4652
f 3034/1/4653 1522/1/4653 3253/1/4653
f 3253/1/4654 1962/1/4654 2157/1/4654
f 1961/1/4655 2814/1/4655 2156/1/4655
f 1522/1/4656 3033/1/4656 2814/1/4656
f 3033/1/4657 2156/1/4657 2814/1/4657
f 2156/1/4658 528/1/4658 1961/1/4658
f 1522/1/4659 2814/1/4659 1658/1/4659
f 1961/1/4660 2812/1/4660 2814/1/4660
f 2812/1/4661 1658/1/4661 2814/1/4661
f 1962/1/4662 2361/1/4662 655/1/4662
f 2361/1/4663 518/1/4663 655/1/4663
f 2361/1/4664 3254/1/4664 2360/1/4664
f 1658/1/4665 2811/1/4665 3254/1/4665
f 2811/1/4666 2360/1/4666 3254/1/4666
f 2360/1/4667 3252/1/4667 2361/1/4667
f 3252/1/4668 518/1/4668 2361/1/4668
f 2813/1/4669 3255/1/4669 1962/1/4669
f 3255/1/4670 2361/1/4670 1962/1/4670
f 1658/1/4671 3254/1/4671 2813/1/4671
f 2361/1/4672 3255/1/4672 3254/1/4672
f 3255/1/4673 2813/1/4673 3254/1/4673
f 527/1/4674 526/1/4674 654/1/4674
f 531/1/4675 567/1/4675 552/1/4675
f 521/1/4676 5/1/4676 172/1/4676
f 1963/1/4677 2362/1/4677 679/1/4677
f 2362/1/4678 521/1/4678 679/1/4678
f 3256/1/4679 3457/1/4679 3456/1/4679
f 3457/1/4680 2362/1/4680 3456/1/4680
f 3456/1/4681 3491/1/4681 3256/1/4681
f 3491/1/4682 1523/1/4682 3256/1/4682
f 2362/1/4683 3457/1/4683 2363/1/4683
f 3457/1/4684 3256/1/4684 2363/1/4684
f 2363/1/4685 3257/1/4685 2362/1/4685
f 3257/1/4686 521/1/4686 2362/1/4686
f 2815/1/4687 3258/1/4687 1963/1/4687
f 3258/1/4688 2362/1/4688 1963/1/4688
f 3258/1/4689 3458/1/4689 3456/1/4689
f 1523/1/4690 3491/1/4690 3458/1/4690
f 3491/1/4691 3456/1/4691 3458/1/4691
f 3456/1/4692 2362/1/4692 3258/1/4692
f 1523/1/4693 3458/1/4693 2815/1/4693
f 3458/1/4694 3258/1/4694 2815/1/4694
f 1523/1/4695 2584/1/4695 1802/1/4695
f 1806/1/4696 3259/1/4696 2584/1/4696
f 3259/1/4697 1802/1/4697 2584/1/4697
f 1806/1/4698 2158/1/4698 2575/1/4698
f 520/1/4699 3393/1/4699 2158/1/4699
f 3393/1/4700 2575/1/4700 2158/1/4700
f 2575/1/4701 3392/1/4701 3259/1/4701
f 3392/1/4702 1802/1/4702 3259/1/4702
f 3259/1/4703 1806/1/4703 2575/1/4703
f 2363/1/4704 2816/1/4704 2574/1/4704
f 1802/1/4705 3391/1/4705 2816/1/4705
f 3391/1/4706 2574/1/4706 2816/1/4706
f 2574/1/4707 3390/1/4707 3257/1/4707
f 3390/1/4708 521/1/4708 3257/1/4708
f 3257/1/4709 2363/1/4709 2574/1/4709
f 1802/1/4710 2816/1/4710 1523/1/4710
f 2363/1/4711 3256/1/4711 2816/1/4711
f 3256/1/4712 1523/1/4712 2816/1/4712
f 520/1/4713 670/1/4713 655/1/4713
f 545/1/4714 519/1/4714 696/1/4714
f 519/1/4715 528/1/4715 711/1/4715
f 528/1/4716 662/1/4716 711/1/4716
f 711/1/4717 696/1/4717 519/1/4717
f 696/1/4718 703/1/4718 545/1/4718
f 703/1/4719 687/1/4719 529/1/4719
f 529/1/4720 544/1/4720 545/1/4720
f 687/1/4721 566/1/4721 529/1/4721
f 566/1/4722 574/1/4722 583/1/4722
f 529/1/4723 566/1/4723 558/1/4723
f 574/1/4724 646/1/4724 639/1/4724
f 639/1/4725 631/1/4725 607/1/4725
f 631/1/4726 623/1/4726 615/1/4726
f 607/1/4727 631/1/4727 615/1/4727
f 607/1/4728 599/1/4728 639/1/4728
f 599/1/4729 591/1/4729 583/1/4729
f 639/1/4730 599/1/4730 574/1/4730
f 583/1/4731 558/1/4731 566/1/4731
f 558/1/4732 544/1/4732 529/1/4732
f 534/1/4733 647/1/4733 575/1/4733
f 523/1/4734 522/1/4734 728/1/4734
f 541/1/4735 533/1/4735 582/1/4735
f 532/1/4736 575/1/4736 567/1/4736
f 559/1/4737 530/1/4737 542/1/4737
f 535/1/4738 638/1/4738 647/1/4738
f 536/1/4739 630/1/4739 638/1/4739
f 537/1/4740 622/1/4740 630/1/4740
f 538/1/4741 614/1/4741 622/1/4741
f 538/1/4742 539/1/4742 606/1/4742
f 539/1/4743 540/1/4743 598/1/4743
f 540/1/4744 541/1/4744 590/1/4744
f 553/1/4745 568/1/4745 566/1/4745
f 553/1/4746 554/1/4746 569/1/4746
f 554/1/4747 555/1/4747 570/1/4747
f 555/1/4748 556/1/4748 571/1/4748
f 556/1/4749 688/1/4749 572/1/4749
f 688/1/4750 557/1/4750 573/1/4750
f 557/1/4751 552/1/4751 567/1/4751
f 568/1/4752 576/1/4752 574/1/4752
f 569/1/4753 577/1/4753 576/1/4753
f 570/1/4754 578/1/4754 577/1/4754
f 571/1/4755 579/1/4755 578/1/4755
f 572/1/4756 580/1/4756 579/1/4756
f 572/1/4757 573/1/4757 581/1/4757
f 573/1/4758 567/1/4758 575/1/4758
f 543/1/4759 546/1/4759 565/1/4759
f 546/1/4760 547/1/4760 564/1/4760
f 547/1/4761 548/1/4761 563/1/4761
f 548/1/4762 549/1/4762 562/1/4762
f 549/1/4763 550/1/4763 561/1/4763
f 550/1/4764 551/1/4764 560/1/4764
f 551/1/4765 544/1/4765 558/1/4765
f 559/1/4766 565/1/4766 584/1/4766
f 565/1/4767 564/1/4767 585/1/4767
f 564/1/4768 563/1/4768 586/1/4768
f 563/1/4769 562/1/4769 587/1/4769
f 562/1/4770 561/1/4770 588/1/4770
f 561/1/4771 560/1/4771 589/1/4771
f 560/1/4772 558/1/4772 583/1/4772
f 582/1/4773 584/1/4773 592/1/4773
f 584/1/4774 585/1/4774 593/1/4774
f 585/1/4775 586/1/4775 594/1/4775
f 586/1/4776 587/1/4776 595/1/4776
f 587/1/4777 588/1/4777 596/1/4777
f 588/1/4778 589/1/4778 597/1/4778
f 589/1/4779 583/1/4779 591/1/4779
f 592/1/4780 600/1/4780 598/1/4780
f 593/1/4781 601/1/4781 600/1/4781
f 594/1/4782 602/1/4782 601/1/4782
f 595/1/4783 603/1/4783 602/1/4783
f 596/1/4784 604/1/4784 603/1/4784
f 597/1/4785 605/1/4785 604/1/4785
f 591/1/4786 599/1/4786 605/1/4786
f 598/1/4787 600/1/4787 608/1/4787
f 600/1/4788 601/1/4788 609/1/4788
f 601/1/4789 602/1/4789 610/1/4789
f 602/1/4790 603/1/4790 611/1/4790
f 603/1/4791 604/1/4791 612/1/4791
f 604/1/4792 605/1/4792 613/1/4792
f 605/1/4793 599/1/4793 607/1/4793
f 606/1/4794 608/1/4794 616/1/4794
f 608/1/4795 609/1/4795 617/1/4795
f 609/1/4796 610/1/4796 618/1/4796
f 610/1/4797 611/1/4797 619/1/4797
f 611/1/4798 612/1/4798 620/1/4798
f 612/1/4799 613/1/4799 621/1/4799
f 613/1/4800 607/1/4800 615/1/4800
f 614/1/4801 616/1/4801 624/1/4801
f 616/1/4802 617/1/4802 625/1/4802
f 617/1/4803 618/1/4803 626/1/4803
f 618/1/4804 619/1/4804 627/1/4804
f 619/1/4805 620/1/4805 628/1/4805
f 620/1/4806 621/1/4806 629/1/4806
f 621/1/4807 615/1/4807 623/1/4807
f 624/1/4808 632/1/4808 630/1/4808
f 625/1/4809 633/1/4809 632/1/4809
f 626/1/4810 634/1/4810 633/1/4810
f 627/1/4811 635/1/4811 634/1/4811
f 628/1/4812 636/1/4812 635/1/4812
f 629/1/4813 637/1/4813 636/1/4813
f 623/1/4814 631/1/4814 637/1/4814
f 632/1/4815 640/1/4815 638/1/4815
f 633/1/4816 641/1/4816 640/1/4816
f 634/1/4817 642/1/4817 641/1/4817
f 635/1/4818 643/1/4818 642/1/4818
f 636/1/4819 644/1/4819 643/1/4819
f 637/1/4820 645/1/4820 644/1/4820
f 631/1/4821 639/1/4821 645/1/4821
f 638/1/4822 640/1/4822 653/1/4822
f 640/1/4823 641/1/4823 652/1/4823
f 641/1/4824 642/1/4824 651/1/4824
f 642/1/4825 643/1/4825 650/1/4825
f 643/1/4826 644/1/4826 649/1/4826
f 644/1/4827 645/1/4827 648/1/4827
f 645/1/4828 639/1/4828 646/1/4828
f 574/1/4829 576/1/4829 648/1/4829
f 576/1/4830 577/1/4830 649/1/4830
f 577/1/4831 578/1/4831 650/1/4831
f 578/1/4832 579/1/4832 651/1/4832
f 579/1/4833 580/1/4833 652/1/4833
f 580/1/4834 581/1/4834 653/1/4834
f 581/1/4835 575/1/4835 647/1/4835
f 677/1/4836 680/1/4836 678/1/4836
f 676/1/4837 681/1/4837 680/1/4837
f 675/1/4838 682/1/4838 681/1/4838
f 674/1/4839 1659/1/4839 675/1/4839
f 683/1/4840 1524/1/4840 1659/1/4840
f 1524/1/4841 675/1/4841 1659/1/4841
f 673/1/4842 1660/1/4842 674/1/4842
f 1660/1/4843 2587/1/4843 1525/1/4843
f 2161/1/4844 3260/1/4844 2587/1/4844
f 3260/1/4845 1525/1/4845 2587/1/4845
f 684/1/4846 1807/1/4846 2161/1/4846
f 1525/1/4847 3260/1/4847 1807/1/4847
f 3260/1/4848 2161/1/4848 1807/1/4848
f 1525/1/4849 674/1/4849 1660/1/4849
f 672/1/4850 1661/1/4850 673/1/4850
f 1661/1/4851 2817/1/4851 1526/1/4851
f 2364/1/4852 3261/1/4852 2817/1/4852
f 3261/1/4853 3459/1/4853 2817/1/4853
f 3459/1/4854 1526/1/4854 2817/1/4854
f 685/1/4855 1808/1/4855 2364/1/4855
f 1808/1/4856 2588/1/4856 2364/1/4856
f 1526/1/4857 3459/1/4857 2588/1/4857
f 3459/1/4858 3261/1/4858 2588/1/4858
f 3261/1/4859 2364/1/4859 2588/1/4859
f 1526/1/4860 673/1/4860 1661/1/4860
f 1662/1/4861 3262/1/4861 2818/1/4861
f 3262/1/4862 2365/1/4862 2818/1/4862
f 2818/1/4863 1527/1/4863 1662/1/4863
f 685/1/4864 2164/1/4864 2365/1/4864
f 2164/1/4865 2589/1/4865 2818/1/4865
f 2589/1/4866 1527/1/4866 2818/1/4866
f 2818/1/4867 2365/1/4867 2164/1/4867
f 2366/1/4868 3263/1/4868 1809/1/4868
f 1527/1/4869 2163/1/4869 3263/1/4869
f 2163/1/4870 1809/1/4870 3263/1/4870
f 1809/1/4871 670/1/4871 2366/1/4871
f 1527/1/4872 3263/1/4872 2819/1/4872
f 3263/1/4873 2366/1/4873 2819/1/4873
f 2819/1/4874 1662/1/4874 1527/1/4874
f 1964/1/4875 2367/1/4875 2365/1/4875
f 2367/1/4876 685/1/4876 2365/1/4876
f 2365/1/4877 3262/1/4877 2820/1/4877
f 3262/1/4878 1662/1/4878 2820/1/4878
f 2820/1/4879 1964/1/4879 2365/1/4879
f 685/1/4880 2367/1/4880 679/1/4880
f 2367/1/4881 1964/1/4881 679/1/4881
f 669/1/4882 656/1/4882 654/1/4882
f 668/1/4883 657/1/4883 656/1/4883
f 667/1/4884 1663/1/4884 657/1/4884
f 1663/1/4885 1965/1/4885 657/1/4885
f 1965/1/4886 658/1/4886 657/1/4886
f 1664/1/4887 1966/1/4887 2167/1/4887
f 1966/1/4888 658/1/4888 2167/1/4888
f 2167/1/4889 1528/1/4889 1664/1/4889
f 1528/1/4890 1810/1/4890 2170/1/4890
f 1810/1/4891 2165/1/4891 3041/1/4891
f 2165/1/4892 666/1/4892 3041/1/4892
f 3041/1/4893 2170/1/4893 1810/1/4893
f 2170/1/4894 1664/1/4894 1528/1/4894
f 658/1/4895 1966/1/4895 659/1/4895
f 1966/1/4896 1664/1/4896 659/1/4896
f 659/1/4897 1529/1/4897 1665/1/4897
f 2173/1/4898 3264/1/4898 2593/1/4898
f 3264/1/4899 1529/1/4899 2593/1/4899
f 2593/1/4900 1811/1/4900 2173/1/4900
f 1811/1/4901 2168/1/4901 3045/1/4901
f 2168/1/4902 665/1/4902 3045/1/4902
f 3045/1/4903 2173/1/4903 1811/1/4903
f 1529/1/4904 3264/1/4904 2821/1/4904
f 3264/1/4905 2173/1/4905 2821/1/4905
f 2821/1/4906 1665/1/4906 1529/1/4906
f 1665/1/4907 660/1/4907 659/1/4907
f 660/1/4908 1530/1/4908 1666/1/4908
f 2368/1/4909 3265/1/4909 2594/1/4909
f 3265/1/4910 3460/1/4910 2594/1/4910
f 3460/1/4911 1530/1/4911 2594/1/4911
f 2594/1/4912 1812/1/4912 2368/1/4912
f 1812/1/4913 664/1/4913 2368/1/4913
f 2822/1/4914 3266/1/4914 3460/1/4914
f 3266/1/4915 1530/1/4915 3460/1/4915
f 3460/1/4916 3265/1/4916 2822/1/4916
f 3265/1/4917 2368/1/4917 2822/1/4917
f 1530/1/4918 3266/1/4918 1666/1/4918
f 3266/1/4919 2822/1/4919 1666/1/4919
f 1666/1/4920 661/1/4920 660/1/4920
f 2175/1/4921 2823/1/4921 2370/1/4921
f 1667/1/4922 3269/1/4922 2823/1/4922
f 3269/1/4923 2370/1/4923 2823/1/4923
f 2370/1/4924 661/1/4924 2175/1/4924
f 2823/1/4925 3267/1/4925 1667/1/4925
f 3267/1/4926 1531/1/4926 1667/1/4926
f 2175/1/4927 2597/1/4927 2823/1/4927
f 2597/1/4928 3047/1/4928 3267/1/4928
f 3047/1/4929 1531/1/4929 3267/1/4929
f 3267/1/4930 2823/1/4930 2597/1/4930
f 2369/1/4931 3268/1/4931 3046/1/4931
f 3268/1/4932 1531/1/4932 3046/1/4932
f 3046/1/4933 1813/1/4933 2369/1/4933
f 1813/1/4934 662/1/4934 2369/1/4934
f 1531/1/4935 3268/1/4935 2824/1/4935
f 3268/1/4936 2369/1/4936 2824/1/4936
f 2824/1/4937 1667/1/4937 1531/1/4937
f 661/1/4938 2370/1/4938 1967/1/4938
f 2825/1/4939 3270/1/4939 3269/1/4939
f 3270/1/4940 2370/1/4940 3269/1/4940
f 3269/1/4941 1667/1/4941 2825/1/4941
f 2370/1/4942 3270/1/4942 1967/1/4942
f 3270/1/4943 2825/1/4943 1967/1/4943
f 1967/1/4944 655/1/4944 661/1/4944
f 656/1/4945 677/1/4945 671/1/4945
f 657/1/4946 676/1/4946 677/1/4946
f 658/1/4947 675/1/4947 676/1/4947
f 659/1/4948 674/1/4948 675/1/4948
f 660/1/4949 673/1/4949 674/1/4949
f 661/1/4950 672/1/4950 673/1/4950
f 655/1/4951 670/1/4951 672/1/4951
f 680/1/4952 179/1/4952 173/1/4952
f 681/1/4953 178/1/4953 179/1/4953
f 682/1/4954 177/1/4954 178/1/4954
f 683/1/4955 176/1/4955 177/1/4955
f 175/1/4956 1617/1/4956 684/1/4956
f 1617/1/4957 176/1/4957 684/1/4957
f 685/1/4958 174/1/4958 175/1/4958
f 679/1/4959 172/1/4959 174/1/4959
f 703/1/4960 1668/1/4960 694/1/4960
f 1668/1/4961 705/1/4961 694/1/4961
f 706/1/4962 1533/1/4962 1532/1/4962
f 1533/1/4963 1815/1/4963 2176/1/4963
f 1815/1/4964 693/1/4964 2176/1/4964
f 2176/1/4965 1532/1/4965 1533/1/4965
f 1532/1/4966 705/1/4966 706/1/4966
f 692/1/4967 1968/1/4967 707/1/4967
f 1968/1/4968 1669/1/4968 707/1/4968
f 1669/1/4969 706/1/4969 707/1/4969
f 707/1/4970 708/1/4970 691/1/4970
f 708/1/4971 709/1/4971 690/1/4971
f 709/1/4972 710/1/4972 689/1/4972
f 710/1/4973 704/1/4973 686/1/4973
f 702/1/4974 1817/1/4974 1534/1/4974
f 1817/1/4975 696/1/4975 1534/1/4975
f 1534/1/4976 713/1/4976 702/1/4976
f 714/1/4977 701/1/4977 702/1/4977
f 714/1/4978 715/1/4978 700/1/4978
f 715/1/4979 716/1/4979 699/1/4979
f 716/1/4980 717/1/4980 698/1/4980
f 717/1/4981 718/1/4981 697/1/4981
f 718/1/4982 712/1/4982 695/1/4982
f 705/1/4983 1668/1/4983 1535/1/4983
f 1668/1/4984 703/1/4984 1535/1/4984
f 1535/1/4985 702/1/4985 705/1/4985
f 701/1/4986 706/1/4986 705/1/4986
f 700/1/4987 707/1/4987 706/1/4987
f 699/1/4988 708/1/4988 707/1/4988
f 698/1/4989 709/1/4989 708/1/4989
f 697/1/4990 710/1/4990 709/1/4990
f 695/1/4991 704/1/4991 710/1/4991
f 664/1/4992 1536/1/4992 711/1/4992
f 713/1/4993 1816/1/4993 1536/1/4993
f 1816/1/4994 711/1/4994 1536/1/4994
f 713/1/4995 1818/1/4995 1537/1/4995
f 1818/1/4996 2600/1/4996 1821/1/4996
f 2600/1/4997 665/1/4997 1821/1/4997
f 1821/1/4998 1537/1/4998 1818/1/4998
f 1537/1/4999 714/1/4999 713/1/4999
f 714/1/5000 1820/1/5000 1538/1/5000
f 1820/1/5001 2601/1/5001 2181/1/5001
f 2601/1/5002 666/1/5002 2181/1/5002
f 2181/1/5003 1538/1/5003 1820/1/5003
f 1538/1/5004 715/1/5004 714/1/5004
f 667/1/5005 716/1/5005 715/1/5005
f 668/1/5006 717/1/5006 716/1/5006
f 669/1/5007 718/1/5007 717/1/5007
f 663/1/5008 712/1/5008 718/1/5008
f 1539/1/5009 3271/1/5009 1540/1/5009
f 3271/1/5010 2826/1/5010 1540/1/5010
f 1969/1/5011 3272/1/5011 2826/1/5011
f 3272/1/5012 1540/1/5012 2826/1/5012
f 1969/1/5013 2371/1/5013 2185/1/5013
f 745/1/5014 3054/1/5014 2371/1/5014
f 3054/1/5015 2185/1/5015 2371/1/5015
f 2185/1/5016 3052/1/5016 3272/1/5016
f 3052/1/5017 1540/1/5017 3272/1/5017
f 3272/1/5018 1969/1/5018 2185/1/5018
f 2183/1/5019 2827/1/5019 2184/1/5019
f 1540/1/5020 3051/1/5020 2827/1/5020
f 3051/1/5021 2184/1/5021 2827/1/5021
f 2184/1/5022 748/1/5022 2183/1/5022
f 1540/1/5023 2827/1/5023 1539/1/5023
f 2183/1/5024 3050/1/5024 2827/1/5024
f 3050/1/5025 1539/1/5025 2827/1/5025
f 745/1/5026 2371/1/5026 738/1/5026
f 2371/1/5027 1969/1/5027 738/1/5027
f 2826/1/5028 3273/1/5028 1969/1/5028
f 3273/1/5029 2182/1/5029 1969/1/5029
f 2826/1/5030 3271/1/5030 3049/1/5030
f 3271/1/5031 1539/1/5031 3049/1/5031
f 2182/1/5032 3273/1/5032 3049/1/5032
f 3273/1/5033 2826/1/5033 3049/1/5033
f 2182/1/5034 738/1/5034 1969/1/5034
f 2828/1/5035 3274/1/5035 2831/1/5035
f 3274/1/5036 1670/1/5036 2831/1/5036
f 2831/1/5037 1970/1/5037 2828/1/5037
f 1670/1/5038 3274/1/5038 1541/1/5038
f 3274/1/5039 2828/1/5039 1541/1/5039
f 1970/1/5040 2830/1/5040 2187/1/5040
f 744/1/5041 3058/1/5041 2830/1/5041
f 3058/1/5042 2187/1/5042 2830/1/5042
f 2187/1/5043 2609/1/5043 2828/1/5043
f 2609/1/5044 1541/1/5044 2828/1/5044
f 2828/1/5045 1970/1/5045 2187/1/5045
f 2372/1/5046 2829/1/5046 1826/1/5046
f 2829/1/5047 3275/1/5047 2186/1/5047
f 3275/1/5048 1541/1/5048 2186/1/5048
f 2186/1/5049 1826/1/5049 2829/1/5049
f 1826/1/5050 749/1/5050 2372/1/5050
f 1541/1/5051 3275/1/5051 1670/1/5051
f 3275/1/5052 2829/1/5052 1670/1/5052
f 2372/1/5053 3276/1/5053 2829/1/5053
f 3276/1/5054 1670/1/5054 2829/1/5054
f 2373/1/5055 3277/1/5055 2830/1/5055
f 3277/1/5056 744/1/5056 2830/1/5056
f 2830/1/5057 1970/1/5057 2373/1/5057
f 2373/1/5058 3278/1/5058 2632/1/5058
f 745/1/5059 3405/1/5059 3278/1/5059
f 3405/1/5060 2632/1/5060 3278/1/5060
f 2632/1/5061 3404/1/5061 3277/1/5061
f 3404/1/5062 744/1/5062 3277/1/5062
f 3277/1/5063 2373/1/5063 2632/1/5063
f 1970/1/5064 2831/1/5064 2374/1/5064
f 1670/1/5065 3279/1/5065 2831/1/5065
f 3279/1/5066 2374/1/5066 2831/1/5066
f 2374/1/5067 3280/1/5067 2373/1/5067
f 745/1/5068 3278/1/5068 3280/1/5068
f 3278/1/5069 2373/1/5069 3280/1/5069
f 2373/1/5070 1970/1/5070 2374/1/5070
f 2832/1/5071 3282/1/5071 3281/1/5071
f 3282/1/5072 1671/1/5072 3281/1/5072
f 3281/1/5073 2375/1/5073 2832/1/5073
f 1542/1/5074 2376/1/5074 3282/1/5074
f 2376/1/5075 1671/1/5075 3282/1/5075
f 3282/1/5076 2832/1/5076 1542/1/5076
f 743/1/5077 2188/1/5077 2375/1/5077
f 2188/1/5078 2610/1/5078 2832/1/5078
f 2610/1/5079 1542/1/5079 2832/1/5079
f 2832/1/5080 2375/1/5080 2188/1/5080
f 1671/1/5081 2376/1/5081 750/1/5081
f 2376/1/5082 1542/1/5082 750/1/5082
f 2375/1/5083 3283/1/5083 2377/1/5083
f 3283/1/5084 1971/1/5084 2377/1/5084
f 2377/1/5085 743/1/5085 2375/1/5085
f 2833/1/5086 3284/1/5086 3281/1/5086
f 3284/1/5087 2375/1/5087 3281/1/5087
f 3281/1/5088 1671/1/5088 2833/1/5088
f 1971/1/5089 3283/1/5089 3284/1/5089
f 3283/1/5090 2375/1/5090 3284/1/5090
f 3284/1/5091 2833/1/5091 1971/1/5091
f 744/1/5092 1837/1/5092 2377/1/5092
f 1837/1/5093 743/1/5093 2377/1/5093
f 1971/1/5094 2834/1/5094 2377/1/5094
f 2834/1/5095 744/1/5095 2377/1/5095
f 1672/1/5096 2378/1/5096 2189/1/5096
f 2378/1/5097 742/1/5097 2189/1/5097
f 2189/1/5098 1543/1/5098 1672/1/5098
f 1543/1/5099 751/1/5099 1672/1/5099
f 742/1/5100 2378/1/5100 1972/1/5100
f 1672/1/5101 2835/1/5101 2378/1/5101
f 2835/1/5102 1972/1/5102 2378/1/5102
f 1972/1/5103 743/1/5103 742/1/5103
f 1673/1/5104 2379/1/5104 2193/1/5104
f 2379/1/5105 741/1/5105 2193/1/5105
f 2193/1/5106 1544/1/5106 1673/1/5106
f 1544/1/5107 1828/1/5107 2190/1/5107
f 1828/1/5108 752/1/5108 2190/1/5108
f 2190/1/5109 1673/1/5109 1544/1/5109
f 741/1/5110 2379/1/5110 1973/1/5110
f 2379/1/5111 1673/1/5111 1973/1/5111
f 1973/1/5112 742/1/5112 741/1/5112
f 740/1/5113 1545/1/5113 1674/1/5113
f 1545/1/5114 753/1/5114 1674/1/5114
f 1674/1/5115 1974/1/5115 740/1/5115
f 741/1/5116 2210/1/5116 1974/1/5116
f 2210/1/5117 740/1/5117 1974/1/5117
f 754/1/5118 1675/1/5118 739/1/5118
f 1675/1/5119 1975/1/5119 739/1/5119
f 740/1/5120 2634/1/5120 1975/1/5120
f 2634/1/5121 2211/1/5121 1975/1/5121
f 2211/1/5122 739/1/5122 1975/1/5122
f 739/1/5123 737/1/5123 747/1/5123
f 719/1/5124 2197/1/5124 1976/1/5124
f 2836/1/5125 3285/1/5125 3065/1/5125
f 3285/1/5126 2197/1/5126 3065/1/5126
f 3065/1/5127 1546/1/5127 2836/1/5127
f 2197/1/5128 3285/1/5128 1976/1/5128
f 3285/1/5129 2836/1/5129 1976/1/5129
f 1976/1/5130 2380/1/5130 719/1/5130
f 2380/1/5131 721/1/5131 719/1/5131
f 1546/1/5132 3064/1/5132 2837/1/5132
f 3064/1/5133 2195/1/5133 2837/1/5133
f 2837/1/5134 1547/1/5134 1546/1/5134
f 2195/1/5135 3063/1/5135 2200/1/5135
f 736/1/5136 3074/1/5136 3063/1/5136
f 3074/1/5137 2200/1/5137 3063/1/5137
f 2200/1/5138 3073/1/5138 2837/1/5138
f 3073/1/5139 1547/1/5139 2837/1/5139
f 2837/1/5140 2195/1/5140 2200/1/5140
f 1976/1/5141 3286/1/5141 2198/1/5141
f 1547/1/5142 3071/1/5142 3286/1/5142
f 3071/1/5143 2198/1/5143 3286/1/5143
f 2198/1/5144 3069/1/5144 2380/1/5144
f 3069/1/5145 721/1/5145 2380/1/5145
f 2380/1/5146 1976/1/5146 2198/1/5146
f 1547/1/5147 3286/1/5147 2836/1/5147
f 3286/1/5148 1976/1/5148 2836/1/5148
f 2836/1/5149 1546/1/5149 1547/1/5149
f 2381/1/5150 3287/1/5150 2838/1/5150
f 3287/1/5151 3461/1/5151 2838/1/5151
f 3461/1/5152 721/1/5152 2838/1/5152
f 2838/1/5153 1977/1/5153 2381/1/5153
f 2381/1/5154 3288/1/5154 2839/1/5154
f 722/1/5155 3462/1/5155 3288/1/5155
f 3462/1/5156 2839/1/5156 3288/1/5156
f 2839/1/5157 3463/1/5157 3287/1/5157
f 721/1/5158 3461/1/5158 3463/1/5158
f 3461/1/5159 3287/1/5159 3463/1/5159
f 3287/1/5160 2381/1/5160 2839/1/5160
f 1977/1/5161 2840/1/5161 2382/1/5161
f 1676/1/5162 3289/1/5162 2840/1/5162
f 3289/1/5163 2382/1/5163 2840/1/5163
f 2382/1/5164 3290/1/5164 2381/1/5164
f 722/1/5165 3288/1/5165 3290/1/5165
f 3288/1/5166 2381/1/5166 3290/1/5166
f 2381/1/5167 1977/1/5167 2382/1/5167
f 1676/1/5168 3291/1/5168 2841/1/5168
f 3291/1/5169 2383/1/5169 2841/1/5169
f 1548/1/5170 3292/1/5170 2841/1/5170
f 3292/1/5171 1676/1/5171 2841/1/5171
f 2383/1/5172 3293/1/5172 1833/1/5172
f 735/1/5173 2627/1/5173 3293/1/5173
f 2627/1/5174 1833/1/5174 3293/1/5174
f 1833/1/5175 2626/1/5175 2841/1/5175
f 2626/1/5176 1548/1/5176 2841/1/5176
f 2841/1/5177 2383/1/5177 1833/1/5177
f 2382/1/5178 3464/1/5178 2202/1/5178
f 3464/1/5179 2842/1/5179 2202/1/5179
f 1548/1/5180 3077/1/5180 2842/1/5180
f 3077/1/5181 2202/1/5181 2842/1/5181
f 2202/1/5182 3076/1/5182 3290/1/5182
f 3076/1/5183 722/1/5183 3290/1/5183
f 3290/1/5184 2382/1/5184 2202/1/5184
f 3294/1/5185 3465/1/5185 2842/1/5185
f 3465/1/5186 1548/1/5186 2842/1/5186
f 1676/1/5187 3292/1/5187 3294/1/5187
f 1548/1/5188 3465/1/5188 3292/1/5188
f 3465/1/5189 3294/1/5189 3292/1/5189
f 2842/1/5190 3464/1/5190 3289/1/5190
f 3464/1/5191 2382/1/5191 3289/1/5191
f 1676/1/5192 3294/1/5192 3289/1/5192
f 3294/1/5193 2842/1/5193 3289/1/5193
f 723/1/5194 1984/1/5194 2384/1/5194
f 1984/1/5195 722/1/5195 2384/1/5195
f 2384/1/5196 1978/1/5196 723/1/5196
f 2385/1/5197 2844/1/5197 2843/1/5197
f 2844/1/5198 1978/1/5198 2843/1/5198
f 2843/1/5199 1677/1/5199 2385/1/5199
f 1978/1/5200 2844/1/5200 723/1/5200
f 2844/1/5201 2385/1/5201 723/1/5201
f 1677/1/5202 2845/1/5202 1549/1/5202
f 2845/1/5203 2386/1/5203 1549/1/5203
f 734/1/5204 1834/1/5204 2386/1/5204
f 1834/1/5205 2631/1/5205 2386/1/5205
f 2631/1/5206 1549/1/5206 2386/1/5206
f 2385/1/5207 2846/1/5207 2205/1/5207
f 1549/1/5208 2629/1/5208 2846/1/5208
f 2629/1/5209 2205/1/5209 2846/1/5209
f 2205/1/5210 723/1/5210 2385/1/5210
f 1549/1/5211 2846/1/5211 1677/1/5211
f 2846/1/5212 2385/1/5212 1677/1/5212
f 723/1/5213 1979/1/5213 724/1/5213
f 1678/1/5214 2387/1/5214 1979/1/5214
f 2387/1/5215 724/1/5215 1979/1/5215
f 733/1/5216 1550/1/5216 1678/1/5216
f 1550/1/5217 2206/1/5217 1678/1/5217
f 724/1/5218 2387/1/5218 2206/1/5218
f 2387/1/5219 1678/1/5219 2206/1/5219
f 724/1/5220 1980/1/5220 725/1/5220
f 1679/1/5221 2388/1/5221 1980/1/5221
f 2388/1/5222 725/1/5222 1980/1/5222
f 732/1/5223 1551/1/5223 1679/1/5223
f 1551/1/5224 2207/1/5224 1679/1/5224
f 725/1/5225 2388/1/5225 2207/1/5225
f 2388/1/5226 1679/1/5226 2207/1/5226
f 726/1/5227 2389/1/5227 1981/1/5227
f 2389/1/5228 2847/1/5228 1981/1/5228
f 2847/1/5229 725/1/5229 1981/1/5229
f 1981/1/5230 1680/1/5230 726/1/5230
f 731/1/5231 1552/1/5231 1680/1/5231
f 1552/1/5232 726/1/5232 1680/1/5232
f 727/1/5233 1681/1/5233 730/1/5233
f 1681/1/5234 1982/1/5234 730/1/5234
f 1982/1/5235 726/1/5235 730/1/5235
f 728/1/5236 720/1/5236 727/1/5236
f 719/1/5237 721/1/5237 745/1/5237
f 744/1/5238 1836/1/5238 1983/1/5238
f 1836/1/5239 1553/1/5239 1983/1/5239
f 1983/1/5240 722/1/5240 744/1/5240
f 2390/1/5241 2848/1/5241 1983/1/5241
f 2848/1/5242 722/1/5242 1983/1/5242
f 2390/1/5243 3295/1/5243 2839/1/5243
f 721/1/5244 3463/1/5244 3295/1/5244
f 3463/1/5245 2839/1/5245 3295/1/5245
f 2839/1/5246 3462/1/5246 2848/1/5246
f 3462/1/5247 722/1/5247 2848/1/5247
f 2848/1/5248 2390/1/5248 2839/1/5248
f 1553/1/5249 1835/1/5249 1983/1/5249
f 721/1/5250 3295/1/5250 1835/1/5250
f 3295/1/5251 2390/1/5251 1835/1/5251
f 2390/1/5252 1983/1/5252 1835/1/5252
f 722/1/5253 1682/1/5253 1554/1/5253
f 1682/1/5254 767/1/5254 1554/1/5254
f 1554/1/5255 744/1/5255 722/1/5255
f 767/1/5256 1682/1/5256 723/1/5256
f 722/1/5257 1984/1/5257 1682/1/5257
f 1984/1/5258 723/1/5258 1682/1/5258
f 767/1/5259 723/1/5259 724/1/5259
f 724/1/5260 742/1/5260 767/1/5260
f 724/1/5261 725/1/5261 741/1/5261
f 740/1/5262 1555/1/5262 726/1/5262
f 1555/1/5263 1838/1/5263 726/1/5263
f 725/1/5264 2847/1/5264 1838/1/5264
f 2847/1/5265 2389/1/5265 1838/1/5265
f 2389/1/5266 726/1/5266 1838/1/5266
f 739/1/5267 1556/1/5267 727/1/5267
f 1556/1/5268 1840/1/5268 727/1/5268
f 726/1/5269 1982/1/5269 1840/1/5269
f 1982/1/5270 1681/1/5270 1840/1/5270
f 1681/1/5271 727/1/5271 1840/1/5271
f 727/1/5272 720/1/5272 737/1/5272
f 746/1/5273 748/1/5273 257/1/5273
f 256/1/5274 1557/1/5274 749/1/5274
f 748/1/5275 1985/1/5275 1557/1/5275
f 1985/1/5276 749/1/5276 1557/1/5276
f 749/1/5277 750/1/5277 255/1/5277
f 750/1/5278 751/1/5278 254/1/5278
f 751/1/5279 752/1/5279 253/1/5279
f 252/1/5280 1558/1/5280 753/1/5280
f 1843/1/5281 2849/1/5281 1558/1/5281
f 2849/1/5282 2391/1/5282 1558/1/5282
f 2391/1/5283 753/1/5283 1558/1/5283
f 2391/1/5284 3466/1/5284 3296/1/5284
f 2850/1/5285 3492/1/5285 3466/1/5285
f 3492/1/5286 3296/1/5286 3466/1/5286
f 3296/1/5287 753/1/5287 2391/1/5287
f 3296/1/5288 3506/1/5288 3493/1/5288
f 3467/1/5289 3510/1/5289 3506/1/5289
f 3510/1/5290 3493/1/5290 3506/1/5290
f 3493/1/5291 753/1/5291 3296/1/5291
f 752/1/5292 2191/1/5292 3467/1/5292
f 753/1/5293 3493/1/5293 2191/1/5293
f 3493/1/5294 3510/1/5294 2191/1/5294
f 3510/1/5295 3467/1/5295 2191/1/5295
f 752/1/5296 3467/1/5296 2850/1/5296
f 3467/1/5297 3506/1/5297 3492/1/5297
f 3506/1/5298 3296/1/5298 3492/1/5298
f 3492/1/5299 2850/1/5299 3467/1/5299
f 752/1/5300 2850/1/5300 1843/1/5300
f 2850/1/5301 3466/1/5301 2849/1/5301
f 3466/1/5302 2391/1/5302 2849/1/5302
f 2849/1/5303 1843/1/5303 2850/1/5303
f 251/1/5304 1559/1/5304 754/1/5304
f 1559/1/5305 1845/1/5305 754/1/5305
f 1845/1/5306 2212/1/5306 754/1/5306
f 753/1/5307 2194/1/5307 2212/1/5307
f 2194/1/5308 1829/1/5308 2212/1/5308
f 1829/1/5309 754/1/5309 2212/1/5309
f 754/1/5310 747/1/5310 249/1/5310
f 757/1/5311 1848/1/5311 1560/1/5311
f 1848/1/5312 2637/1/5312 1847/1/5312
f 2637/1/5313 3406/1/5313 2213/1/5313
f 3406/1/5314 3500/1/5314 2635/1/5314
f 3500/1/5315 736/1/5315 2635/1/5315
f 2635/1/5316 2213/1/5316 3406/1/5316
f 2213/1/5317 1847/1/5317 2637/1/5317
f 1847/1/5318 1560/1/5318 1848/1/5318
f 755/1/5319 1890/1/5319 1560/1/5319
f 1890/1/5320 757/1/5320 1560/1/5320
f 758/1/5321 1851/1/5321 1561/1/5321
f 1851/1/5322 2641/1/5322 1849/1/5322
f 2641/1/5323 3409/1/5323 2639/1/5323
f 3409/1/5324 3501/1/5324 3408/1/5324
f 3501/1/5325 735/1/5325 3408/1/5325
f 3408/1/5326 2639/1/5326 3409/1/5326
f 2639/1/5327 1849/1/5327 2641/1/5327
f 1849/1/5328 1561/1/5328 1851/1/5328
f 1561/1/5329 1986/1/5329 758/1/5329
f 757/1/5330 2707/1/5330 1986/1/5330
f 2707/1/5331 2278/1/5331 1986/1/5331
f 2278/1/5332 758/1/5332 1986/1/5332
f 2392/1/5333 2852/1/5333 2851/1/5333
f 2852/1/5334 3297/1/5334 3468/1/5334
f 3297/1/5335 735/1/5335 3468/1/5335
f 3468/1/5336 2851/1/5336 2852/1/5336
f 2851/1/5337 1987/1/5337 2392/1/5337
f 735/1/5338 3297/1/5338 734/1/5338
f 3297/1/5339 2852/1/5339 734/1/5339
f 2392/1/5340 3298/1/5340 2852/1/5340
f 3298/1/5341 734/1/5341 2852/1/5341
f 1562/1/5342 2393/1/5342 1987/1/5342
f 734/1/5343 3298/1/5343 2393/1/5343
f 3298/1/5344 2392/1/5344 2393/1/5344
f 2392/1/5345 1987/1/5345 2393/1/5345
f 734/1/5346 2393/1/5346 1850/1/5346
f 2393/1/5347 1562/1/5347 1850/1/5347
f 1850/1/5348 759/1/5348 734/1/5348
f 760/1/5349 733/1/5349 734/1/5349
f 761/1/5350 732/1/5350 733/1/5350
f 762/1/5351 731/1/5351 732/1/5351
f 763/1/5352 730/1/5352 731/1/5352
f 756/1/5353 728/1/5353 730/1/5353
f 764/1/5354 765/1/5354 524/1/5354
f 766/1/5355 270/1/5355 765/1/5355
f 982/1/5356 506/1/5356 280/1/5356
f 755/1/5357 542/1/5357 778/1/5357
f 778/1/5358 780/1/5358 755/1/5358
f 780/1/5359 769/1/5359 964/1/5359
f 773/1/5360 772/1/5360 955/1/5360
f 771/1/5361 277/1/5361 507/1/5361
f 1563/1/5362 2853/1/5362 1988/1/5362
f 1989/1/5363 3299/1/5363 2853/1/5363
f 3299/1/5364 1988/1/5364 2853/1/5364
f 981/1/5365 2854/1/5365 1989/1/5365
f 2854/1/5366 3469/1/5366 3299/1/5366
f 3469/1/5367 1988/1/5367 3299/1/5367
f 3299/1/5368 1989/1/5368 2854/1/5368
f 1853/1/5369 2856/1/5369 2855/1/5369
f 1988/1/5370 3470/1/5370 2856/1/5370
f 3470/1/5371 2855/1/5371 2856/1/5371
f 2855/1/5372 973/1/5372 1853/1/5372
f 1988/1/5373 2856/1/5373 1563/1/5373
f 1853/1/5374 2646/1/5374 2856/1/5374
f 2646/1/5375 1563/1/5375 2856/1/5375
f 1989/1/5376 2394/1/5376 981/1/5376
f 2394/1/5377 771/1/5377 981/1/5377
f 1989/1/5378 2853/1/5378 2218/1/5378
f 1563/1/5379 2645/1/5379 2853/1/5379
f 2645/1/5380 2218/1/5380 2853/1/5380
f 2218/1/5381 3089/1/5381 2394/1/5381
f 3089/1/5382 771/1/5382 2394/1/5382
f 2394/1/5383 1989/1/5383 2218/1/5383
f 1564/1/5384 2857/1/5384 1878/1/5384
f 1990/1/5385 3300/1/5385 2857/1/5385
f 3300/1/5386 1878/1/5386 2857/1/5386
f 954/1/5387 2687/1/5387 1990/1/5387
f 2687/1/5388 3424/1/5388 3300/1/5388
f 3424/1/5389 1878/1/5389 3300/1/5389
f 3300/1/5390 1990/1/5390 2687/1/5390
f 1855/1/5391 2858/1/5391 2686/1/5391
f 1878/1/5392 3423/1/5392 2858/1/5392
f 3423/1/5393 2686/1/5393 2858/1/5393
f 2686/1/5394 964/1/5394 1855/1/5394
f 1878/1/5395 2858/1/5395 1564/1/5395
f 1855/1/5396 2651/1/5396 2858/1/5396
f 2651/1/5397 1564/1/5397 2858/1/5397
f 1990/1/5398 2395/1/5398 954/1/5398
f 2395/1/5399 768/1/5399 954/1/5399
f 1990/1/5400 2857/1/5400 2221/1/5400
f 1564/1/5401 2650/1/5401 2857/1/5401
f 2650/1/5402 2221/1/5402 2857/1/5402
f 2221/1/5403 3092/1/5403 2395/1/5403
f 3092/1/5404 768/1/5404 2395/1/5404
f 2395/1/5405 1990/1/5405 2221/1/5405
f 770/1/5406 973/1/5406 954/1/5406
f 533/1/5407 817/1/5407 794/1/5407
f 913/1/5408 775/1/5408 283/1/5408
f 776/1/5409 1991/1/5409 769/1/5409
f 1991/1/5410 2859/1/5410 2396/1/5410
f 1565/1/5411 3301/1/5411 2859/1/5411
f 3301/1/5412 2396/1/5412 2859/1/5412
f 2396/1/5413 769/1/5413 1991/1/5413
f 1565/1/5414 2860/1/5414 1854/1/5414
f 2397/1/5415 3302/1/5415 2860/1/5415
f 3302/1/5416 1854/1/5416 2860/1/5416
f 2397/1/5417 3095/1/5417 2649/1/5417
f 768/1/5418 3416/1/5418 3095/1/5418
f 3416/1/5419 2649/1/5419 3095/1/5419
f 2649/1/5420 3415/1/5420 3302/1/5420
f 3415/1/5421 1854/1/5421 3302/1/5421
f 3302/1/5422 2397/1/5422 2649/1/5422
f 2396/1/5423 2861/1/5423 2648/1/5423
f 1854/1/5424 3414/1/5424 2861/1/5424
f 3414/1/5425 2648/1/5425 2861/1/5425
f 2648/1/5426 769/1/5426 2396/1/5426
f 1854/1/5427 2861/1/5427 1565/1/5427
f 2396/1/5428 3301/1/5428 2861/1/5428
f 3301/1/5429 1565/1/5429 2861/1/5429
f 1683/1/5430 2862/1/5430 1692/1/5430
f 1992/1/5431 3303/1/5431 2862/1/5431
f 3303/1/5432 1692/1/5432 2862/1/5432
f 897/1/5433 2409/1/5433 1992/1/5433
f 2409/1/5434 2873/1/5434 3303/1/5434
f 2873/1/5435 1692/1/5435 3303/1/5435
f 3303/1/5436 1992/1/5436 2409/1/5436
f 2398/1/5437 2863/1/5437 1999/1/5437
f 1692/1/5438 2872/1/5438 2863/1/5438
f 2872/1/5439 1999/1/5439 2863/1/5439
f 1999/1/5440 890/1/5440 2398/1/5440
f 1692/1/5441 2863/1/5441 1683/1/5441
f 2398/1/5442 3304/1/5442 2863/1/5442
f 3304/1/5443 1683/1/5443 2863/1/5443
f 897/1/5444 1992/1/5444 776/1/5444
f 1992/1/5445 2862/1/5445 2399/1/5445
f 1683/1/5446 3305/1/5446 2862/1/5446
f 3305/1/5447 2399/1/5447 2862/1/5447
f 2399/1/5448 776/1/5448 1992/1/5448
f 889/1/5449 774/1/5449 775/1/5449
f 787/1/5450 802/1/5450 531/1/5450
f 771/1/5451 914/1/5451 429/1/5451
f 1566/1/5452 3306/1/5452 2864/1/5452
f 3306/1/5453 2400/1/5453 2864/1/5453
f 2864/1/5454 3307/1/5454 1566/1/5454
f 3307/1/5455 1687/1/5455 1566/1/5455
f 905/1/5456 2406/1/5456 2400/1/5456
f 2406/1/5457 2868/1/5457 2864/1/5457
f 1687/1/5458 3307/1/5458 2868/1/5458
f 3307/1/5459 2864/1/5459 2868/1/5459
f 2864/1/5460 2400/1/5460 2406/1/5460
f 1857/1/5461 2865/1/5461 1996/1/5461
f 1687/1/5462 2867/1/5462 2865/1/5462
f 2867/1/5463 1996/1/5463 2865/1/5463
f 1996/1/5464 914/1/5464 1857/1/5464
f 1687/1/5465 2865/1/5465 1566/1/5465
f 1857/1/5466 2656/1/5466 2865/1/5466
f 2656/1/5467 1566/1/5467 2865/1/5467
f 905/1/5468 2400/1/5468 1993/1/5468
f 2400/1/5469 3306/1/5469 2655/1/5469
f 3306/1/5470 1566/1/5470 2655/1/5470
f 2655/1/5471 1993/1/5471 2400/1/5471
f 1993/1/5472 2401/1/5472 905/1/5472
f 2401/1/5473 770/1/5473 905/1/5473
f 890/1/5474 905/1/5474 770/1/5474
f 776/1/5475 769/1/5475 946/1/5475
f 769/1/5476 780/1/5476 931/1/5476
f 946/1/5477 769/1/5477 931/1/5477
f 780/1/5478 779/1/5478 777/1/5478
f 777/1/5479 922/1/5479 938/1/5479
f 938/1/5480 931/1/5480 780/1/5480
f 946/1/5481 897/1/5481 776/1/5481
f 809/1/5482 801/1/5482 818/1/5482
f 801/1/5483 922/1/5483 777/1/5483
f 818/1/5484 801/1/5484 793/1/5484
f 777/1/5485 779/1/5485 793/1/5485
f 818/1/5486 826/1/5486 834/1/5486
f 834/1/5487 842/1/5487 874/1/5487
f 842/1/5488 850/1/5488 866/1/5488
f 850/1/5489 858/1/5489 866/1/5489
f 866/1/5490 874/1/5490 842/1/5490
f 874/1/5491 881/1/5491 809/1/5491
f 834/1/5492 874/1/5492 809/1/5492
f 777/1/5493 793/1/5493 801/1/5493
f 810/1/5494 882/1/5494 534/1/5494
f 963/1/5495 772/1/5495 523/1/5495
f 541/1/5496 825/1/5496 817/1/5496
f 802/1/5497 810/1/5497 532/1/5497
f 542/1/5498 530/1/5498 794/1/5498
f 882/1/5499 873/1/5499 535/1/5499
f 873/1/5500 865/1/5500 536/1/5500
f 865/1/5501 857/1/5501 537/1/5501
f 857/1/5502 849/1/5502 538/1/5502
f 538/1/5503 849/1/5503 841/1/5503
f 539/1/5504 841/1/5504 833/1/5504
f 540/1/5505 833/1/5505 825/1/5505
f 801/1/5506 803/1/5506 788/1/5506
f 788/1/5507 803/1/5507 804/1/5507
f 789/1/5508 804/1/5508 805/1/5508
f 790/1/5509 805/1/5509 806/1/5509
f 791/1/5510 806/1/5510 807/1/5510
f 923/1/5511 807/1/5511 808/1/5511
f 792/1/5512 808/1/5512 802/1/5512
f 809/1/5513 811/1/5513 803/1/5513
f 811/1/5514 812/1/5514 804/1/5514
f 812/1/5515 813/1/5515 805/1/5515
f 813/1/5516 814/1/5516 806/1/5516
f 814/1/5517 815/1/5517 807/1/5517
f 807/1/5518 815/1/5518 816/1/5518
f 808/1/5519 816/1/5519 810/1/5519
f 778/1/5520 794/1/5520 800/1/5520
f 781/1/5521 800/1/5521 799/1/5521
f 782/1/5522 799/1/5522 798/1/5522
f 783/1/5523 798/1/5523 797/1/5523
f 784/1/5524 797/1/5524 796/1/5524
f 785/1/5525 796/1/5525 795/1/5525
f 786/1/5526 795/1/5526 793/1/5526
f 794/1/5527 817/1/5527 819/1/5527
f 800/1/5528 819/1/5528 820/1/5528
f 799/1/5529 820/1/5529 821/1/5529
f 798/1/5530 821/1/5530 822/1/5530
f 797/1/5531 822/1/5531 823/1/5531
f 796/1/5532 823/1/5532 824/1/5532
f 795/1/5533 824/1/5533 818/1/5533
f 817/1/5534 825/1/5534 827/1/5534
f 819/1/5535 827/1/5535 828/1/5535
f 820/1/5536 828/1/5536 829/1/5536
f 821/1/5537 829/1/5537 830/1/5537
f 822/1/5538 830/1/5538 831/1/5538
f 823/1/5539 831/1/5539 832/1/5539
f 824/1/5540 832/1/5540 826/1/5540
f 833/1/5541 835/1/5541 827/1/5541
f 835/1/5542 836/1/5542 828/1/5542
f 836/1/5543 837/1/5543 829/1/5543
f 837/1/5544 838/1/5544 830/1/5544
f 838/1/5545 839/1/5545 831/1/5545
f 839/1/5546 840/1/5546 832/1/5546
f 840/1/5547 834/1/5547 826/1/5547
f 833/1/5548 841/1/5548 843/1/5548
f 835/1/5549 843/1/5549 844/1/5549
f 836/1/5550 844/1/5550 845/1/5550
f 837/1/5551 845/1/5551 846/1/5551
f 838/1/5552 846/1/5552 847/1/5552
f 839/1/5553 847/1/5553 848/1/5553
f 840/1/5554 848/1/5554 842/1/5554
f 841/1/5555 849/1/5555 851/1/5555
f 843/1/5556 851/1/5556 852/1/5556
f 844/1/5557 852/1/5557 853/1/5557
f 845/1/5558 853/1/5558 854/1/5558
f 846/1/5559 854/1/5559 855/1/5559
f 847/1/5560 855/1/5560 856/1/5560
f 848/1/5561 856/1/5561 850/1/5561
f 849/1/5562 857/1/5562 859/1/5562
f 851/1/5563 859/1/5563 860/1/5563
f 852/1/5564 860/1/5564 861/1/5564
f 853/1/5565 861/1/5565 862/1/5565
f 854/1/5566 862/1/5566 863/1/5566
f 855/1/5567 863/1/5567 864/1/5567
f 856/1/5568 864/1/5568 858/1/5568
f 865/1/5569 867/1/5569 859/1/5569
f 867/1/5570 868/1/5570 860/1/5570
f 868/1/5571 869/1/5571 861/1/5571
f 869/1/5572 870/1/5572 862/1/5572
f 870/1/5573 871/1/5573 863/1/5573
f 871/1/5574 872/1/5574 864/1/5574
f 872/1/5575 866/1/5575 858/1/5575
f 873/1/5576 875/1/5576 867/1/5576
f 875/1/5577 876/1/5577 868/1/5577
f 876/1/5578 877/1/5578 869/1/5578
f 877/1/5579 878/1/5579 870/1/5579
f 878/1/5580 879/1/5580 871/1/5580
f 879/1/5581 880/1/5581 872/1/5581
f 880/1/5582 874/1/5582 866/1/5582
f 873/1/5583 882/1/5583 888/1/5583
f 875/1/5584 888/1/5584 887/1/5584
f 876/1/5585 887/1/5585 886/1/5585
f 877/1/5586 886/1/5586 885/1/5586
f 878/1/5587 885/1/5587 884/1/5587
f 879/1/5588 884/1/5588 883/1/5588
f 880/1/5589 883/1/5589 881/1/5589
f 809/1/5590 881/1/5590 883/1/5590
f 811/1/5591 883/1/5591 884/1/5591
f 812/1/5592 884/1/5592 885/1/5592
f 813/1/5593 885/1/5593 886/1/5593
f 814/1/5594 886/1/5594 887/1/5594
f 815/1/5595 887/1/5595 888/1/5595
f 816/1/5596 888/1/5596 882/1/5596
f 913/1/5597 915/1/5597 912/1/5597
f 915/1/5598 916/1/5598 911/1/5598
f 916/1/5599 917/1/5599 910/1/5599
f 918/1/5600 1684/1/5600 917/1/5600
f 1684/1/5601 910/1/5601 917/1/5601
f 1994/1/5602 2402/1/5602 919/1/5602
f 2402/1/5603 918/1/5603 919/1/5603
f 918/1/5604 2402/1/5604 1685/1/5604
f 2402/1/5605 1994/1/5605 1685/1/5605
f 909/1/5606 1567/1/5606 1685/1/5606
f 1567/1/5607 918/1/5607 1685/1/5607
f 920/1/5608 1995/1/5608 919/1/5608
f 1995/1/5609 2866/1/5609 2403/1/5609
f 1686/1/5610 3308/1/5610 2866/1/5610
f 3308/1/5611 2403/1/5611 2866/1/5611
f 2403/1/5612 919/1/5612 1995/1/5612
f 908/1/5613 1568/1/5613 1686/1/5613
f 1568/1/5614 2657/1/5614 1686/1/5614
f 2657/1/5615 2225/1/5615 1686/1/5615
f 919/1/5616 2403/1/5616 2225/1/5616
f 2403/1/5617 3308/1/5617 2225/1/5617
f 3308/1/5618 1686/1/5618 2225/1/5618
f 1996/1/5619 2404/1/5619 914/1/5619
f 2404/1/5620 920/1/5620 914/1/5620
f 1996/1/5621 2867/1/5621 2405/1/5621
f 1687/1/5622 3309/1/5622 2867/1/5622
f 3309/1/5623 2405/1/5623 2867/1/5623
f 920/1/5624 2404/1/5624 2405/1/5624
f 2404/1/5625 1996/1/5625 2405/1/5625
f 1687/1/5626 2868/1/5626 1570/1/5626
f 2406/1/5627 3310/1/5627 2868/1/5627
f 3310/1/5628 1570/1/5628 2868/1/5628
f 905/1/5629 1858/1/5629 2406/1/5629
f 1858/1/5630 2228/1/5630 3310/1/5630
f 2228/1/5631 1570/1/5631 3310/1/5631
f 3310/1/5632 2406/1/5632 1858/1/5632
f 2405/1/5633 2869/1/5633 2227/1/5633
f 1570/1/5634 2659/1/5634 2869/1/5634
f 2659/1/5635 2227/1/5635 2869/1/5635
f 2227/1/5636 920/1/5636 2405/1/5636
f 1570/1/5637 2869/1/5637 1687/1/5637
f 2405/1/5638 3309/1/5638 2869/1/5638
f 3309/1/5639 1687/1/5639 2869/1/5639
f 889/1/5640 891/1/5640 904/1/5640
f 891/1/5641 892/1/5641 903/1/5641
f 893/1/5642 1997/1/5642 892/1/5642
f 1997/1/5643 1688/1/5643 892/1/5643
f 1688/1/5644 902/1/5644 892/1/5644
f 1689/1/5645 1998/1/5645 894/1/5645
f 1998/1/5646 893/1/5646 894/1/5646
f 1689/1/5647 2232/1/5647 1571/1/5647
f 2232/1/5648 3104/1/5648 1859/1/5648
f 901/1/5649 2231/1/5649 3104/1/5649
f 2231/1/5650 1859/1/5650 3104/1/5650
f 1859/1/5651 1571/1/5651 2232/1/5651
f 1571/1/5652 2230/1/5652 1689/1/5652
f 893/1/5653 1998/1/5653 2230/1/5653
f 1998/1/5654 1689/1/5654 2230/1/5654
f 895/1/5655 1690/1/5655 894/1/5655
f 1690/1/5656 2870/1/5656 1572/1/5656
f 2235/1/5657 3311/1/5657 2870/1/5657
f 3311/1/5658 1572/1/5658 2870/1/5658
f 2235/1/5659 3106/1/5659 1860/1/5659
f 900/1/5660 2234/1/5660 3106/1/5660
f 2234/1/5661 1860/1/5661 3106/1/5661
f 1860/1/5662 2662/1/5662 2235/1/5662
f 1572/1/5663 3311/1/5663 2662/1/5663
f 3311/1/5664 2235/1/5664 2662/1/5664
f 1572/1/5665 894/1/5665 1690/1/5665
f 896/1/5666 1691/1/5666 895/1/5666
f 2871/1/5667 3312/1/5667 1691/1/5667
f 3312/1/5668 1573/1/5668 1691/1/5668
f 2407/1/5669 3313/1/5669 2871/1/5669
f 3313/1/5670 3471/1/5670 2871/1/5670
f 1573/1/5671 3312/1/5671 3471/1/5671
f 3312/1/5672 2871/1/5672 3471/1/5672
f 899/1/5673 1861/1/5673 2407/1/5673
f 1861/1/5674 2665/1/5674 2407/1/5674
f 1573/1/5675 3471/1/5675 2665/1/5675
f 3471/1/5676 3313/1/5676 2665/1/5676
f 3313/1/5677 2407/1/5677 2665/1/5677
f 1573/1/5678 895/1/5678 1691/1/5678
f 890/1/5679 1999/1/5679 896/1/5679
f 2872/1/5680 3314/1/5680 1999/1/5680
f 3314/1/5681 2408/1/5681 1999/1/5681
f 1692/1/5682 3315/1/5682 2872/1/5682
f 2408/1/5683 3314/1/5683 3315/1/5683
f 3314/1/5684 2872/1/5684 3315/1/5684
f 2408/1/5685 896/1/5685 1999/1/5685
f 1692/1/5686 2873/1/5686 1574/1/5686
f 2409/1/5687 3316/1/5687 2873/1/5687
f 3316/1/5688 1574/1/5688 2873/1/5688
f 897/1/5689 1862/1/5689 2409/1/5689
f 1862/1/5690 3111/1/5690 2409/1/5690
f 1574/1/5691 3316/1/5691 3111/1/5691
f 3316/1/5692 2409/1/5692 3111/1/5692
f 2874/1/5693 3317/1/5693 2668/1/5693
f 1574/1/5694 3110/1/5694 3317/1/5694
f 3110/1/5695 2668/1/5695 3317/1/5695
f 2668/1/5696 2239/1/5696 2874/1/5696
f 1574/1/5697 3317/1/5697 1692/1/5697
f 3317/1/5698 2874/1/5698 1692/1/5698
f 896/1/5699 2408/1/5699 2239/1/5699
f 2408/1/5700 3315/1/5700 2874/1/5700
f 3315/1/5701 1692/1/5701 2874/1/5701
f 2874/1/5702 2239/1/5702 2408/1/5702
f 906/1/5703 912/1/5703 891/1/5703
f 912/1/5704 911/1/5704 892/1/5704
f 911/1/5705 910/1/5705 893/1/5705
f 910/1/5706 909/1/5706 894/1/5706
f 909/1/5707 908/1/5707 895/1/5707
f 908/1/5708 907/1/5708 896/1/5708
f 907/1/5709 905/1/5709 890/1/5709
f 430/1/5710 436/1/5710 915/1/5710
f 436/1/5711 435/1/5711 916/1/5711
f 435/1/5712 434/1/5712 917/1/5712
f 434/1/5713 433/1/5713 918/1/5713
f 433/1/5714 1642/1/5714 919/1/5714
f 1642/1/5715 432/1/5715 919/1/5715
f 432/1/5716 431/1/5716 920/1/5716
f 431/1/5717 429/1/5717 914/1/5717
f 938/1/5718 922/1/5718 929/1/5718
f 928/1/5719 2240/1/5719 2000/1/5719
f 2240/1/5720 1576/1/5720 2000/1/5720
f 2000/1/5721 929/1/5721 928/1/5721
f 929/1/5722 2000/1/5722 940/1/5722
f 2000/1/5723 1576/1/5723 940/1/5723
f 1693/1/5724 2410/1/5724 1863/1/5724
f 2410/1/5725 927/1/5725 1863/1/5725
f 1863/1/5726 1577/1/5726 1693/1/5726
f 1577/1/5727 941/1/5727 1693/1/5727
f 927/1/5728 2410/1/5728 2001/1/5728
f 2410/1/5729 1693/1/5729 2001/1/5729
f 2001/1/5730 928/1/5730 927/1/5730
f 942/1/5731 927/1/5731 926/1/5731
f 943/1/5732 926/1/5732 925/1/5732
f 944/1/5733 925/1/5733 924/1/5733
f 945/1/5734 924/1/5734 921/1/5734
f 948/1/5735 1578/1/5735 937/1/5735
f 931/1/5736 1865/1/5736 1578/1/5736
f 1865/1/5737 937/1/5737 1578/1/5737
f 937/1/5738 936/1/5738 949/1/5738
f 949/1/5739 936/1/5739 935/1/5739
f 950/1/5740 935/1/5740 934/1/5740
f 951/1/5741 934/1/5741 933/1/5741
f 952/1/5742 933/1/5742 932/1/5742
f 953/1/5743 932/1/5743 930/1/5743
f 937/1/5744 1579/1/5744 940/1/5744
f 938/1/5745 1575/1/5745 1579/1/5745
f 1575/1/5746 940/1/5746 1579/1/5746
f 940/1/5747 941/1/5747 936/1/5747
f 941/1/5748 942/1/5748 935/1/5748
f 942/1/5749 943/1/5749 934/1/5749
f 943/1/5750 944/1/5750 933/1/5750
f 944/1/5751 945/1/5751 932/1/5751
f 945/1/5752 939/1/5752 930/1/5752
f 946/1/5753 1864/1/5753 1580/1/5753
f 1864/1/5754 948/1/5754 1580/1/5754
f 1580/1/5755 899/1/5755 946/1/5755
f 949/1/5756 1581/1/5756 948/1/5756
f 1581/1/5757 1868/1/5757 1867/1/5757
f 900/1/5758 2670/1/5758 1868/1/5758
f 2670/1/5759 1867/1/5759 1868/1/5759
f 1867/1/5760 948/1/5760 1581/1/5760
f 950/1/5761 1582/1/5761 949/1/5761
f 1582/1/5762 2243/1/5762 1869/1/5762
f 901/1/5763 2672/1/5763 2243/1/5763
f 2672/1/5764 1869/1/5764 2243/1/5764
f 1869/1/5765 949/1/5765 1582/1/5765
f 950/1/5766 951/1/5766 902/1/5766
f 951/1/5767 952/1/5767 903/1/5767
f 952/1/5768 953/1/5768 904/1/5768
f 953/1/5769 947/1/5769 898/1/5769
f 983/1/5770 2247/1/5770 2002/1/5770
f 2247/1/5771 3114/1/5771 2875/1/5771
f 3114/1/5772 1583/1/5772 2875/1/5772
f 2875/1/5773 2002/1/5773 2247/1/5773
f 2002/1/5774 981/1/5774 983/1/5774
f 1583/1/5775 3112/1/5775 2876/1/5775
f 3112/1/5776 2245/1/5776 2876/1/5776
f 2876/1/5777 1988/1/5777 1583/1/5777
f 973/1/5778 2855/1/5778 2245/1/5778
f 2855/1/5779 3470/1/5779 2876/1/5779
f 3470/1/5780 1988/1/5780 2876/1/5780
f 2876/1/5781 2245/1/5781 2855/1/5781
f 2002/1/5782 3318/1/5782 2854/1/5782
f 1988/1/5783 3469/1/5783 3318/1/5783
f 3469/1/5784 2854/1/5784 3318/1/5784
f 2854/1/5785 981/1/5785 2002/1/5785
f 1988/1/5786 3318/1/5786 2875/1/5786
f 3318/1/5787 2002/1/5787 2875/1/5787
f 2875/1/5788 1583/1/5788 1988/1/5788
f 2877/1/5789 3319/1/5789 1694/1/5789
f 1584/1/5790 3472/1/5790 3319/1/5790
f 3472/1/5791 1694/1/5791 3319/1/5791
f 2003/1/5792 3320/1/5792 2877/1/5792
f 1584/1/5793 3319/1/5793 3320/1/5793
f 3319/1/5794 2877/1/5794 3320/1/5794
f 984/1/5795 2250/1/5795 2003/1/5795
f 2250/1/5796 3121/1/5796 3320/1/5796
f 3121/1/5797 1584/1/5797 3320/1/5797
f 3320/1/5798 2003/1/5798 2250/1/5798
f 2411/1/5799 2878/1/5799 2248/1/5799
f 1584/1/5800 3118/1/5800 2878/1/5800
f 3118/1/5801 2248/1/5801 2878/1/5801
f 2248/1/5802 3117/1/5802 3321/1/5802
f 3117/1/5803 980/1/5803 3321/1/5803
f 3321/1/5804 2411/1/5804 2248/1/5804
f 2878/1/5805 3322/1/5805 1584/1/5805
f 1694/1/5806 3472/1/5806 3322/1/5806
f 3472/1/5807 1584/1/5807 3322/1/5807
f 2411/1/5808 3323/1/5808 2878/1/5808
f 1694/1/5809 3322/1/5809 3323/1/5809
f 3322/1/5810 2878/1/5810 3323/1/5810
f 983/1/5811 1887/1/5811 2003/1/5811
f 1887/1/5812 984/1/5812 2003/1/5812
f 2003/1/5813 2877/1/5813 2412/1/5813
f 1694/1/5814 3324/1/5814 2877/1/5814
f 3324/1/5815 2412/1/5815 2877/1/5815
f 2412/1/5816 983/1/5816 2003/1/5816
f 985/1/5817 1585/1/5817 1695/1/5817
f 2413/1/5818 3325/1/5818 1873/1/5818
f 1585/1/5819 2681/1/5819 3325/1/5819
f 2681/1/5820 1873/1/5820 3325/1/5820
f 1873/1/5821 2680/1/5821 3326/1/5821
f 2680/1/5822 979/1/5822 3326/1/5822
f 3326/1/5823 2413/1/5823 1873/1/5823
f 1585/1/5824 3325/1/5824 2879/1/5824
f 3325/1/5825 2413/1/5825 2879/1/5825
f 2879/1/5826 1695/1/5826 1585/1/5826
f 1695/1/5827 2414/1/5827 985/1/5827
f 2414/1/5828 2004/1/5828 985/1/5828
f 2004/1/5829 984/1/5829 985/1/5829
f 986/1/5830 1586/1/5830 1696/1/5830
f 2415/1/5831 3327/1/5831 2683/1/5831
f 3327/1/5832 1586/1/5832 2683/1/5832
f 2683/1/5833 1874/1/5833 2415/1/5833
f 1874/1/5834 978/1/5834 2415/1/5834
f 1586/1/5835 3327/1/5835 2880/1/5835
f 3327/1/5836 2415/1/5836 2880/1/5836
f 2880/1/5837 1696/1/5837 1586/1/5837
f 1696/1/5838 985/1/5838 986/1/5838
f 2257/1/5839 2881/1/5839 2005/1/5839
f 2881/1/5840 1697/1/5840 2005/1/5840
f 2005/1/5841 987/1/5841 2257/1/5841
f 1587/1/5842 3328/1/5842 2881/1/5842
f 3328/1/5843 1697/1/5843 2881/1/5843
f 2881/1/5844 2257/1/5844 1587/1/5844
f 2255/1/5845 2882/1/5845 1875/1/5845
f 2882/1/5846 1587/1/5846 1875/1/5846
f 1875/1/5847 977/1/5847 2255/1/5847
f 1697/1/5848 3328/1/5848 2882/1/5848
f 3328/1/5849 1587/1/5849 2882/1/5849
f 2882/1/5850 2255/1/5850 1697/1/5850
f 987/1/5851 2005/1/5851 986/1/5851
f 2005/1/5852 1697/1/5852 986/1/5852
f 1588/1/5853 3329/1/5853 2883/1/5853
f 3329/1/5854 1698/1/5854 2883/1/5854
f 2883/1/5855 2416/1/5855 1588/1/5855
f 2416/1/5856 988/1/5856 1588/1/5856
f 2258/1/5857 2884/1/5857 1876/1/5857
f 2884/1/5858 1588/1/5858 1876/1/5858
f 1876/1/5859 976/1/5859 2258/1/5859
f 1698/1/5860 3329/1/5860 2884/1/5860
f 3329/1/5861 1588/1/5861 2884/1/5861
f 2884/1/5862 2258/1/5862 1698/1/5862
f 2416/1/5863 3330/1/5863 2885/1/5863
f 3330/1/5864 2006/1/5864 2885/1/5864
f 2885/1/5865 988/1/5865 2416/1/5865
f 2006/1/5866 3330/1/5866 2883/1/5866
f 3330/1/5867 2416/1/5867 2883/1/5867
f 2883/1/5868 1698/1/5868 2006/1/5868
f 987/1/5869 2417/1/5869 2006/1/5869
f 988/1/5870 2885/1/5870 2417/1/5870
f 2885/1/5871 2006/1/5871 2417/1/5871
f 989/1/5872 1589/1/5872 1699/1/5872
f 1589/1/5873 1877/1/5873 1699/1/5873
f 1877/1/5874 975/1/5874 1699/1/5874
f 988/1/5875 2418/1/5875 1699/1/5875
f 2418/1/5876 2007/1/5876 1699/1/5876
f 2007/1/5877 989/1/5877 1699/1/5877
f 974/1/5878 989/1/5878 982/1/5878
f 1590/1/5879 2886/1/5879 1591/1/5879
f 2008/1/5880 3331/1/5880 2886/1/5880
f 3331/1/5881 1591/1/5881 2886/1/5881
f 2008/1/5882 2419/1/5882 2266/1/5882
f 956/1/5883 3137/1/5883 2419/1/5883
f 3137/1/5884 2266/1/5884 2419/1/5884
f 2266/1/5885 3135/1/5885 3331/1/5885
f 3135/1/5886 1591/1/5886 3331/1/5886
f 3331/1/5887 2008/1/5887 2266/1/5887
f 2263/1/5888 2887/1/5888 2264/1/5888
f 1591/1/5889 3134/1/5889 2887/1/5889
f 3134/1/5890 2264/1/5890 2887/1/5890
f 2264/1/5891 3133/1/5891 3131/1/5891
f 3133/1/5892 971/1/5892 3131/1/5892
f 3131/1/5893 2263/1/5893 2264/1/5893
f 1591/1/5894 2887/1/5894 1590/1/5894
f 2263/1/5895 3130/1/5895 2887/1/5895
f 3130/1/5896 1590/1/5896 2887/1/5896
f 956/1/5897 2419/1/5897 954/1/5897
f 2419/1/5898 2008/1/5898 954/1/5898
f 2886/1/5899 3332/1/5899 2008/1/5899
f 3332/1/5900 2261/1/5900 2008/1/5900
f 1590/1/5901 3129/1/5901 2886/1/5901
f 2261/1/5902 3332/1/5902 3129/1/5902
f 3332/1/5903 2886/1/5903 3129/1/5903
f 2261/1/5904 954/1/5904 2008/1/5904
f 2888/1/5905 3334/1/5905 3333/1/5905
f 3334/1/5906 1700/1/5906 3333/1/5906
f 2420/1/5907 3473/1/5907 3333/1/5907
f 3473/1/5908 2888/1/5908 3333/1/5908
f 3334/1/5909 3474/1/5909 3337/1/5909
f 3474/1/5910 1592/1/5910 3337/1/5910
f 3337/1/5911 1700/1/5911 3334/1/5911
f 1592/1/5912 3474/1/5912 2888/1/5912
f 3474/1/5913 3334/1/5913 2888/1/5913
f 2420/1/5914 3335/1/5914 2269/1/5914
f 957/1/5915 3142/1/5915 3335/1/5915
f 3142/1/5916 2269/1/5916 3335/1/5916
f 2269/1/5917 3141/1/5917 2888/1/5917
f 3141/1/5918 1592/1/5918 2888/1/5918
f 2888/1/5919 3473/1/5919 2269/1/5919
f 3473/1/5920 2420/1/5920 2269/1/5920
f 2421/1/5921 2889/1/5921 1881/1/5921
f 1592/1/5922 2694/1/5922 2889/1/5922
f 2694/1/5923 1881/1/5923 2889/1/5923
f 1881/1/5924 2693/1/5924 3336/1/5924
f 2693/1/5925 970/1/5925 3336/1/5925
f 3336/1/5926 2421/1/5926 1881/1/5926
f 1700/1/5927 3337/1/5927 2889/1/5927
f 3337/1/5928 1592/1/5928 2889/1/5928
f 2421/1/5929 3338/1/5929 2889/1/5929
f 3338/1/5930 1700/1/5930 2889/1/5930
f 2009/1/5931 2422/1/5931 2420/1/5931
f 2422/1/5932 3340/1/5932 3335/1/5932
f 3340/1/5933 957/1/5933 3335/1/5933
f 3335/1/5934 2420/1/5934 2422/1/5934
f 2420/1/5935 3333/1/5935 2890/1/5935
f 3333/1/5936 1700/1/5936 2890/1/5936
f 2890/1/5937 2009/1/5937 2420/1/5937
f 2422/1/5938 3339/1/5938 2701/1/5938
f 3339/1/5939 3475/1/5939 3428/1/5939
f 3475/1/5940 956/1/5940 3428/1/5940
f 3428/1/5941 2701/1/5941 3339/1/5941
f 2701/1/5942 3427/1/5942 3340/1/5942
f 3427/1/5943 957/1/5943 3340/1/5943
f 3340/1/5944 2422/1/5944 2701/1/5944
f 2009/1/5945 2891/1/5945 2422/1/5945
f 956/1/5946 3475/1/5946 2891/1/5946
f 3475/1/5947 3339/1/5947 2891/1/5947
f 3339/1/5948 2422/1/5948 2891/1/5948
f 2423/1/5949 2892/1/5949 1701/1/5949
f 2892/1/5950 1593/1/5950 1701/1/5950
f 958/1/5951 2271/1/5951 2423/1/5951
f 2271/1/5952 2699/1/5952 2892/1/5952
f 2699/1/5953 1593/1/5953 2892/1/5953
f 2892/1/5954 2423/1/5954 2271/1/5954
f 1593/1/5955 2697/1/5955 2424/1/5955
f 2697/1/5956 1882/1/5956 2424/1/5956
f 1882/1/5957 969/1/5957 2424/1/5957
f 2424/1/5958 2893/1/5958 1593/1/5958
f 2893/1/5959 1701/1/5959 1593/1/5959
f 2423/1/5960 2894/1/5960 958/1/5960
f 2894/1/5961 2010/1/5961 958/1/5961
f 1701/1/5962 2895/1/5962 2423/1/5962
f 2010/1/5963 2894/1/5963 2895/1/5963
f 2894/1/5964 2423/1/5964 2895/1/5964
f 2010/1/5965 2425/1/5965 958/1/5965
f 957/1/5966 2017/1/5966 2425/1/5966
f 2017/1/5967 958/1/5967 2425/1/5967
f 1702/1/5968 2426/1/5968 2272/1/5968
f 2426/1/5969 959/1/5969 2272/1/5969
f 2272/1/5970 1594/1/5970 1702/1/5970
f 1594/1/5971 968/1/5971 1702/1/5971
f 959/1/5972 2426/1/5972 2011/1/5972
f 2426/1/5973 1702/1/5973 2011/1/5973
f 2011/1/5974 958/1/5974 959/1/5974
f 1703/1/5975 2427/1/5975 2273/1/5975
f 2427/1/5976 960/1/5976 2273/1/5976
f 2273/1/5977 1595/1/5977 1703/1/5977
f 1595/1/5978 967/1/5978 1703/1/5978
f 960/1/5979 2427/1/5979 2012/1/5979
f 2427/1/5980 1703/1/5980 2012/1/5980
f 2012/1/5981 959/1/5981 960/1/5981
f 961/1/5982 1596/1/5982 1704/1/5982
f 1596/1/5983 966/1/5983 1704/1/5983
f 1704/1/5984 2013/1/5984 961/1/5984
f 960/1/5985 2703/1/5985 2013/1/5985
f 2703/1/5986 2275/1/5986 2013/1/5986
f 2275/1/5987 961/1/5987 2013/1/5987
f 961/1/5988 2014/1/5988 965/1/5988
f 2014/1/5989 1705/1/5989 965/1/5989
f 1705/1/5990 962/1/5990 965/1/5990
f 962/1/5991 955/1/5991 963/1/5991
f 954/1/5992 973/1/5992 980/1/5992
f 2428/1/5993 2896/1/5993 2015/1/5993
f 2896/1/5994 979/1/5994 2015/1/5994
f 2428/1/5995 3341/1/5995 2676/1/5995
f 980/1/5996 3422/1/5996 3341/1/5996
f 3422/1/5997 2676/1/5997 3341/1/5997
f 2676/1/5998 3421/1/5998 2896/1/5998
f 3421/1/5999 979/1/5999 2896/1/5999
f 2896/1/6000 2428/1/6000 2676/1/6000
f 1597/1/6001 2429/1/6001 2015/1/6001
f 980/1/6002 3341/1/6002 2429/1/6002
f 3341/1/6003 2428/1/6003 2429/1/6003
f 2428/1/6004 2015/1/6004 2429/1/6004
f 980/1/6005 2429/1/6005 2016/1/6005
f 2429/1/6006 1597/1/6006 2016/1/6006
f 2016/1/6007 956/1/6007 980/1/6007
f 958/1/6008 2017/1/6008 1706/1/6008
f 2017/1/6009 957/1/6009 1706/1/6009
f 1706/1/6010 991/1/6010 958/1/6010
f 979/1/6011 1598/1/6011 957/1/6011
f 991/1/6012 1706/1/6012 1598/1/6012
f 1706/1/6013 957/1/6013 1598/1/6013
f 959/1/6014 958/1/6014 991/1/6014
f 991/1/6015 978/1/6015 977/1/6015
f 959/1/6016 977/1/6016 976/1/6016
f 1599/1/6017 2018/1/6017 975/1/6017
f 976/1/6018 2259/1/6018 2018/1/6018
f 2259/1/6019 975/1/6019 2018/1/6019
f 976/1/6020 2018/1/6020 1885/1/6020
f 2018/1/6021 1599/1/6021 1885/1/6021
f 1885/1/6022 960/1/6022 976/1/6022
f 1600/1/6023 2019/1/6023 974/1/6023
f 975/1/6024 2684/1/6024 2019/1/6024
f 2684/1/6025 2260/1/6025 2019/1/6025
f 2260/1/6026 974/1/6026 2019/1/6026
f 975/1/6027 2019/1/6027 1886/1/6027
f 2019/1/6028 1600/1/6028 1886/1/6028
f 1886/1/6029 961/1/6029 975/1/6029
f 962/1/6030 974/1/6030 972/1/6030
f 981/1/6031 507/1/6031 514/1/6031
f 514/1/6032 1791/1/6032 1601/1/6032
f 1791/1/6033 513/1/6033 1601/1/6033
f 1601/1/6034 983/1/6034 514/1/6034
f 984/1/6035 513/1/6035 512/1/6035
f 985/1/6036 512/1/6036 511/1/6036
f 986/1/6037 511/1/6037 510/1/6037
f 510/1/6038 1793/1/6038 1602/1/6038
f 1793/1/6039 509/1/6039 1602/1/6039
f 1602/1/6040 1888/1/6040 510/1/6040
f 1888/1/6041 987/1/6041 510/1/6041
f 509/1/6042 1795/1/6042 1603/1/6042
f 1795/1/6043 508/1/6043 1603/1/6043
f 1603/1/6044 1889/1/6044 509/1/6044
f 1889/1/6045 2277/1/6045 509/1/6045
f 2277/1/6046 988/1/6046 509/1/6046
f 989/1/6047 508/1/6047 506/1/6047
f 971/1/6048 2897/1/6048 964/1/6048
f 2897/1/6049 2430/1/6049 964/1/6049
f 2430/1/6050 2020/1/6050 964/1/6050
f 2020/1/6051 1604/1/6051 964/1/6051
f 1604/1/6052 755/1/6052 964/1/6052
f 2431/1/6053 2899/1/6053 2898/1/6053
f 970/1/6054 3476/1/6054 2899/1/6054
f 3476/1/6055 2898/1/6055 2899/1/6055
f 2898/1/6056 2021/1/6056 2431/1/6056
f 2899/1/6057 3342/1/6057 970/1/6057
f 971/1/6058 2690/1/6058 3342/1/6058
f 2690/1/6059 970/1/6059 3342/1/6059
f 3343/1/6060 3477/1/6060 2431/1/6060
f 3477/1/6061 2899/1/6061 2431/1/6061
f 971/1/6062 3342/1/6062 3343/1/6062
f 2899/1/6063 3477/1/6063 3342/1/6063
f 3477/1/6064 3343/1/6064 3342/1/6064
f 1605/1/6065 2432/1/6065 2021/1/6065
f 2432/1/6066 3344/1/6066 2431/1/6066
f 3344/1/6067 3494/1/6067 3343/1/6067
f 3494/1/6068 971/1/6068 3343/1/6068
f 3343/1/6069 2431/1/6069 3344/1/6069
f 2431/1/6070 2021/1/6070 2432/1/6070
f 1891/1/6071 2900/1/6071 1892/1/6071
f 2900/1/6072 1605/1/6072 1892/1/6072
f 1892/1/6073 757/1/6073 1891/1/6073
f 1891/1/6074 2706/1/6074 2432/1/6074
f 2706/1/6075 3431/1/6075 3344/1/6075
f 3431/1/6076 3503/1/6076 3494/1/6076
f 3503/1/6077 971/1/6077 3494/1/6077
f 3494/1/6078 3344/1/6078 3431/1/6078
f 3344/1/6079 2432/1/6079 2706/1/6079
f 1605/1/6080 2900/1/6080 2432/1/6080
f 2900/1/6081 1891/1/6081 2432/1/6081
f 759/1/6082 1894/1/6082 969/1/6082
f 1606/1/6083 2433/1/6083 1894/1/6083
f 2433/1/6084 969/1/6084 1894/1/6084
f 2022/1/6085 2434/1/6085 2433/1/6085
f 2434/1/6086 3345/1/6086 2433/1/6086
f 3345/1/6087 969/1/6087 2433/1/6087
f 2433/1/6088 1606/1/6088 2022/1/6088
f 969/1/6089 3345/1/6089 2901/1/6089
f 3345/1/6090 2434/1/6090 2901/1/6090
f 2901/1/6091 3346/1/6091 969/1/6091
f 3346/1/6092 970/1/6092 969/1/6092
f 2022/1/6093 2902/1/6093 2434/1/6093
f 2902/1/6094 3478/1/6094 2901/1/6094
f 970/1/6095 3346/1/6095 3478/1/6095
f 3346/1/6096 2901/1/6096 3478/1/6096
f 2901/1/6097 2434/1/6097 2902/1/6097
f 969/1/6098 968/1/6098 760/1/6098
f 968/1/6099 967/1/6099 761/1/6099
f 967/1/6100 966/1/6100 762/1/6100
f 966/1/6101 965/1/6101 763/1/6101
f 965/1/6102 963/1/6102 756/1/6102
f 773/1/6103 990/1/6103 764/1/6103
f 990/1/6104 516/1/6104 766/1/6104
o Grid.001
s 0
f 993/1/6105 1003/1/6105 992/1/6105
f 994/1/6106 1004/1/6106 993/1/6106
f 995/1/6107 1005/1/6107 994/1/6107
f 996/1/6108 1006/1/6108 995/1/6108
f 997/1/6109 1007/1/6109 996/1/6109
f 998/1/6110 1008/1/6110 997/1/6110
f 999/1/6111 1009/1/6111 998/1/6111
f 1000/1/6112 1010/1/6112 999/1/6112
f 1001/1/6113 1011/1/6113 1000/1/6113
f 1002/1/6114 1012/1/6114 1001/1/6114
f 1004/1/6115 1014/1/6115 1003/1/6115
f 1005/1/6116 1015/1/6116 1004/1/6116
f 1006/1/6117 1016/1/6117 1005/1/6117
f 1007/1/6118 1017/1/6118 1006/1/6118
f 1008/1/6119 1018/1/6119 1007/1/6119
f 1009/1/6120 1019/1/6120 1008/1/6120
f 1010/1/6121 1020/1/6121 1009/1/6121
f 1011/1/6122 1021/1/6122 1010/1/6122
f 1012/1/6123 1022/1/6123 1011/1/6123
f 1013/1/6124 1023/1/6124 1012/1/6124
f 1015/1/6125 1025/1/6125 1014/1/6125
f 1016/1/6126 1026/1/6126 1015/1/6126
f 1017/1/6127 1027/1/6127 1016/1/6127
f 1018/1/6128 1028/1/6128 1017/1/6128
f 1019/1/6129 1029/1/6129 1018/1/6129
f 1020/1/6130 1030/1/6130 1019/1/6130
f 1021/1/6131 1031/1/6131 1020/1/6131
f 1022/1/6132 1032/1/6132 1021/1/6132
f 1023/1/6133 1033/1/6133 1022/1/6133
f 1024/1/6134 1034/1/6134 1023/1/6134
f 1026/1/6135 1036/1/6135 1025/1/6135
f 1027/1/6136 1037/1/6136 1026/1/6136
f 1028/1/6137 1038/1/6137 1027/1/6137
f 1029/1/6138 1039/1/6138 1028/1/6138
f 1030/1/6139 1040/1/6139 1029/1/6139
f 1031/1/6140 1041/1/6140 1030/1/6140
f 1032/1/6141 1042/1/6141 1031/1/6141
f 1033/1/6142 1043/1/6142 1032/1/6142
f 1034/1/6143 1044/1/6143 1033/1/6143
f 1035/1/6144 1045/1/6144 1034/1/6144
f 1037/1/6145 1047/1/6145 1036/1/6145
f 1038/1/6146 1048/1/6146 1037/1/6146
f 1039/1/6147 1049/1/6147 1038/1/6147
f 1040/1/6148 1050/1/6148 1039/1/6148
f 1041/1/6149 1051/1/6149 1040/1/6149
f 1042/1/6150 1052/1/6150 1041/1/6150
f 1043/1/6151 1053/1/6151 1042/1/6151
f 1044/1/6152 1054/1/6152 1043/1/6152
f 1045/1/6153 1055/1/6153 1044/1/6153
f 1046/1/6154 1056/1/6154 1045/1/6154
f 1048/1/6155 1058/1/6155 1047/1/6155
f 1049/1/6156 1059/1/6156 1048/1/6156
f 1050/1/6157 1060/1/6157 1049/1/6157
f 1051/1/6158 1061/1/6158 1050/1/6158
f 1052/1/6159 1062/1/6159 1051/1/6159
f 1053/1/6160 1063/1/6160 1052/1/6160
f 1054/1/6161 1064/1/6161 1053/1/6161
f 1055/1/6162 1065/1/6162 1054/1/6162
f 1056/1/6163 1066/1/6163 1055/1/6163
f 1057/1/6164 1067/1/6164 1056/1/6164
f 1059/1/6165 1069/1/6165 1058/1/6165
f 1060/1/6166 1070/1/6166 1059/1/6166
f 1061/1/6167 1071/1/6167 1060/1/6167
f 1062/1/6168 1072/1/6168 1061/1/6168
f 1063/1/6169 1073/1/6169 1062/1/6169
f 1064/1/6170 1074/1/6170 1063/1/6170
f 1065/1/6171 1075/1/6171 1064/1/6171
f 1066/1/6172 1076/1/6172 1065/1/6172
f 1067/1/6173 1077/1/6173 1066/1/6173
f 1068/1/6174 1078/1/6174 1067/1/6174
f 1070/1/6175 1080/1/6175 1069/1/6175
f 1071/1/6176 1081/1/6176 1070/1/6176
f 1072/1/6177 1082/1/6177 1071/1/6177
f 1073/1/6178 1083/1/6178 1072/1/6178
f 1074/1/6179 1084/1/6179 1073/1/6179
f 1075/1/6180 1085/1/6180 1074/1/6180
f 1076/1/6181 1086/1/6181 1075/1/6181
f 1077/1/6182 1087/1/6182 1076/1/6182
f 1078/1/6183 1088/1/6183 1077/1/6183
f 1079/1/6184 1089/1/6184 1078/1/6184
f 1081/1/6185 1091/1/6185 1080/1/6185
f 1082/1/6186 1092/1/6186 1081/1/6186
f 1083/1/6187 1093/1/6187 1082/1/6187
f 1084/1/6188 1094/1/6188 1083/1/6188
f 1085/1/6189 1095/1/6189 1084/1/6189
f 1086/1/6190 1096/1/6190 1085/1/6190
f 1087/1/6191 1097/1/6191 1086/1/6191
f 1088/1/6192 1098/1/6192 1087/1/6192
f 1089/1/6193 1099/1/6193 1088/1/6193
f 1090/1/6194 1100/1/6194 1089/1/6194
f 1092/1/6195 1102/1/6195 1091/1/6195
f 1093/1/6196 1103/1/6196 1092/1/6196
f 1094/1/6197 1104/1/6197 1093/1/6197
f 1095/1/6198 1105/1/6198 1094/1/6198
f 1096/1/6199 1106/1/6199 1095/1/6199
f 1097/1/6200 1107/1/6200 1096/1/6200
f 1098/1/6201 1108/1/6201 1097/1/6201
f 1099/1/6202 1109/1/6202 1098/1/6202
f 1100/1/6203 1110/1/6203 1099/1/6203
f 1101/1/6204 1111/1/6204 1100/1/6204
f 993/1/6205 1004/1/6205 1003/1/6205
f 994/1/6206 1005/1/6206 1004/1/6206
f 995/1/6207 1006/1/6207 1005/1/6207
f 996/1/6208 1007/1/6208 1006/1/6208
f 997/1/6209 1008/1/6209 1007/1/6209
f 998/1/6210 1009/1/6210 1008/1/6210
f 999/1/6211 1010/1/6211 1009/1/6211
f 1000/1/6212 1011/1/6212 1010/1/6212
f 1001/1/6213 1012/1/6213 1011/1/6213
f 1002/1/6214 1013/1/6214 1012/1/6214
f 1004/1/6215 1015/1/6215 1014/1/6215
f 1005/1/6216 1016/1/6216 1015/1/6216
f 1006/1/6217 1017/1/6217 1016/1/6217
f 1007/1/6218 1018/1/6218 1017/1/6218
f 1008/1/6219 1019/1/6219 1018/1/6219
f 1009/1/6220 1020/1/6220 1019/1/6220
f 1010/1/6221 1021/1/6221 1020/1/6221
f 1011/1/6222 1022/1/6222 1021/1/6222
f 1012/1/6223 1023/1/6223 1022/1/6223
f 1013/1/6224 1024/1/6224 1023/1/6224
f 1015/1/6225 1026/1/6225 1025/1/6225
f 1016/1/6226 1027/1/6226 1026/1/6226
f 1017/1/6227 1028/1/6227 1027/1/6227
f 1018/1/6228 1029/1/6228 1028/1/6228
f 1019/1/6229 1030/1/6229 1029/1/6229
f 1020/1/6230 1031/1/6230 1030/1/6230
f 1021/1/6231 1032/1/6231 1031/1/6231
f 1022/1/6232 1033/1/6232 1032/1/6232
f 1023/1/6233 1034/1/6233 1033/1/6233
f 1024/1/6234 1035/1/6234 1034/1/6234
f 1026/1/6235 1037/1/6235 1036/1/6235
f 1027/1/6236 1038/1/6236 1037/1/6236
f 1028/1/6237 1039/1/6237 1038/1/6237
f 1029/1/6238 1040/1/6238 1039/1/6238
f 1030/1/6239 1041/1/6239 1040/1/6239
f 1031/1/6240 1042/1/6240 1041/1/6240
f 1032/1/6241 1043/1/6241 1042/1/6241
f 1033/1/6242 1044/1/6242 1043/1/6242
f 1034/1/6243 1045/1/6243 1044/1/6243
f 1035/1/6244 1046/1/6244 1045/1/6244
f 1037/1/6245 1048/1/6245 1047/1/6245
f 1038/1/6246 1049/1/6246 1048/1/6246
f 1039/1/6247 1050/1/6247 1049/1/6247
f 1040/1/6248 1051/1/6248 1050/1/6248
f 1041/1/6249 1052/1/6249 1051/1/6249
f 1042/1/6250 1053/1/6250 1052/1/6250
f 1043/1/6251 1054/1/6251 1053/1/6251
f 1044/1/6252 1055/1/6252 1054/1/6252
f 1045/1/6253 1056/1/6253 1055/1/6253
f 1046/1/6254 1057/1/6254 1056/1/6254
f 1048/1/6255 1059/1/6255 1058/1/6255
f 1049/1/6256 1060/1/6256 1059/1/6256
f 1050/1/6257 1061/1/6257 1060/1/6257
f 1051/1/6258 1062/1/6258 1061/1/6258
f 1052/1/6259 1063/1/6259 1062/1/6259
f 1053/1/6260 1064/1/6260 1063/1/6260
f 1054/1/6261 1065/1/6261 1064/1/6261
f 1055/1/6262 1066/1/6262 1065/1/6262
f 1056/1/6263 1067/1/6263 1066/1/6263
f 1057/1/6264 1068/1/6264 1067/1/6264
f 1059/1/6265 1070/1/6265 1069/1/6265
f 1060/1/6266 1071/1/6266 1070/1/6266
f 1061/1/6267 1072/1/6267 1071/1/6267
f 1062/1/6268 1073/1/6268 1072/1/6268
f 1063/1/6269 1074/1/6269 1073/1/6269
f 1064/1/6270 1075/1/6270 1074/1/6270
f 1065/1/6271 1076/1/6271 1075/1/6271
f 1066/1/6272 1077/1/6272 1076/1/6272
f 1067/1/6273 1078/1/6273 1077/1/6273
f 1068/1/6274 1079/1/6274 1078/1/6274
f 1070/1/6275 1081/1/6275 1080/1/6275
f 1071/1/6276 1082/1/6276 1081/1/6276
f 1072/1/6277 1083/1/6277 1082/1/6277
f 1073/1/6278 1084/1/6278 1083/1/6278
f 1074/1/6279 1085/1/6279 1084/1/6279
f 1075/1/6280 1086/1/6280 1085/1/6280
f 1076/1/6281 1087/1/6281 1086/1/6281
f 1077/1/6282 1088/1/6282 1087/1/6282
f 1078/1/6283 1089/1/6283 1088/1/6283
f 1079/1/6284 1090/1/6284 1089/1/6284
f 1081/1/6285 1092/1/6285 1091/1/6285
f 1082/1/6286 1093/1/6286 1092/1/6286
f 1083/1/6287 1094/1/6287 1093/1/6287
f 1084/1/6288 1095/1/6288 1094/1/6288
f 1085/1/6289 1096/1/6289 1095/1/6289
f 1086/1/6290 1097/1/6290 1096/1/6290
f 1087/1/6291 1098/1/6291 1097/1/6291
f 1088/1/6292 1099/1/6292 1098/1/6292
f 1089/1/6293 1100/1/6293 1099/1/6293
f 1090/1/6294 1101/1/6294 1100/1/6294
f 1092/1/6295 1103/1/6295 1102/1/6295
f 1093/1/6296 1104/1/6296 1103/1/6296
f 1094/1/6297 1105/1/6297 1104/1/6297
f 1095/1/6298 1106/1/6298 1105/1/6298
f 1096/1/6299 1107/1/6299 1106/1/6299
f 1097/1/6300 1108/1/6300 1107/1/6300
f 1098/1/6301 1109/1/6301 1108/1/6301
f 1099/1/6302 1110/1/6302 1109/1/6302
f 1100/1/6303 1111/1/6303 1110/1/6303
f 1101/1/6304 1112/1/6304 1111/1/6304
f 1113/1/6305 992/1/6305 1003/1/6305
f 1114/1/6306 1113/1/6306 1123/1/6306
f 1115/1/6307 1114/1/6307 1124/1/6307
f 1116/1/6308 1115/1/6308 1125/1/6308
f 1117/1/6309 1116/1/6309 1126/1/6309
f 1118/1/6310 1117/1/6310 1127/1/6310
f 1119/1/6311 1118/1/6311 1128/1/6311
f 1120/1/6312 1119/1/6312 1129/1/6312
f 1121/1/6313 1120/1/6313 1130/1/6313
f 1122/1/6314 1121/1/6314 1131/1/6314
f 1123/1/6315 1003/1/6315 1014/1/6315
f 1124/1/6316 1123/1/6316 1133/1/6316
f 1125/1/6317 1124/1/6317 1134/1/6317
f 1126/1/6318 1125/1/6318 1135/1/6318
f 1127/1/6319 1126/1/6319 1136/1/6319
f 1128/1/6320 1127/1/6320 1137/1/6320
f 1129/1/6321 1128/1/6321 1138/1/6321
f 1130/1/6322 1129/1/6322 1139/1/6322
f 1131/1/6323 1130/1/6323 1140/1/6323
f 1132/1/6324 1131/1/6324 1141/1/6324
f 1133/1/6325 1014/1/6325 1025/1/6325
f 1134/1/6326 1133/1/6326 1143/1/6326
f 1135/1/6327 1134/1/6327 1144/1/6327
f 1136/1/6328 1135/1/6328 1145/1/6328
f 1137/1/6329 1136/1/6329 1146/1/6329
f 1138/1/6330 1137/1/6330 1147/1/6330
f 1139/1/6331 1138/1/6331 1148/1/6331
f 1140/1/6332 1139/1/6332 1149/1/6332
f 1141/1/6333 1140/1/6333 1150/1/6333
f 1142/1/6334 1141/1/6334 1151/1/6334
f 1143/1/6335 1025/1/6335 1036/1/6335
f 1144/1/6336 1143/1/6336 1153/1/6336
f 1145/1/6337 1144/1/6337 1154/1/6337
f 1146/1/6338 1145/1/6338 1155/1/6338
f 1147/1/6339 1146/1/6339 1156/1/6339
f 1148/1/6340 1147/1/6340 1157/1/6340
f 1149/1/6341 1148/1/6341 1158/1/6341
f 1150/1/6342 1149/1/6342 1159/1/6342
f 1151/1/6343 1150/1/6343 1160/1/6343
f 1152/1/6344 1151/1/6344 1161/1/6344
f 1153/1/6345 1036/1/6345 1047/1/6345
f 1154/1/6346 1153/1/6346 1163/1/6346
f 1155/1/6347 1154/1/6347 1164/1/6347
f 1156/1/6348 1155/1/6348 1165/1/6348
f 1157/1/6349 1156/1/6349 1166/1/6349
f 1158/1/6350 1157/1/6350 1167/1/6350
f 1159/1/6351 1158/1/6351 1168/1/6351
f 1160/1/6352 1159/1/6352 1169/1/6352
f 1161/1/6353 1160/1/6353 1170/1/6353
f 1162/1/6354 1161/1/6354 1171/1/6354
f 1163/1/6355 1047/1/6355 1058/1/6355
f 1164/1/6356 1163/1/6356 1173/1/6356
f 1165/1/6357 1164/1/6357 1174/1/6357
f 1166/1/6358 1165/1/6358 1175/1/6358
f 1167/1/6359 1166/1/6359 1176/1/6359
f 1168/1/6360 1167/1/6360 1177/1/6360
f 1169/1/6361 1168/1/6361 1178/1/6361
f 1170/1/6362 1169/1/6362 1179/1/6362
f 1171/1/6363 1170/1/6363 1180/1/6363
f 1172/1/6364 1171/1/6364 1181/1/6364
f 1173/1/6365 1058/1/6365 1069/1/6365
f 1174/1/6366 1173/1/6366 1183/1/6366
f 1175/1/6367 1174/1/6367 1184/1/6367
f 1176/1/6368 1175/1/6368 1185/1/6368
f 1177/1/6369 1176/1/6369 1186/1/6369
f 1178/1/6370 1177/1/6370 1187/1/6370
f 1179/1/6371 1178/1/6371 1188/1/6371
f 1180/1/6372 1179/1/6372 1189/1/6372
f 1181/1/6373 1180/1/6373 1190/1/6373
f 1182/1/6374 1181/1/6374 1191/1/6374
f 1183/1/6375 1069/1/6375 1080/1/6375
f 1184/1/6376 1183/1/6376 1193/1/6376
f 1185/1/6377 1184/1/6377 1194/1/6377
f 1186/1/6378 1185/1/6378 1195/1/6378
f 1187/1/6379 1186/1/6379 1196/1/6379
f 1188/1/6380 1187/1/6380 1197/1/6380
f 1189/1/6381 1188/1/6381 1198/1/6381
f 1190/1/6382 1189/1/6382 1199/1/6382
f 1191/1/6383 1190/1/6383 1200/1/6383
f 1192/1/6384 1191/1/6384 1201/1/6384
f 1193/1/6385 1080/1/6385 1091/1/6385
f 1194/1/6386 1193/1/6386 1203/1/6386
f 1195/1/6387 1194/1/6387 1204/1/6387
f 1196/1/6388 1195/1/6388 1205/1/6388
f 1197/1/6389 1196/1/6389 1206/1/6389
f 1198/1/6390 1197/1/6390 1207/1/6390
f 1199/1/6391 1198/1/6391 1208/1/6391
f 1200/1/6392 1199/1/6392 1209/1/6392
f 1201/1/6393 1200/1/6393 1210/1/6393
f 1202/1/6394 1201/1/6394 1211/1/6394
f 1203/1/6395 1091/1/6395 1102/1/6395
f 1204/1/6396 1203/1/6396 1213/1/6396
f 1205/1/6397 1204/1/6397 1214/1/6397
f 1206/1/6398 1205/1/6398 1215/1/6398
f 1207/1/6399 1206/1/6399 1216/1/6399
f 1208/1/6400 1207/1/6400 1217/1/6400
f 1209/1/6401 1208/1/6401 1218/1/6401
f 1210/1/6402 1209/1/6402 1219/1/6402
f 1211/1/6403 1210/1/6403 1220/1/6403
f 1212/1/6404 1211/1/6404 1221/1/6404
f 1113/1/6405 1003/1/6405 1123/1/6405
f 1114/1/6406 1123/1/6406 1124/1/6406
f 1115/1/6407 1124/1/6407 1125/1/6407
f 1116/1/6408 1125/1/6408 1126/1/6408
f 1117/1/6409 1126/1/6409 1127/1/6409
f 1118/1/6410 1127/1/6410 1128/1/6410
f 1119/1/6411 1128/1/6411 1129/1/6411
f 1120/1/6412 1129/1/6412 1130/1/6412
f 1121/1/6413 1130/1/6413 1131/1/6413
f 1122/1/6414 1131/1/6414 1132/1/6414
f 1123/1/6415 1014/1/6415 1133/1/6415
f 1124/1/6416 1133/1/6416 1134/1/6416
f 1125/1/6417 1134/1/6417 1135/1/6417
f 1126/1/6418 1135/1/6418 1136/1/6418
f 1127/1/6419 1136/1/6419 1137/1/6419
f 1128/1/6420 1137/1/6420 1138/1/6420
f 1129/1/6421 1138/1/6421 1139/1/6421
f 1130/1/6422 1139/1/6422 1140/1/6422
f 1131/1/6423 1140/1/6423 1141/1/6423
f 1132/1/6424 1141/1/6424 1142/1/6424
f 1133/1/6425 1025/1/6425 1143/1/6425
f 1134/1/6426 1143/1/6426 1144/1/6426
f 1135/1/6427 1144/1/6427 1145/1/6427
f 1136/1/6428 1145/1/6428 1146/1/6428
f 1137/1/6429 1146/1/6429 1147/1/6429
f 1138/1/6430 1147/1/6430 1148/1/6430
f 1139/1/6431 1148/1/6431 1149/1/6431
f 1140/1/6432 1149/1/6432 1150/1/6432
f 1141/1/6433 1150/1/6433 1151/1/6433
f 1142/1/6434 1151/1/6434 1152/1/6434
f 1143/1/6435 1036/1/6435 1153/1/6435
f 1144/1/6436 1153/1/6436 1154/1/6436
f 1145/1/6437 1154/1/6437 1155/1/6437
f 1146/1/6438 1155/1/6438 1156/1/6438
f 1147/1/6439 1156/1/6439 1157/1/6439
f 1148/1/6440 1157/1/6440 1158/1/6440
f 1149/1/6441 1158/1/6441 1159/1/6441
f 1150/1/6442 1159/1/6442 1160/1/6442
f 1151/1/6443 1160/1/6443 1161/1/6443
f 1152/1/6444 1161/1/6444 1162/1/6444
f 1153/1/6445 1047/1/6445 1163/1/6445
f 1154/1/6446 1163/1/6446 1164/1/6446
f 1155/1/6447 1164/1/6447 1165/1/6447
f 1156/1/6448 1165/1/6448 1166/1/6448
f 1157/1/6449 1166/1/6449 1167/1/6449
f 1158/1/6450 1167/1/6450 1168/1/6450
f 1159/1/6451 1168/1/6451 1169/1/6451
f 1160/1/6452 1169/1/6452 1170/1/6452
f 1161/1/6453 1170/1/6453 1171/1/6453
f 1162/1/6454 1171/1/6454 1172/1/6454
f 1163/1/6455 1058/1/6455 1173/1/6455
f 1164/1/6456 1173/1/6456 1174/1/6456
f 1165/1/6457 1174/1/6457 1175/1/6457
f 1166/1/6458 1175/1/6458 1176/1/6458
f 1167/1/6459 1176/1/6459 1177/1/6459
f 1168/1/6460 1177/1/6460 1178/1/6460
f 1169/1/6461 1178/1/6461 1179/1/6461
f 1170/1/6462 1179/1/6462 1180/1/6462
f 1171/1/6463 1180/1/6463 1181/1/6463
f 1172/1/6464 1181/1/6464 1182/1/6464
f 1173/1/6465 1069/1/6465 1183/1/6465
f 1174/1/6466 1183/1/6466 1184/1/6466
f 1175/1/6467 1184/1/6467 1185/1/6467
f 1176/1/6468 1185/1/6468 1186/1/6468
f 1177/1/6469 1186/1/6469 1187/1/6469
f 1178/1/6470 1187/1/6470 1188/1/6470
f 1179/1/6471 1188/1/6471 1189/1/6471
f 1180/1/6472 1189/1/6472 1190/1/6472
f 1181/1/6473 1190/1/6473 1191/1/6473
f 1182/1/6474 1191/1/6474 1192/1/6474
f 1183/1/6475 1080/1/6475 1193/1/6475
f 1184/1/6476 1193/1/6476 1194/1/6476
f 1185/1/6477 1194/1/6477 1195/1/6477
f 1186/1/6478 1195/1/6478 1196/1/6478
f 1187/1/6479 1196/1/6479 1197/1/6479
f 1188/1/6480 1197/1/6480 1198/1/6480
f 1189/1/6481 1198/1/6481 1199/1/6481
f 1190/1/6482 1199/1/6482 1200/1/6482
f 1191/1/6483 1200/1/6483 1201/1/6483
f 1192/1/6484 1201/1/6484 1202/1/6484
f 1193/1/6485 1091/1/6485 1203/1/6485
f 1194/1/6486 1203/1/6486 1204/1/6486
f 1195/1/6487 1204/1/6487 1205/1/6487
f 1196/1/6488 1205/1/6488 1206/1/6488
f 1197/1/6489 1206/1/6489 1207/1/6489
f 1198/1/6490 1207/1/6490 1208/1/6490
f 1199/1/6491 1208/1/6491 1209/1/6491
f 1200/1/6492 1209/1/6492 1210/1/6492
f 1201/1/6493 1210/1/6493 1211/1/6493
f 1202/1/6494 1211/1/6494 1212/1/6494
f 1203/1/6495 1102/1/6495 1213/1/6495
f 1204/1/6496 1213/1/6496 1214/1/6496
f 1205/1/6497 1214/1/6497 1215/1/6497
f 1206/1/6498 1215/1/6498 1216/1/6498
f 1207/1/6499 1216/1/6499 1217/1/6499
f 1208/1/6500 1217/1/6500 1218/1/6500
f 1209/1/6501 1218/1/6501 1219/1/6501
f 1210/1/6502 1219/1/6502 1220/1/6502
f 1211/1/6503 1220/1/6503 1221/1/6503
f 1212/1/6504 1221/1/6504 1222/1/6504
f 993/1/6505 992/1/6505 1223/1/6505
f 994/1/6506 993/1/6506 1224/1/6506
f 995/1/6507 994/1/6507 1225/1/6507
f 996/1/6508 995/1/6508 1226/1/6508
f 997/1/6509 996/1/6509 1227/1/6509
f 998/1/6510 997/1/6510 1228/1/6510
f 999/1/6511 998/1/6511 1229/1/6511
f 1000/1/6512 999/1/6512 1230/1/6512
f 1001/1/6513 1000/1/6513 1231/1/6513
f 1002/1/6514 1001/1/6514 1232/1/6514
f 1224/1/6515 1223/1/6515 1234/1/6515
f 1225/1/6516 1224/1/6516 1235/1/6516
f 1226/1/6517 1225/1/6517 1236/1/6517
f 1227/1/6518 1226/1/6518 1237/1/6518
f 1228/1/6519 1227/1/6519 1238/1/6519
f 1229/1/6520 1228/1/6520 1239/1/6520
f 1230/1/6521 1229/1/6521 1240/1/6521
f 1231/1/6522 1230/1/6522 1241/1/6522
f 1232/1/6523 1231/1/6523 1242/1/6523
f 1233/1/6524 1232/1/6524 1243/1/6524
f 1235/1/6525 1234/1/6525 1245/1/6525
f 1236/1/6526 1235/1/6526 1246/1/6526
f 1237/1/6527 1236/1/6527 1247/1/6527
f 1238/1/6528 1237/1/6528 1248/1/6528
f 1239/1/6529 1238/1/6529 1249/1/6529
f 1240/1/6530 1239/1/6530 1250/1/6530
f 1241/1/6531 1240/1/6531 1251/1/6531
f 1242/1/6532 1241/1/6532 1252/1/6532
f 1243/1/6533 1242/1/6533 1253/1/6533
f 1244/1/6534 1243/1/6534 1254/1/6534
f 1246/1/6535 1245/1/6535 1256/1/6535
f 1247/1/6536 1246/1/6536 1257/1/6536
f 1248/1/6537 1247/1/6537 1258/1/6537
f 1249/1/6538 1248/1/6538 1259/1/6538
f 1250/1/6539 1249/1/6539 1260/1/6539
f 1251/1/6540 1250/1/6540 1261/1/6540
f 1252/1/6541 1251/1/6541 1262/1/6541
f 1253/1/6542 1252/1/6542 1263/1/6542
f 1254/1/6543 1253/1/6543 1264/1/6543
f 1255/1/6544 1254/1/6544 1265/1/6544
f 1257/1/6545 1256/1/6545 1267/1/6545
f 1258/1/6546 1257/1/6546 1268/1/6546
f 1259/1/6547 1258/1/6547 1269/1/6547
f 1260/1/6548 1259/1/6548 1270/1/6548
f 1261/1/6549 1260/1/6549 1271/1/6549
f 1262/1/6550 1261/1/6550 1272/1/6550
f 1263/1/6551 1262/1/6551 1273/1/6551
f 1264/1/6552 1263/1/6552 1274/1/6552
f 1265/1/6553 1264/1/6553 1275/1/6553
f 1266/1/6554 1265/1/6554 1276/1/6554
f 1268/1/6555 1267/1/6555 1278/1/6555
f 1269/1/6556 1268/1/6556 1279/1/6556
f 1270/1/6557 1269/1/6557 1280/1/6557
f 1271/1/6558 1270/1/6558 1281/1/6558
f 1272/1/6559 1271/1/6559 1282/1/6559
f 1273/1/6560 1272/1/6560 1283/1/6560
f 1274/1/6561 1273/1/6561 1284/1/6561
f 1275/1/6562 1274/1/6562 1285/1/6562
f 1276/1/6563 1275/1/6563 1286/1/6563
f 1277/1/6564 1276/1/6564 1287/1/6564
f 1279/1/6565 1278/1/6565 1289/1/6565
f 1280/1/6566 1279/1/6566 1290/1/6566
f 1281/1/6567 1280/1/6567 1291/1/6567
f 1282/1/6568 1281/1/6568 1292/1/6568
f 1283/1/6569 1282/1/6569 1293/1/6569
f 1284/1/6570 1283/1/6570 1294/1/6570
f 1285/1/6571 1284/1/6571 1295/1/6571
f 1286/1/6572 1285/1/6572 1296/1/6572
f 1287/1/6573 1286/1/6573 1297/1/6573
f 1288/1/6574 1287/1/6574 1298/1/6574
f 1290/1/6575 1289/1/6575 1300/1/6575
f 1291/1/6576 1290/1/6576 1301/1/6576
f 1292/1/6577 1291/1/6577 1302/1/6577
f 1293/1/6578 1292/1/6578 1303/1/6578
f 1294/1/6579 1293/1/6579 1304/1/6579
f 1295/1/6580 1294/1/6580 1305/1/6580
f 1296/1/6581 1295/1/6581 1306/1/6581
f 1297/1/6582 1296/1/6582 1307/1/6582
f 1298/1/6583 1297/1/6583 1308/1/6583
f 1299/1/6584 1298/1/6584 1309/1/6584
f 1301/1/6585 1300/1/6585 1311/1/6585
f 1302/1/6586 1301/1/6586 1312/1/6586
f 1303/1/6587 1302/1/6587 1313/1/6587
f 1304/1/6588 1303/1/6588 1314/1/6588
f 1305/1/6589 1304/1/6589 1315/1/6589
f 1306/1/6590 1305/1/6590 1316/1/6590
f 1307/1/6591 1306/1/6591 1317/1/6591
f 1308/1/6592 1307/1/6592 1318/1/6592
f 1309/1/6593 1308/1/6593 1319/1/6593
f 1310/1/6594 1309/1/6594 1320/1/6594
f 1312/1/6595 1311/1/6595 1322/1/6595
f 1313/1/6596 1312/1/6596 1323/1/6596
f 1314/1/6597 1313/1/6597 1324/1/6597
f 1315/1/6598 1314/1/6598 1325/1/6598
f 1316/1/6599 1315/1/6599 1326/1/6599
f 1317/1/6600 1316/1/6600 1327/1/6600
f 1318/1/6601 1317/1/6601 1328/1/6601
f 1319/1/6602 1318/1/6602 1329/1/6602
f 1320/1/6603 1319/1/6603 1330/1/6603
f 1321/1/6604 1320/1/6604 1331/1/6604
f 993/1/6605 1223/1/6605 1224/1/6605
f 994/1/6606 1224/1/6606 1225/1/6606
f 995/1/6607 1225/1/6607 1226/1/6607
f 996/1/6608 1226/1/6608 1227/1/6608
f 997/1/6609 1227/1/6609 1228/1/6609
f 998/1/6610 1228/1/6610 1229/1/6610
f 999/1/6611 1229/1/6611 1230/1/6611
f 1000/1/6612 1230/1/6612 1231/1/6612
f 1001/1/6613 1231/1/6613 1232/1/6613
f 1002/1/6614 1232/1/6614 1233/1/6614
f 1224/1/6615 1234/1/6615 1235/1/6615
f 1225/1/6616 1235/1/6616 1236/1/6616
f 1226/1/6617 1236/1/6617 1237/1/6617
f 1227/1/6618 1237/1/6618 1238/1/6618
f 1228/1/6619 1238/1/6619 1239/1/6619
f 1229/1/6620 1239/1/6620 1240/1/6620
f 1230/1/6621 1240/1/6621 1241/1/6621
f 1231/1/6622 1241/1/6622 1242/1/6622
f 1232/1/6623 1242/1/6623 1243/1/6623
f 1233/1/6624 1243/1/6624 1244/1/6624
f 1235/1/6625 1245/1/6625 1246/1/6625
f 1236/1/6626 1246/1/6626 1247/1/6626
f 1237/1/6627 1247/1/6627 1248/1/6627
f 1238/1/6628 1248/1/6628 1249/1/6628
f 1239/1/6629 1249/1/6629 1250/1/6629
f 1240/1/6630 1250/1/6630 1251/1/6630
f 1241/1/6631 1251/1/6631 1252/1/6631
f 1242/1/6632 1252/1/6632 1253/1/6632
f 1243/1/6633 1253/1/6633 1254/1/6633
f 1244/1/6634 1254/1/6634 1255/1/6634
f 1246/1/6635 1256/1/6635 1257/1/6635
f 1247/1/6636 1257/1/6636 1258/1/6636
f 1248/1/6637 1258/1/6637 1259/1/6637
f 1249/1/6638 1259/1/6638 1260/1/6638
f 1250/1/6639 1260/1/6639 1261/1/6639
f 1251/1/6640 1261/1/6640 1262/1/6640
f 1252/1/6641 1262/1/6641 1263/1/6641
f 1253/1/6642 1263/1/6642 1264/1/6642
f 1254/1/6643 1264/1/6643 1265/1/6643
f 1255/1/6644 1265/1/6644 1266/1/6644
f 1257/1/6645 1267/1/6645 1268/1/6645
f 1258/1/6646 1268/1/6646 1269/1/6646
f 1259/1/6647 1269/1/6647 1270/1/6647
f 1260/1/6648 1270/1/6648 1271/1/6648
f 1261/1/6649 1271/1/6649 1272/1/6649
f 1262/1/6650 1272/1/6650 1273/1/6650
f 1263/1/6651 1273/1/6651 1274/1/6651
f 1264/1/6652 1274/1/6652 1275/1/6652
f 1265/1/6653 1275/1/6653 1276/1/6653
f 1266/1/6654 1276/1/6654 1277/1/6654
f 1268/1/6655 1278/1/6655 1279/1/6655
f 1269/1/6656 1279/1/6656 1280/1/6656
f 1270/1/6657 1280/1/6657 1281/1/6657
f 1271/1/6658 1281/1/6658 1282/1/6658
f 1272/1/6659 1282/1/6659 1283/1/6659
f 1273/1/6660 1283/1/6660 1284/1/6660
f 1274/1/6661 1284/1/6661 1285/1/6661
f 1275/1/6662 1285/1/6662 1286/1/6662
f 1276/1/6663 1286/1/6663 1287/1/6663
f 1277/1/6664 1287/1/6664 1288/1/6664
f 1279/1/6665 1289/1/6665 1290/1/6665
f 1280/1/6666 1290/1/6666 1291/1/6666
f 1281/1/6667 1291/1/6667 1292/1/6667
f 1282/1/6668 1292/1/6668 1293/1/6668
f 1283/1/6669 1293/1/6669 1294/1/6669
f 1284/1/6670 1294/1/6670 1295/1/6670
f 1285/1/6671 1295/1/6671 1296/1/6671
f 1286/1/6672 1296/1/6672 1297/1/6672
f 1287/1/6673 1297/1/6673 1298/1/6673
f 1288/1/6674 1298/1/6674 1299/1/6674
f 1290/1/6675 1300/1/6675 1301/1/6675
f 1291/1/6676 1301/1/6676 1302/1/6676
f 1292/1/6677 1302/1/6677 1303/1/6677
f 1293/1/6678 1303/1/6678 1304/1/6678
f 1294/1/6679 1304/1/6679 1305/1/6679
f 1295/1/6680 1305/1/6680 1306/1/6680
f 1296/1/6681 1306/1/6681 1307/1/6681
f 1297/1/6682 1307/1/6682 1308/1/6682
f 1298/1/6683 1308/1/6683 1309/1/6683
f 1299/1/6684 1309/1/6684 1310/1/6684
f 1301/1/6685 1311/1/6685 1312/1/6685
f 1302/1/6686 1312/1/6686 1313/1/6686
f 1303/1/6687 1313/1/6687 1314/1/6687
f 1304/1/6688 1314/1/6688 1315/1/6688
f 1305/1/6689 1315/1/6689 1316/1/6689
f 1306/1/6690 1316/1/6690 1317/1/6690
f 1307/1/6691 1317/1/6691 1318/1/6691
f 1308/1/6692 1318/1/6692 1319/1/6692
f 1309/1/6693 1319/1/6693 1320/1/6693
f 1310/1/6694 1320/1/6694 1321/1/6694
f 1312/1/6695 1322/1/6695 1323/1/6695
f 1313/1/6696 1323/1/6696 1324/1/6696
f 1314/1/6697 1324/1/6697 1325/1/6697
f 1315/1/6698 1325/1/6698 1326/1/6698
f 1316/1/6699 1326/1/6699 1327/1/6699
f 1317/1/6700 1327/1/6700 1328/1/6700
f 1318/1/6701 1328/1/6701 1329/1/6701
f 1319/1/6702 1329/1/6702 1330/1/6702
f 1320/1/6703 1330/1/6703 1331/1/6703
f 1321/1/6704 1331/1/6704 1332/1/6704
f 1113/1/6705 1223/1/6705 992/1/6705
f 1114/1/6706 1333/1/6706 1113/1/6706
f 1115/1/6707 1334/1/6707 1114/1/6707
f 1116/1/6708 1335/1/6708 1115/1/6708
f 1117/1/6709 1336/1/6709 1116/1/6709
f 1118/1/6710 1337/1/6710 1117/1/6710
f 1119/1/6711 1338/1/6711 1118/1/6711
f 1120/1/6712 1339/1/6712 1119/1/6712
f 1121/1/6713 1340/1/6713 1120/1/6713
f 1122/1/6714 1341/1/6714 1121/1/6714
f 1333/1/6715 1234/1/6715 1223/1/6715
f 1334/1/6716 1343/1/6716 1333/1/6716
f 1335/1/6717 1344/1/6717 1334/1/6717
f 1336/1/6718 1345/1/6718 1335/1/6718
f 1337/1/6719 1346/1/6719 1336/1/6719
f 1338/1/6720 1347/1/6720 1337/1/6720
f 1339/1/6721 1348/1/6721 1338/1/6721
f 1340/1/6722 1349/1/6722 1339/1/6722
f 1341/1/6723 1350/1/6723 1340/1/6723
f 1342/1/6724 1351/1/6724 1341/1/6724
f 1343/1/6725 1245/1/6725 1234/1/6725
f 1344/1/6726 1353/1/6726 1343/1/6726
f 1345/1/6727 1354/1/6727 1344/1/6727
f 1346/1/6728 1355/1/6728 1345/1/6728
f 1347/1/6729 1356/1/6729 1346/1/6729
f 1348/1/6730 1357/1/6730 1347/1/6730
f 1349/1/6731 1358/1/6731 1348/1/6731
f 1350/1/6732 1359/1/6732 1349/1/6732
f 1351/1/6733 1360/1/6733 1350/1/6733
f 1352/1/6734 1361/1/6734 1351/1/6734
f 1353/1/6735 1256/1/6735 1245/1/6735
f 1354/1/6736 1363/1/6736 1353/1/6736
f 1355/1/6737 1364/1/6737 1354/1/6737
f 1356/1/6738 1365/1/6738 1355/1/6738
f 1357/1/6739 1366/1/6739 1356/1/6739
f 1358/1/6740 1367/1/6740 1357/1/6740
f 1359/1/6741 1368/1/6741 1358/1/6741
f 1360/1/6742 1369/1/6742 1359/1/6742
f 1361/1/6743 1370/1/6743 1360/1/6743
f 1362/1/6744 1371/1/6744 1361/1/6744
f 1363/1/6745 1267/1/6745 1256/1/6745
f 1364/1/6746 1373/1/6746 1363/1/6746
f 1365/1/6747 1374/1/6747 1364/1/6747
f 1366/1/6748 1375/1/6748 1365/1/6748
f 1367/1/6749 1376/1/6749 1366/1/6749
f 1368/1/6750 1377/1/6750 1367/1/6750
f 1369/1/6751 1378/1/6751 1368/1/6751
f 1370/1/6752 1379/1/6752 1369/1/6752
f 1371/1/6753 1380/1/6753 1370/1/6753
f 1372/1/6754 1381/1/6754 1371/1/6754
f 1373/1/6755 1278/1/6755 1267/1/6755
f 1374/1/6756 1383/1/6756 1373/1/6756
f 1375/1/6757 1384/1/6757 1374/1/6757
f 1376/1/6758 1385/1/6758 1375/1/6758
f 1377/1/6759 1386/1/6759 1376/1/6759
f 1378/1/6760 1387/1/6760 1377/1/6760
f 1379/1/6761 1388/1/6761 1378/1/6761
f 1380/1/6762 1389/1/6762 1379/1/6762
f 1381/1/6763 1390/1/6763 1380/1/6763
f 1382/1/6764 1391/1/6764 1381/1/6764
f 1383/1/6765 1289/1/6765 1278/1/6765
f 1384/1/6766 1393/1/6766 1383/1/6766
f 1385/1/6767 1394/1/6767 1384/1/6767
f 1386/1/6768 1395/1/6768 1385/1/6768
f 1387/1/6769 1396/1/6769 1386/1/6769
f 1388/1/6770 1397/1/6770 1387/1/6770
f 1389/1/6771 1398/1/6771 1388/1/6771
f 1390/1/6772 1399/1/6772 1389/1/6772
f 1391/1/6773 1400/1/6773 1390/1/6773
f 1392/1/6774 1401/1/6774 1391/1/6774
f 1393/1/6775 1300/1/6775 1289/1/6775
f 1394/1/6776 1403/1/6776 1393/1/6776
f 1395/1/6777 1404/1/6777 1394/1/6777
f 1396/1/6778 1405/1/6778 1395/1/6778
f 1397/1/6779 1406/1/6779 1396/1/6779
f 1398/1/6780 1407/1/6780 1397/1/6780
f 1399/1/6781 1408/1/6781 1398/1/6781
f 1400/1/6782 1409/1/6782 1399/1/6782
f 1401/1/6783 1410/1/6783 1400/1/6783
f 1402/1/6784 1411/1/6784 1401/1/6784
f 1403/1/6785 1311/1/6785 1300/1/6785
f 1404/1/6786 1413/1/6786 1403/1/6786
f 1405/1/6787 1414/1/6787 1404/1/6787
f 1406/1/6788 1415/1/6788 1405/1/6788
f 1407/1/6789 1416/1/6789 1406/1/6789
f 1408/1/6790 1417/1/6790 1407/1/6790
f 1409/1/6791 1418/1/6791 1408/1/6791
f 1410/1/6792 1419/1/6792 1409/1/6792
f 1411/1/6793 1420/1/6793 1410/1/6793
f 1412/1/6794 1421/1/6794 1411/1/6794
f 1413/1/6795 1322/1/6795 1311/1/6795
f 1414/1/6796 1423/1/6796 1413/1/6796
f 1415/1/6797 1424/1/6797 1414/1/6797
f 1416/1/6798 1425/1/6798 1415/1/6798
f 1417/1/6799 1426/1/6799 1416/1/6799
f 1418/1/6800 1427/1/6800 1417/1/6800
f 1419/1/6801 1428/1/6801 1418/1/6801
f 1420/1/6802 1429/1/6802 1419/1/6802
f 1421/1/6803 1430/1/6803 1420/1/6803
f 1422/1/6804 1431/1/6804 1421/1/6804
f 1113/1/6805 1333/1/6805 1223/1/6805
f 1114/1/6806 1334/1/6806 1333/1/6806
f 1115/1/6807 1335/1/6807 1334/1/6807
f 1116/1/6808 1336/1/6808 1335/1/6808
f 1117/1/6809 1337/1/6809 1336/1/6809
f 1118/1/6810 1338/1/6810 1337/1/6810
f 1119/1/6811 1339/1/6811 1338/1/6811
f 1120/1/6812 1340/1/6812 1339/1/6812
f 1121/1/6813 1341/1/6813 1340/1/6813
f 1122/1/6814 1342/1/6814 1341/1/6814
f 1333/1/6815 1343/1/6815 1234/1/6815
f 1334/1/6816 1344/1/6816 1343/1/6816
f 1335/1/6817 1345/1/6817 1344/1/6817
f 1336/1/6818 1346/1/6818 1345/1/6818
f 1337/1/6819 1347/1/6819 1346/1/6819
f 1338/1/6820 1348/1/6820 1347/1/6820
f 1339/1/6821 1349/1/6821 1348/1/6821
f 1340/1/6822 1350/1/6822 1349/1/6822
f 1341/1/6823 1351/1/6823 1350/1/6823
f 1342/1/6824 1352/1/6824 1351/1/6824
f 1343/1/6825 1353/1/6825 1245/1/6825
f 1344/1/6826 1354/1/6826 1353/1/6826
f 1345/1/6827 1355/1/6827 1354/1/6827
f 1346/1/6828 1356/1/6828 1355/1/6828
f 1347/1/6829 1357/1/6829 1356/1/6829
f 1348/1/6830 1358/1/6830 1357/1/6830
f 1349/1/6831 1359/1/6831 1358/1/6831
f 1350/1/6832 1360/1/6832 1359/1/6832
f 1351/1/6833 1361/1/6833 1360/1/6833
f 1352/1/6834 1362/1/6834 1361/1/6834
f 1353/1/6835 1363/1/6835 1256/1/6835
f 1354/1/6836 1364/1/6836 1363/1/6836
f 1355/1/6837 1365/1/6837 1364/1/6837
f 1356/1/6838 1366/1/6838 1365/1/6838
f 1357/1/6839 1367/1/6839 1366/1/6839
f 1358/1/6840 1368/1/6840 1367/1/6840
f 1359/1/6841 1369/1/6841 1368/1/6841
f 1360/1/6842 1370/1/6842 1369/1/6842
f 1361/1/6843 1371/1/6843 1370/1/6843
f 1362/1/6844 1372/1/6844 1371/1/6844
f 1363/1/6845 1373/1/6845 1267/1/6845
f 1364/1/6846 1374/1/6846 1373/1/6846
f 1365/1/6847 1375/1/6847 1374/1/6847
f 1366/1/6848 1376/1/6848 1375/1/6848
f 1367/1/6849 1377/1/6849 1376/1/6849
f 1368/1/6850 1378/1/6850 1377/1/6850
f 1369/1/6851 1379/1/6851 1378/1/6851
f 1370/1/6852 1380/1/6852 1379/1/6852
f 1371/1/6853 1381/1/6853 1380/1/6853
f 1372/1/6854 1382/1/6854 1381/1/6854
f 1373/1/6855 1383/1/6855 1278/1/6855
f 1374/1/6856 1384/1/6856 1383/1/6856
f 1375/1/6857 1385/1/6857 1384/1/6857
f 1376/1/6858 1386/1/6858 1385/1/6858
f 1377/1/6859 1387/1/6859 1386/1/6859
f 1378/1/6860 1388/1/6860 1387/1/6860
f 1379/1/6861 1389/1/6861 1388/1/6861
f 1380/1/6862 1390/1/6862 1389/1/6862
f 1381/1/6863 1391/1/6863 1390/1/6863
f 1382/1/6864 1392/1/6864 1391/1/6864
f 1383/1/6865 1393/1/6865 1289/1/6865
f 1384/1/6866 1394/1/6866 1393/1/6866
f 1385/1/6867 1395/1/6867 1394/1/6867
f 1386/1/6868 1396/1/6868 1395/1/6868
f 1387/1/6869 1397/1/6869 1396/1/6869
f 1388/1/6870 1398/1/6870 1397/1/6870
f 1389/1/6871 1399/1/6871 1398/1/6871
f 1390/1/6872 1400/1/6872 1399/1/6872
f 1391/1/6873 1401/1/6873 1400/1/6873
f 1392/1/6874 1402/1/6874 1401/1/6874
f 1393/1/6875 1403/1/6875 1300/1/6875
f 1394/1/6876 1404/1/6876 1403/1/6876
f 1395/1/6877 1405/1/6877 1404/1/6877
f 1396/1/6878 1406/1/6878 1405/1/6878
f 1397/1/6879 1407/1/6879 1406/1/6879
f 1398/1/6880 1408/1/6880 1407/1/6880
f 1399/1/6881 1409/1/6881 1408/1/6881
f 1400/1/6882 1410/1/6882 1409/1/6882
f 1401/1/6883 1411/1/6883 1410/1/6883
f 1402/1/6884 1412/1/6884 1411/1/6884
f 1403/1/6885 1413/1/6885 1311/1/6885
f 1404/1/6886 1414/1/6886 1413/1/6886
f 1405/1/6887 1415/1/6887 1414/1/6887
f 1406/1/6888 1416/1/6888 1415/1/6888
f 1407/1/6889 1417/1/6889 1416/1/6889
f 1408/1/6890 1418/1/6890 1417/1/6890
f 1409/1/6891 1419/1/6891 1418/1/6891
f 1410/1/6892 1420/1/6892 1419/1/6892
f 1411/1/6893 1421/1/6893 1420/1/6893
f 1412/1/6894 1422/1/6894 1421/1/6894
f 1413/1/6895 1423/1/6895 1322/1/6895
f 1414/1/6896 1424/1/6896 1423/1/6896
f 1415/1/6897 1425/1/6897 1424/1/6897
f 1416/1/6898 1426/1/6898 1425/1/6898
f 1417/1/6899 1427/1/6899 1426/1/6899
f 1418/1/6900 1428/1/6900 1427/1/6900
f 1419/1/6901 1429/1/6901 1428/1/6901
f 1420/1/6902 1430/1/6902 1429/1/6902
f 1421/1/6903 1431/1/6903 1430/1/6903
f 1422/1/6904 1432/1/6904 1431/1/6904
